duplicate_group_id,duplicate_count,source_entries,Material,Text,Tensile_value,Yield_value,Elongation_value,cluster_number,cluster_label
1109,3,"1111,1145,2408",ASTM A514 Steel,"Grade Q, Plate Thickness 19 - 64 mm",828.0,690.0,18.0,11,plate – no special treatment – general-purpose steel
1110,3,"1112,1184,2384",ASTM A514 Steel,"Grade P, Plate Thickness 64 - 150 mm",793.0,620.0,16.0,11,plate – no special treatment – general-purpose steel
1111,3,"1113,1135,2366",ASTM A514 Steel,"Grade Q, Plate Thickness _ 19 mm",828.0,690.0,18.0,11,plate – no special treatment – general-purpose steel
1112,3,"1114,1301,2447",ASTM A514 Steel,"Grade P, Plate Thickness 19 - 64 mm",828.0,690.0,18.0,11,plate – no special treatment – general-purpose steel
1113,3,"1115,1140,2443",ASTM A514 Steel,"Grade Q, Plate Thickness 64 - 120 mm",793.0,620.0,16.0,11,plate – no special treatment – general-purpose steel
1114,3,"1116,1129,2739",ASTM A514 Steel,"Grade P, Plate Thickness _ 19 mm",828.0,690.0,18.0,11,plate – no special treatment – general-purpose steel
1115,3,"1117,1142,2362",ASTM A709 Steel,"Grade 100 And 100W, > 64 mm & < 100 mm",690.0,620.0,17.0,1,Hot rolled – general construction steel
1116,3,"1118,1147,2433",ASTM A710 Steel,"Grade A, Class 3, 6.4 - 50 mm Inclusive",585.0,515.0,20.0,1,Hot rolled – general construction steel
1117,3,"1119,1136,2578",ASTM A710 Steel,"Grade A, Class 2, 6.4 - 25 mm Inclusive",495.0,450.0,20.0,1,Hot rolled – general construction steel
1118,3,"1120,1144,2613",ASTM A709 Steel,"Grade 100 And 100W, _ 64 mm",760.0,690.0,18.0,1,Hot rolled – general construction steel
1119,3,"1121,1287,2524",ASTM A710 Steel,"Grade A, Class 2, Thickness > 50 mm",450.0,380.0,20.0,1,Hot rolled – general construction steel
1120,3,"1122,1213,2496",ASTM A710 Steel,"Grade A, Class 3, Thickness > 50 mm",515.0,450.0,20.0,1,Hot rolled – general construction steel
1121,3,"1123,1285,2731",ASTM A387 Alloy Steel,"Grade 9, Class 2",515.0,310.0,18.0,1,Hot rolled – general construction steel
1122,3,"1124,1550,2918",ASTM A387 Alloy Steel,"Grade 5, Class 1",415.0,205.0,18.0,1,Hot rolled – general construction steel
1123,3,"1130,1416,2751",ASTM A387 Alloy Steel,Grade 91,585.0,415.0,18.0,1,Hot rolled – general construction steel
1124,3,"1132,1133,2414",ASTM A710 Steel,"Grade A, Class 1, 8 - 19 mm Inclusive",620.0,550.0,20.0,1,Hot rolled – general construction steel
1126,3,"1137,1362,2719",ASTM A387 Alloy Steel,"Grade 9, Class 1",415.0,205.0,18.0,1,Hot rolled – general construction steel
1128,3,"1146,1178,2353",ASTM A709 Steel,"Grade 50 And 50W, _ 100 mm",451.0,345.0,18.0,1,Hot rolled – general construction steel
1129,3,"1155,1244,2403",ASTM A710 Steel,"Grade A, Class 2, 25 - 50 mm Inclusive",495.0,415.0,20.0,1,Hot rolled – general construction steel
1146,3,"1188,1305,2734",ASTM A387 Alloy Steel,"Grade 5, Class 2",515.0,310.0,18.0,1,Hot rolled – general construction steel
1151,3,"1193,1283,2757",ASTM A387 Alloy Steel,"Grade 7, Class 2",515.0,310.0,18.0,1,Hot rolled – general construction steel
1205,3,"1262,1379,2732",ASTM A387 Alloy Steel,"Grade 7, Class 1",415.0,205.0,18.0,1,Hot rolled – general construction steel
1,2,"1,2093",AISI 4023 Steel,"Normalized At 925C (1700F), Machined To 25 mm (1 In.) Rounds, Pseudocarburized At 925C (1700F), Box Cooled To Rt, Reheated To 800C (1470F) And Oil Quenched, 150C (300F) Temper",745.0,440.0,21.0,0,Carburized – quenched (oil) – wear-resistant surface steel
2,2,"2,2096",AISI 4027 Steel,"Water Quenched 865C (1590F), 540C (1000F) Temper, 100 mm (4 In.) Round",689.0,510.0,25.0,10,Quenched (water) & tempered – high-strength structural steel
3,2,"3,2099",AISI 4027 Steel,"Water Quenched 865C (1590F), 480C (900F) Temper, 50 mm (2 In.) Round",786.0,615.0,22.0,10,Quenched (water) & tempered – high-strength structural steel
4,2,"4,2214",AISI 4027 Steel,"Water Quenched 865C (1590F), 480C (900F) Temper, 25 mm (1 In.) Round",1035.0,917.0,16.0,10,Quenched (water) & tempered – high-strength structural steel
5,2,"5,2161",AISI 4027 Steel,"Water Quenched 865C (1590F), 595C (1100F) Temper, 50 mm (2 In.) Round",717.0,550.0,24.0,10,Quenched (water) & tempered – high-strength structural steel
6,2,"6,2090",AISI 4027 Steel,"Water Quenched 865C (1590F), 480C (900F) Temper, 100 mm (4 In.) Round",696.0,540.0,25.0,10,Quenched (water) & tempered – high-strength structural steel
7,2,"7,2103",AISI 4023 Steel,"Normalized At 925C (1700F), Machined To 13.7 mm (0.540 In.) Rounds, Pseudocarburized At 925C (1700F), Box Cooled To Rt, Reheated To 775C (1430F) And Oil Quenched, 150C (300F) Temper",931.0,620.0,14.0,0,Carburized – quenched (oil) – wear-resistant surface steel
8,2,"8,2087",AISI 4027 Steel,"Normalized, 25 mm (1 In.) Round",640.0,420.0,25.0,9,Normalized – general-purpose steel (round normalized stock)
9,2,"9,2098",AISI 4118 Steel,"Normalized At 910C (1670F), Air Cooled, 100 mm (4 In.) Round",521.0,341.0,34.0,4,Normalized (air cooled) – general-purpose steel
10,2,"10,2121",AISI 4118H Steel,"Normalized At 910C (1670F), Air Cooled, 50 mm (2 In.) Round",534.0,376.0,34.0,4,Normalized (air cooled) – general-purpose steel
11,2,"11,2095",AISI 4118 Steel,"Mock Carburized At 925C (1700F) For 8 Hours, Reheated To 830C (1525F), Oil Quenched, 150C (300F) Temper, 230C (450F) Temper, 25 mm (1 In.) Round",793.0,441.0,22.0,8,Carburized – quenched (oil) – wear-resistant surface steel (variant)
12,2,"12,2759",AISI 4130 Steel,"Water Quenched 855C (1570F), 595C (1100F) Temper, 13 mm (0.5 In.) Round",917.0,841.0,20.0,10,Quenched (water) & tempered – high-strength structural steel
13,2,"13,2158",AISI 4118 Steel,"Direct Quenched From Pot, Carburized, 150C (300F) Temper",1225.0,903.0,9.0,5,Carburized – quenched (oil) – wear-resistant surface steel (variant)
14,2,"14,2132",AISI 4118 Steel,"Mock Carburized At 925C (1700F) For 8 Hours, Reheated To 830C (1525F), Oil Quenched, 150C (300F) Temper, 150C (300F) Temper, 100 mm (4 In.) Round",641.0,300.0,28.0,8,Carburized – quenched (oil) – wear-resistant surface steel (variant)
15,2,"15,2824",AISI 4130 Steel,"Water Quenched 855C (1570F), 480C (900F) Temper, 100 mm (4 In.) Round",841.0,655.0,20.0,10,Quenched (water) & tempered – high-strength structural steel
16,2,"16,2825",AISI 4130H Steel,"Water Quenched 855C (1570F), 480C (900F) Temper, 25 mm (1 In.) Round",1110.0,951.0,14.0,10,Quenched (water) & tempered – high-strength structural steel
17,2,"17,2763",AISI 4130 Steel,"Water Quenched 855C (1570F), 595C (1100F) Temper, 50 mm (2 In.) Round",786.0,635.0,21.0,10,Quenched (water) & tempered – high-strength structural steel
18,2,"18,2764",AISI 4130 Steel,"Normalized At 870C (1600F), Air Cooled, 13 mm (0.5 In.) Round",731.0,460.0,25.0,4,Normalized (air cooled) – general-purpose steel
19,2,"19,2760",AISI 4130 Steel,"Normalized At 870C (1600F), Air Cooled, 100 mm (4 In.) Round",615.0,400.0,27.0,4,Normalized (air cooled) – general-purpose steel
20,2,"20,2266",AISI 4118H Steel,"Mock Carburized, 150C (300F) Temper, 14 mm (0.55 In.) Round",986.0,645.0,17.0,8,Carburized – quenched (oil) – wear-resistant surface steel (variant)
21,2,"21,2770",AISI 4140 Steel,"Normalized At 870C (1600F), Air Cooled, 100 mm (4 In.) Round",814.0,485.0,22.0,4,Normalized (air cooled) – general-purpose steel
22,2,"22,2830",AISI 4140 Steel,"Oil Quenched, 100 mm (4 In.) Round (845C (1550F) Quench, 650C (1200F) Temper)",772.0,580.0,23.0,6,Quenched (oil) & tempered – high-strength structural steel
23,2,"23,2776",AISI 4130 Steel,"Normalized At 870C (1600F), Air Cooled, 25 mm (1 In.) Round",670.0,435.0,25.0,4,Normalized (air cooled) – general-purpose steel
24,2,"24,2783",AISI 4130H Steel,Normalized At 870C (1600F),670.0,435.0,25.0,4,Normalized (air cooled) – general-purpose steel
25,2,"25,2879",AISI 4130H Steel,"Normalized At 870C (1600F), Air Cooled, 25 mm (1 In.) Round",670.0,435.0,25.0,4,Normalized (air cooled) – general-purpose steel
26,2,"26,2775",AISI 4140 Steel,"Oil Quenched, 25 mm (1 In.) Round (845C (1550F) Quench, 595C (1100F) Temper)",965.0,931.0,19.0,6,Quenched (oil) & tempered – high-strength structural steel
27,2,"27,2854",AISI 4140 Steel,"Oil Quenched, 50 mm (2 In.) Round (845C (1550F) Quench, 595C (1100F) Temper)",883.0,710.0,21.0,6,Quenched (oil) & tempered – high-strength structural steel
28,2,"28,2189",AISI 4118 Steel,"Annealed At 870C (1600F), Furnace Cooled At 11C (20F)/Hour, 25 mm (1 In.) Round",517.0,365.0,33.0,7,Annealed – easy-to-machine – round annealed stock
29,2,"29,2094",AISI 4118 Steel,"Normalized At 910C (1670F), Air Cooled, 25 mm (1 In.) Round",583.0,386.0,32.0,4,Normalized (air cooled) – general-purpose steel
30,2,"30,2939",AISI 4140 Steel,"Oil Quenched, 100 mm (4 In.) Round [845C (1550F) Quench, 540C (1000F) Temper]",883.0,685.0,19.0,6,Quenched (oil) & tempered – high-strength structural steel
31,2,"31,2599",AISI 4023 Steel,"Normalized At 925C (1700F), Machined To 25 mm (1 In.) Rounds, Pseudocarburized At 925C (1700F), Box Cooled To Rt, Reheated To 855C (1570F) And Oil Quenched, 150C (300F) Temper",786.0,495.0,22.0,0,Carburized – quenched (oil) – wear-resistant surface steel
32,2,"32,2102",AISI 4027 Steel,"Water Quenched 865C (1590F), 540C (1000F) Temper, 25 mm (1 In.) Round",958.0,841.0,18.0,10,Quenched (water) & tempered – high-strength structural steel
33,2,"33,2134",AISI 4027 Steel,"Water Quenched 865C (1590F), 540C (1000F) Temper, 14 mm (0.55 In.) Round",993.0,896.0,17.0,10,Quenched (water) & tempered – high-strength structural steel
34,2,"34,2188",AISI 4118 Steel,"Single Quenched And Tempered, Carburized, 150C (300F) Temper",986.0,650.0,18.0,5,Carburized – quenched (oil) – wear-resistant surface steel (variant)
35,2,"35,2766",AISI 4130H Steel,"Normalized At 870C (1600F), Air Cooled, 50 mm (2 In.) Round",615.0,425.0,28.0,4,Normalized (air cooled) – general-purpose steel
36,2,"36,2772",AISI 4140 Steel,"Normalized At 870C (1600F), Air Cooled, 25 mm (1 In.) Round",1020.0,655.0,17.0,4,Normalized (air cooled) – general-purpose steel
37,2,"37,2086",AISI 4027 Steel,"Normalized, 100 mm (4 In.) Round",565.0,350.0,28.0,9,Normalized – general-purpose steel (round normalized stock)
38,2,"38,2810",AISI 4140 Steel,"Oil Quenched, 315C (600F) Temper, 25 mm (1 In.) Round",1585.0,1345.0,11.0,6,Quenched (oil) & tempered – high-strength structural steel
39,2,"39,2789",AISI 4140 Steel,"Oil Quenched, 205C (400F) Temper, 25 mm (1 In.) Round",1795.0,1515.0,8.0,6,Quenched (oil) & tempered – high-strength structural steel
40,2,"40,2793",AISI 4130H Steel,"Water Quenched 855C (1570F), 540C (1000F) Temper, 50 mm (2 In.) Round",841.0,685.0,21.0,10,Quenched (water) & tempered – high-strength structural steel
41,2,"41,2872",AISI 4140 Steel,"Normalized At 870C (1600F), Air Cooled, 50 mm (2 In.) Round",972.0,635.0,16.0,4,Normalized (air cooled) – general-purpose steel
42,2,"42,2862",AISI 4140 Steel,"Normalized At 870C (1600F), Reheated To 845C (1550F), Oil Quenched, 370C (700F) Temper, 25 mm (1 In.) Round",1595.0,1460.0,12.0,0,Carburized – quenched (oil) – wear-resistant surface steel
43,2,"43,2198",AISI 4027 Steel,"Water Quenched 865C (1590F), 595C (1100F) Temper, 25 mm (1 In.) Round",786.0,640.0,23.0,10,Quenched (water) & tempered – high-strength structural steel
44,2,"44,2120",AISI 4118H Steel,"Normalized At 910C (1670F), Air Cooled, 25 mm (1 In.) Round",583.0,386.0,32.0,4,Normalized (air cooled) – general-purpose steel
45,2,"45,2110",AISI 4118 Steel,"Normalized At 910C (1670F), Air Cooled, 50 mm (2 In.) Round",534.0,376.0,34.0,4,Normalized (air cooled) – general-purpose steel
46,2,"46,2082",AISI 4027 Steel,"Water Quenched 865C (1590F), 480C (900F) Temper, 14 mm (0.55 In.) Round",1075.0,986.0,15.0,10,Quenched (water) & tempered – high-strength structural steel
47,2,"47,2767",AISI 4130 Steel,"Water Quenched 855C (1570F), 540C (1000F) Temper, 50 mm (2 In.) Round",841.0,685.0,21.0,10,Quenched (water) & tempered – high-strength structural steel
48,2,"48,2779",AISI 4130 Steel,"Annealed At 865C (1585F), Furnace Cooled 11C (20F)/Hour To 680C (1255F), Air Cooled, 25 mm (1 In.) Round",560.0,460.0,21.0,7,Annealed – easy-to-machine – round annealed stock
49,2,"49,2858",AISI 4140 Steel,"Normalized At 870C (1600F), Reheated To 845C (1550F), Oil Quenched, 260C (500F) Temper, 25 mm (1 In.) Round",1860.0,1655.0,11.0,0,Carburized – quenched (oil) – wear-resistant surface steel
50,2,"50,2794",AISI 4140 Steel,"Normalized At 870C (1600F), Reheated To 845C (1550F), Oil Quenched, 425C (800F) Temper, 25 mm (1 In.) Round",1450.0,1345.0,15.0,0,Carburized – quenched (oil) – wear-resistant surface steel
51,2,"51,2175",AISI 4118 Steel,"Normalized At 910C (1670F), Air Cooled, 14 mm (0.55 In.) Round",586.0,393.0,31.0,4,Normalized (air cooled) – general-purpose steel
52,2,"52,2805",AISI 4140H Steel,"Oil Quenched 845C (1550F), 595C (1100F) Temper, 100 mm (4 In.) Round",807.0,600.0,21.0,6,Quenched (oil) & tempered – high-strength structural steel
53,2,"53,2781",AISI 4130 Steel,Normalized At 870C (1600F),670.0,435.0,25.0,4,Normalized (air cooled) – general-purpose steel
54,2,"54,2814",AISI 4140 Steel,"Oil Quenched, 25 mm (1 In.) Round [845C (1550F) Quench, 540C (1000F) Temper]",1075.0,986.0,15.0,6,Quenched (oil) & tempered – high-strength structural steel
55,2,"55,2771",AISI 4130H Steel,"Water Quenched 855C (1570F), 595C (1100F) Temper, 100 mm (4 In.) Round",703.0,540.0,24.0,10,Quenched (water) & tempered – high-strength structural steel
56,2,"56,2774",AISI 4130H Steel,"Water Quenched 855C (1570F), 595C (1100F) Temper, 50 mm (2 In.) Round",786.0,635.0,21.0,10,Quenched (water) & tempered – high-strength structural steel
57,2,"57,2125",AISI 4023 Steel,"Normalized At 925C (1700F), Machined To 13.7 mm (0.540 In.) Rounds, Pseudocarburized At 925C (1700F), Box Cooled To Rt, Reheated To 800C (1470F) And Oil Quenched, 150C (300F) Temper",965.0,655.0,15.0,0,Carburized – quenched (oil) – wear-resistant surface steel
58,2,"58,2799",AISI 4140 Steel,"Oil Quenched, 25 mm (1 In.) Round (845C (1550F) Quench, 650C (1200F) Temper)",917.0,841.0,21.0,6,Quenched (oil) & tempered – high-strength structural steel
59,2,"59,2940",AISI 4140H Steel,"Oil Quenched 845C (1550F), 595C (1100F) Temper, 13 mm (0.5 In.) Round",1090.0,1025.0,18.0,6,Quenched (oil) & tempered – high-strength structural steel
60,2,"60,2807",AISI 4140 Steel,"Oil Quenched, 13 mm (0.5 In.) Round [845C (1550F) Quench, 540C (1000F) Temper]",1185.0,1110.0,15.0,6,Quenched (oil) & tempered – high-strength structural steel
61,2,"61,2846",AISI 4130H Steel,"Water Quenched 855C (1570F), 480C (900F) Temper, 100 mm (4 In.) Round",841.0,655.0,20.0,10,Quenched (water) & tempered – high-strength structural steel
62,2,"62,2782",AISI 4140 Steel,"Oil Quenched, 540C (1000F) Temper, 25 mm (1 In.) Round",1140.0,965.0,18.0,6,Quenched (oil) & tempered – high-strength structural steel
63,2,"63,2792",AISI 4140H Steel,"Oil Quenched 845C (1550F), 650C (1200F) Temper, 100 mm (4 In.) Round",772.0,580.0,23.0,6,Quenched (oil) & tempered – high-strength structural steel
64,2,"64,2916",AISI 4140H Steel,"Oil Quenched 845C (1550F), 650C (1200F) Temper, 50 mm (2 In.) Round",841.0,675.0,23.0,6,Quenched (oil) & tempered – high-strength structural steel
65,2,"65,2802",AISI 4140 Steel,"Normalized At 870C (1600F), Reheated To 845C (1550F), Oil Quenched, 315C (600F) Temper, 25 mm (1 In.) Round",1725.0,1572.0,11.0,0,Carburized – quenched (oil) – wear-resistant surface steel
66,2,"66,2790",AISI 4140 Steel,"Normalized At 870C (1600F), Reheated To 845C (1550F), Oil Quenched, 540C (1000F) Temper, 25 mm (1 In.) Round",1150.0,1050.0,17.0,0,Carburized – quenched (oil) – wear-resistant surface steel
67,2,"67,2798",AISI 4140H Steel,"Oil Quenched 845C (1550F), Tempered 540C (1000F), 50 mm (2 In.) Round",965.0,800.0,17.0,6,Quenched (oil) & tempered – high-strength structural steel
68,2,"68,3012",AISI 4140H Steel,"Normalized At 870C (1600F), Air Cooled, 25 mm (1 In.) Round",1020.0,655.0,17.0,4,Normalized (air cooled) – general-purpose steel
69,2,"69,2842",AISI 4140H Steel,"Oil Quenched, Tempered 205C (400F), 25 mm (1 In.) Round",1795.0,1515.0,8.0,6,Quenched (oil) & tempered – high-strength structural steel
70,2,"70,2100",AISI 4118 Steel,"Mock Carburized At 925C (1700F) For 8 Hours, Reheated To 830C (1525F), Oil Quenched, 150C (300F) Temper, 230C (450F) Temper, 100 mm (4 In.) Round",617.0,296.0,28.0,8,Carburized – quenched (oil) – wear-resistant surface steel (variant)
71,2,"71,2256",AISI 4118 Steel,"Double Quenched And Tempered, Carburized, 150C (300F) Temper",869.0,440.0,21.0,5,Carburized – quenched (oil) – wear-resistant surface steel (variant)
72,2,"72,3077",AISI 4140H Steel,Annealed 815C,655.0,420.0,25.0,7,Annealed – easy-to-machine – round annealed stock
73,2,"73,2769",AISI 4130H Steel,"Water Quenched 855C (1570F), 595C (1100F) Temper, 13 mm (0.5 In.) Round",917.0,841.0,20.0,10,Quenched (water) & tempered – high-strength structural steel
74,2,"74,2922",AISI 4140 Steel,"Oil Quenched, 50 mm (2 In.) Round (845C (1550F) Quench, 650C (1200F) Temper)",841.0,675.0,23.0,6,Quenched (oil) & tempered – high-strength structural steel
75,2,"75,2768",AISI 4130 Steel,"Normalized At 870C (1600F), Air Cooled, 50 mm (2 In.) Round",615.0,415.0,28.0,4,Normalized (air cooled) – general-purpose steel
76,2,"76,2791",AISI 4130H Steel,"Water Quenched 855C (1570F), 480C (900F) Temper, 50 mm (2 In.) Round",917.0,758.0,19.0,10,Quenched (water) & tempered – high-strength structural steel
77,2,"77,2784",AISI 4140 Steel,"Normalized At 870C (1600F), Reheated To 845C (1550F), Oil Quenched, 480C (900F) Temper, 25 mm (1 In.) Round",1295.0,1205.0,16.0,0,Carburized – quenched (oil) – wear-resistant surface steel
78,2,"78,2987",AISI 4140 Steel,"Oil Quenched, 100 mm (4 In.) Round (845C (1550F) Quench, 595C (1100F) Temper)",807.0,600.0,21.0,6,Quenched (oil) & tempered – high-strength structural steel
79,2,"79,2927",AISI 4140 Steel,"Oil Quenched, 650C (1200F) Temper, 25 mm (1 In.) Round",931.0,793.0,22.0,6,Quenched (oil) & tempered – high-strength structural steel
80,2,"80,2811",AISI 4140H Steel,"Heat Treated, Tempered 480C (900F), 25 mm (1 In.) Round",1295.0,1205.0,16.0,0,Carburized – quenched (oil) – wear-resistant surface steel
81,2,"81,2881",AISI 4140 Steel,"Normalized At 870C (1600F), Reheated To 845C (1550F), Oil Quenched, 650C (1200F) Temper, 25 mm (1 In.) Round",896.0,786.0,21.0,0,Carburized – quenched (oil) – wear-resistant surface steel
82,2,"82,2867",AISI 4140H Steel,"Heat Treated, Tempered 425C (800F), 25 mm (1 In.) Round",1450.0,1345.0,15.0,0,Carburized – quenched (oil) – wear-resistant surface steel
83,2,"83,2119",AISI 4118 Steel,"Mock Carburized At 925C (1700F) For 8 Hours, Reheated To 830C (1525F), Oil Quenched, 150C (300F) Temper, 150C (300F) Temper, 14 mm (0.55 In.) Round",986.0,645.0,17.0,8,Carburized – quenched (oil) – wear-resistant surface steel (variant)
84,2,"84,2966",AISI 4130H Steel,"Normalized At 870C (1600F), Air Cooled, 13 mm (0.5 In.) Round",731.0,460.0,25.0,4,Normalized (air cooled) – general-purpose steel
85,2,"85,2765",AISI 4140 Steel,"Normalized At 870C (1600F), Air Cooled, 13 mm (0.5 In.) Round",1020.0,675.0,17.0,4,Normalized (air cooled) – general-purpose steel
86,2,"86,2819",AISI 4140 Steel,"Normalized At 870C (1600F), Reheated To 845C (1550F), Oil Quenched, 705C (1300F) Temper, 25 mm (1 In.) Round",807.0,689.0,23.0,0,Carburized – quenched (oil) – wear-resistant surface steel
87,2,"87,2817",AISI 4140H Steel,"Oil Quenched 845C (1550F), 595C (1100F) Temper, 25 mm (1 In.) Round",965.0,931.0,19.0,6,Quenched (oil) & tempered – high-strength structural steel
88,2,"88,2800",AISI 4140H Steel,"Oil Quenched 845C (1550F), 595C (1100F) Temper, 50 mm (2 In.) Round",883.0,710.0,21.0,6,Quenched (oil) & tempered – high-strength structural steel
89,2,"89,2866",AISI 4140H Steel,"Oil Quenched 845C (1550F), 650C (1200F) Temper, 25 mm (1 In.) Round",917.0,841.0,21.0,6,Quenched (oil) & tempered – high-strength structural steel
90,2,"90,2909",AISI 4140H Steel,"Oil Quenched 845C (1550F), Tempered 540C (1000F), 25 mm (1 In.) Round",1075.0,986.0,15.0,6,Quenched (oil) & tempered – high-strength structural steel
91,2,"91,2157",AISI 4023 Steel,"Normalized At 925C (1700F), Machined To 13.7 mm (0.540 In.) Rounds, Pseudocarburized At 925C (1700F) And Oil Quenched, 150C (300F) Temper",1050.0,786.0,15.0,0,Carburized – quenched (oil) – wear-resistant surface steel
92,2,"92,2109",AISI 4118 Steel,"Mock Carburized At 925C (1700F) For 8 Hours, Reheated To 830C (1525F), Oil Quenched, 150C (300F) Temper, 150C (300F) Temper, 25 mm (1 In.) Round",820.0,445.0,21.0,8,Carburized – quenched (oil) – wear-resistant surface steel (variant)
93,2,"93,2907",AISI 4150H Steel,"Normalized At 870C (1600F), Air Cooled, 100 mm (4 In.) Round",1005.0,635.0,19.0,4,Normalized (air cooled) – general-purpose steel
94,2,"94,2803",AISI 4140 Steel,"Oil Quenched, 13 mm (0.5 In.) Round (845C (1550F) Quench, 595C (1100F) Temper)",1090.0,1025.0,18.0,6,Quenched (oil) & tempered – high-strength structural steel
95,2,"95,2127",AISI 4118H Steel,"Annealed At 870C (1600F), Furnace Cooled At 11C (20F)/Hour, 25 mm (1 In.) Round",517.0,365.0,33.0,7,Annealed – easy-to-machine – round annealed stock
96,2,"96,2887",AISI 4150H Steel,"Oil Quenched 830C (1525F), 540C (1000F) Temper, 25 mm (1 In.) Round",1205.0,1105.0,14.0,6,Quenched (oil) & tempered – high-strength structural steel
97,2,"97,2084",AISI 4023 Steel,"Normalized At 925C (1700F), Machined To 25 mm (1 In.) Rounds, Pseudocarburized At 925C (1700F) And Oil Quenched, 150C (300F) Temper",827.0,585.0,20.0,0,Carburized – quenched (oil) – wear-resistant surface steel
98,2,"98,2773",AISI 4130 Steel,"Water Quenched 855C (1570F), 540C (1000F) Temper, 13 mm (0.5 In.) Round",1040.0,979.0,18.0,10,Quenched (water) & tempered – high-strength structural steel
99,2,"99,3001",AISI 4140H Steel,"Heat Treated, Tempered 315C (600F), 25 mm (1 In.) Round",1725.0,1572.0,11.0,0,Carburized – quenched (oil) – wear-resistant surface steel
100,2,"100,2795",AISI 4140 Steel,"Normalized At 870C (1600F), Reheated To 845C (1550F), Oil Quenched, 595C (1100F) Temper, 25 mm (1 In.) Round",1020.0,910.0,19.0,0,Carburized – quenched (oil) – wear-resistant surface steel
101,2,"101,2849",AISI 4140H Steel,"Oil Quenched, Tempered 315C (600F), 25 mm (1 In.) Round",1585.0,1345.0,11.0,6,Quenched (oil) & tempered – high-strength structural steel
102,2,"102,2865",AISI 4150H Steel,"Oil Quenched 830C (1525F), 650C (1200F) Temper, 13 mm (0.5 In.) Round",1020.0,945.0,17.0,6,Quenched (oil) & tempered – high-strength structural steel
103,2,"103,2848",AISI 4140 Steel,"Oil Quenched, 13 mm (0.5 In.) Round (845C (1550F) Quench, 650C (1200F) Temper)",938.0,889.0,19.0,6,Quenched (oil) & tempered – high-strength structural steel
104,2,"104,2582",AISI 4118 Steel,"Mock Carburized At 925C (1700F) For 8 Hours, Reheated To 830C (1525F), Oil Quenched, 150C (300F) Temper, 230C (450F) Temper, 14 mm (0.55 In.) Round",951.0,617.0,17.0,8,Carburized – quenched (oil) – wear-resistant surface steel (variant)
105,2,"105,2822",AISI 4150 Steel,"Oil Quenched 830C (1525F), 650C (1200F) Temper, 100 mm (4 In.) Round",855.0,625.0,21.0,6,Quenched (oil) & tempered – high-strength structural steel
106,2,"106,2329",AISI 4118 Steel,"Direct Quenched From Pot, Carburized, 230C (450F) Temper",1220.0,896.0,13.0,5,Carburized – quenched (oil) – wear-resistant surface steel (variant)
107,2,"107,2913",AISI 4140H Steel,"Oil Quenched 845C (1550F), 650C (1200F) Temper, 13 mm (0.5 In.) Round",938.0,889.0,19.0,6,Quenched (oil) & tempered – high-strength structural steel
108,2,"108,2826",AISI 4150 Steel,"Oil Quenched 830C (1525F), 595C (1100F) Temper, 100 mm (4 In.) Round",910.0,675.0,20.0,6,Quenched (oil) & tempered – high-strength structural steel
109,2,"109,2761",AISI 4130 Steel,"Water Quenched 855C (1570F), 480C (900F) Temper, 13 mm (0.5 In.) Round",1145.0,1110.0,16.0,10,Quenched (water) & tempered – high-strength structural steel
110,2,"110,2838",AISI 4140H Steel,"Heat Treated, Tempered 205C (400F), 25 mm (1 In.) Round",1020.0,675.0,17.0,0,Carburized – quenched (oil) – wear-resistant surface steel
111,2,"111,2812",AISI 4140H Steel,"Oil Quenched, 650C (1200F) Temper, 25 mm (1 In.) Round",931.0,793.0,22.0,6,Quenched (oil) & tempered – high-strength structural steel
112,2,"112,2169",AISI 4027 Steel,"Water Quenched 865C (1590F), 595C (1100F) Temper, 14 mm (0.55 In.) Round",896.0,800.0,20.0,10,Quenched (water) & tempered – high-strength structural steel
113,2,"113,2829",AISI 4130H Steel,"Water Quenched 855C (1570F), 540C (1000F) Temper, 13 mm (0.5 In.) Round",1040.0,979.0,18.0,10,Quenched (water) & tempered – high-strength structural steel
114,2,"114,2820",AISI 4150H Steel,"Annealed At 830C (1525F), Furnace Cooled 11C (20F)/Hour, Air Cooled, 25 mm (1 In.) Round",731.0,380.0,20.0,7,Annealed – easy-to-machine – round annealed stock
115,2,"115,2777",AISI 4130 Steel,"Water Quenched 855C (1570F), 540C (1000F) Temper, 25 mm (1 In.) Round",993.0,896.0,18.0,10,Quenched (water) & tempered – high-strength structural steel
116,2,"116,2141",AISI 4118H Steel,"Single Quenched, 150C (300F) Temper, 1.2 mm Case Depth",869.0,440.0,21.0,5,Carburized – quenched (oil) – wear-resistant surface steel (variant)
117,2,"117,2107",AISI 4023 Steel,"Normalized At 925C (1700F), Machined To 25 mm (1 In.) Rounds, Pseudocarburized At 925C (1700F), Box Cooled To Rt, Reheated To 775C (1430F) And Oil Quenched, 150C (300F) Temper",724.0,415.0,19.0,0,Carburized – quenched (oil) – wear-resistant surface steel
118,2,"118,2088",AISI 4027 Steel,"Annealed, 25 mm (1 In.) Round",515.0,325.0,30.0,3,Normalized – easy-to-machine stock (cold drawn)
119,2,"119,3169",AISI 4140 Steel,"Annealed At 815C (1500F) Furnace Cooled 11C (20F)/Hour To 665C (1230F), Air Cooled, 25 mm (1 In.) Round",655.0,415.0,25.0,7,Annealed – easy-to-machine – round annealed stock
120,2,"120,2104",AISI 4023 Steel,"Normalized At 925C (1700F), Machined To 13.7 mm (0.540 In.) Rounds, Pseudocarburized At 925C (1700F), Box Cooled To Rt, Reheated To 855C (1570F) And Oil Quenched, 150C (300F) Temper",986.0,724.0,16.0,0,Carburized – quenched (oil) – wear-resistant surface steel
121,2,"121,2875",AISI 4130 Steel,Annealed At 865C (1590F),560.0,360.0,28.0,7,Annealed – easy-to-machine – round annealed stock
122,2,"122,2933",AISI 4150 Steel,Normalized 870C (1600F),1160.0,740.0,11.0,4,Normalized (air cooled) – general-purpose steel
123,2,"123,2836",AISI 4150 Steel,"Oil Quenched 830C (1525F), 650C (1200F) Temper, 25 mm (1 In.) Round",972.0,883.0,18.0,6,Quenched (oil) & tempered – high-strength structural steel
124,2,"124,2816",AISI 4140H Steel,"Normalized At 870C (1600F), Air Cooled, 50 mm (2 In.) Round",972.0,635.0,16.0,4,Normalized (air cooled) – general-purpose steel
125,2,"125,2818",AISI 4140H Steel,"Heat Treated, 650C (1200F) Temper, 25 mm (1 In.) Round",896.0,786.0,21.0,0,Carburized – quenched (oil) – wear-resistant surface steel
126,2,"126,2834",AISI 4140H Steel,"Oil Quenched, Tempered 425C (800F), 25 mm (1 In.) Round",1380.0,1170.0,15.0,6,Quenched (oil) & tempered – high-strength structural steel
127,2,"127,2876",AISI 4140H Steel,"Heat Treated, Tempered 370C (700F), 25 mm (1 In.) Round",1595.0,1460.0,12.0,0,Carburized – quenched (oil) – wear-resistant surface steel
128,2,"128,2186",AISI 4118H Steel,"Mock Carburized At 925C (1700F) For 8 Hours, Reheated To 830C (1525F), Oil Quenched, 150C (300F) Temper, 230C (450F) Temper, 100 mm (4 In.) Round",617.0,296.0,28.0,8,Carburized – quenched (oil) – wear-resistant surface steel (variant)
129,2,"129,2786",AISI 4130 Steel,"Water Quenched 855C (1570F), 595C (1100F) Temper, 100 mm (4 In.) Round",703.0,540.0,24.0,10,Quenched (water) & tempered – high-strength structural steel
130,2,"130,2229",AISI 4118H Steel,"Normalized At 910C (1670F), Air Cooled, 14 mm (0.55 In.) Round",586.0,393.0,31.0,4,Normalized (air cooled) – general-purpose steel
131,2,"131,2179",AISI 4118H Steel,"Double Quench, 230C (450F) Temper, 1.2 mm Case Depth",827.0,435.0,22.0,5,Carburized – quenched (oil) – wear-resistant surface steel (variant)
132,2,"132,2368",AISI 4118H Steel,"Single Quench, 230C (450F) Temper, 1.2 mm Case Depth",951.0,620.0,18.0,5,Carburized – quenched (oil) – wear-resistant surface steel (variant)
133,2,"133,2857",AISI 4130 Steel,"Water Quenched 855C (1570F), 480C (900F) Temper, 50 mm (2 In.) Round",917.0,758.0,19.0,10,Quenched (water) & tempered – high-strength structural steel
134,2,"134,2885",AISI 4150H Steel,"Oil Quenched 830C (1525F), 595C (1100F) Temper, 25 mm (1 In.) Round",1145.0,1034.0,15.0,6,Quenched (oil) & tempered – high-strength structural steel
135,2,"135,2185",AISI 4118H Steel,"Direct Quench, 150C (300F) Temper, 1.6 mm Case Depth",1225.0,903.0,9.0,5,Carburized – quenched (oil) – wear-resistant surface steel (variant)
136,2,"136,2894",AISI 4140H Steel,"Normalized At 870C (1600F), Air Cooled, 13 mm (0.5 In.) Round",1020.0,675.0,17.0,4,Normalized (air cooled) – general-purpose steel
137,2,"137,2115",AISI 4419 Steel,"Mock Carburized, 230C (450F) Temper, 14 mm (0.55 In.) Round",710.0,425.0,24.0,8,Carburized – quenched (oil) – wear-resistant surface steel (variant)
138,2,"138,2839",AISI 4150H Steel,"Oil Quenched 830C (1525F), 540C (1000F) Temper, 50 mm (2 In.) Round",1165.0,1040.0,15.0,6,Quenched (oil) & tempered – high-strength structural steel
139,2,"139,2935",AISI 4130H Steel,"Water Quenched 855C (1570F), 540C (1000F) Temper, 100 mm (4 In.) Round",800.0,635.0,21.0,10,Quenched (water) & tempered – high-strength structural steel
140,2,"140,2348",AISI 4027 Steel,"Water Quenched 865C (1590F), 540C (1000F) Temper, 50 mm (2 In.) Round",765.0,585.0,23.0,10,Quenched (water) & tempered – high-strength structural steel
141,2,"141,2111",AISI 4118 Steel,"Mock Carburized At 925C (1700F) For 8 Hours, Reheated To 830C (1525F), Oil Quenched, 150C (300F) Temper, 150C (300F) Temper, 50 mm (2 In.) Round",669.0,317.0,26.0,8,Carburized – quenched (oil) – wear-resistant surface steel (variant)
142,2,"142,3101",AISI 4150 Steel,"Heat Treated, 25 mm (1 In.) Round",731.0,380.0,20.0,0,Carburized – quenched (oil) – wear-resistant surface steel
143,2,"143,2837",AISI 4150H Steel,"Oil Quenched 830C (1525F), 650C (1200F) Temper, 100 mm (4 In.) Round",855.0,625.0,21.0,6,Quenched (oil) & tempered – high-strength structural steel
144,2,"144,2147",AISI 4419 Steel,"Mock Carburized, 150C (300F) Temper, 50 mm (2 In.) Round",660.0,415.0,25.0,8,Carburized – quenched (oil) – wear-resistant surface steel (variant)
145,2,"145,2844",AISI 4150H Steel,Normalized 870C (1600F),1160.0,740.0,11.0,4,Normalized (air cooled) – general-purpose steel
146,2,"146,2172",AISI 4419 Steel,"Normalized At 955C (1750F), 100 mm (4 In.) Round",505.0,330.0,30.0,4,Normalized (air cooled) – general-purpose steel
147,2,"147,2163",AISI 4419H Steel,"Normalized At 955C (1750F), 100 mm (4 In.) Round",505.0,330.0,30.0,4,Normalized (air cooled) – general-purpose steel
148,2,"148,2780",AISI 4130 Steel,"Water Quenched 855C (1570F), 540C (1000F) Temper, 100 mm (4 In.) Round",800.0,635.0,21.0,10,Quenched (water) & tempered – high-strength structural steel
149,2,"149,2833",AISI 4130 Steel,"Water Quenched 855C (1570F), 595C (1100F) Temper, 25 mm (1 In.) Round",883.0,779.0,21.0,10,Quenched (water) & tempered – high-strength structural steel
150,2,"150,2112",AISI 4118H Steel,"Normalized At 910C (1670F), Air Cooled, 100 mm (4 In.) Round",521.0,341.0,34.0,4,Normalized (air cooled) – general-purpose steel
151,2,"151,3013",AISI 4150 Steel,"Normalized At 870C (1600F), Air Cooled, 100 mm (4 In.) Round",1005.0,635.0,19.0,4,Normalized (air cooled) – general-purpose steel
152,2,"152,2840",AISI 4130H Steel,"Water Quenched 855C (1570F), 480C (900F) Temper, 13 mm (0.5 In.) Round",1145.0,1110.0,16.0,10,Quenched (water) & tempered – high-strength structural steel
153,2,"153,2821",AISI 4130H Steel,Annealed At 865C (1590F),560.0,360.0,28.0,7,Annealed – easy-to-machine – round annealed stock
154,2,"154,2965",AISI 4130H Steel,"Water Quenched 855C (1570F), 595C (1100F) Temper, 25 mm (1 In.) Round",883.0,779.0,21.0,10,Quenched (water) & tempered – high-strength structural steel
155,2,"155,2847",AISI 4150H Steel,"Oil Quenched 830C (1525F), 650C (1200F) Temper, 25 mm (1 In.) Round",972.0,883.0,18.0,6,Quenched (oil) & tempered – high-strength structural steel
156,2,"156,2306",AISI 4118 Steel,"Single Quenched And Tempered, Carburized, 230C (450F) Temper",951.0,620.0,18.0,5,Carburized – quenched (oil) – wear-resistant surface steel (variant)
157,2,"157,3006",AISI 4130H Steel,"Annealed, 25 mm (1 In.) Round",560.0,460.0,21.0,3,Normalized – easy-to-machine stock (cold drawn)
158,2,"158,2091",AISI 4027 Steel,"Normalized, 50 mm (2 In.) Round",595.0,385.0,27.0,9,Normalized – general-purpose steel (round normalized stock)
159,2,"159,2151",AISI 4419H Steel,"Mock Carburized, 230C (450F) Temper, 50 mm (2 In.) Round",635.0,400.0,26.0,8,Carburized – quenched (oil) – wear-resistant surface steel (variant)
160,2,"160,2123",AISI 4419 Steel,"Double Quenched, 230C (450F) Temper",679.0,376.0,23.0,5,Carburized – quenched (oil) – wear-resistant surface steel (variant)
161,2,"161,2162",AISI 4419H Steel,"Single Quenched And Tempered, 230C (450F)",708.0,431.0,24.0,5,Carburized – quenched (oil) – wear-resistant surface steel (variant)
162,2,"162,3055",AISI 4150 Steel,"Oil Quenched 830C (1525F), 540C (1000F) Temper, 100 mm (4 In.) Round",1095.0,883.0,15.0,6,Quenched (oil) & tempered – high-strength structural steel
163,2,"163,2184",AISI 4419 Steel,"Mock Carburized, 150C (300F) Temper, 14 mm (0.55 In.) Round",710.0,450.0,24.0,8,Carburized – quenched (oil) – wear-resistant surface steel (variant)
164,2,"164,2146",AISI 4320 Steel,"Double Quenched And Tempered (Carburized 925C (1700F) For 8Hrs, Pot Cooled, Reheated To 815C (1500F), Quenched In Agitated Oil, Reheated To 775C, Quenched In Agitated Oil, 230C (450F) Temper), 230C (450F) Temper",1005.0,650.0,21.0,5,Carburized – quenched (oil) – wear-resistant surface steel (variant)
165,2,"165,2113",AISI 4419 Steel,"Annealed At 915C (1675F), 25 mm (1 In.) Round",450.0,330.0,31.0,7,Annealed – easy-to-machine – round annealed stock
166,2,"166,2122",AISI 4419 Steel,"Normalized At 955C (1750F), 14 mm (0.55 In.) Round",540.0,360.0,33.0,4,Normalized (air cooled) – general-purpose steel
167,2,"167,2883",AISI 4150H Steel,"Oil Quenched 830C (1525F), 595C (1100F) Temper, 50 mm (2 In.) Round",1035.0,910.0,18.0,6,Quenched (oil) & tempered – high-strength structural steel
168,2,"168,2114",AISI 4419 Steel,"Mock Carburized, 150C (300F) Temper, 25 mm (1 In.) Round",670.0,435.0,24.0,8,Carburized – quenched (oil) – wear-resistant surface steel (variant)
169,2,"169,2990",AISI 4150H Steel,"Oil Quenched 830C (1525F), 540C (1000F) Temper, 13 mm (0.5 In.) Round",1310.0,1215.0,13.0,6,Quenched (oil) & tempered – high-strength structural steel
170,2,"170,2138",AISI 4419 Steel,"Single Quenched, 150C (300F) Temper",712.0,450.0,24.0,5,Carburized – quenched (oil) – wear-resistant surface steel (variant)
171,2,"171,2896",AISI 4140H Steel,Annealed 25 mm (1 In.) Round,655.0,485.0,26.0,3,Normalized – easy-to-machine stock (cold drawn)
172,2,"172,2153",AISI 4419H Steel,"Mock Carburized, 230C (450F) Temper, 25 mm (1 In.) Round",650.0,405.0,25.0,8,Carburized – quenched (oil) – wear-resistant surface steel (variant)
173,2,"173,2130",AISI 4118H Steel,"Mock Carburized At 925C (1700F) For 8 Hours, Reheated To 830C (1525F), Oil Quenched, 150C (300F) Temper, 25 mm (1 In.) Round",820.0,445.0,21.0,8,Carburized – quenched (oil) – wear-resistant surface steel (variant)
174,2,"174,2183",AISI 4320 Steel,"Direct Quench From Pot (Carburized 925C (1700F) For 8 Hrs., Quenched In Agitated Oil, 230C (450F) Temper), 1.5 mm Case Depth",1490.0,1095.0,12.0,5,Carburized – quenched (oil) – wear-resistant surface steel (variant)
175,2,"175,2148",AISI 4118H Steel,"Direct Quench, 230C (450F) Temper, 1.6 mm Case Depth",1220.0,896.0,13.0,5,Carburized – quenched (oil) – wear-resistant surface steel (variant)
176,2,"176,2828",AISI 4150 Steel,"Oil Quenched 830C (1525F), 650C (1200F) Temper, 50 mm (2 In.) Round",931.0,814.0,20.0,6,Quenched (oil) & tempered – high-strength structural steel
177,2,"177,2160",AISI 4419H Steel,"Mock Carburized, 230C (450F) Temper, 100 mm (4 In.) Round",580.0,330.0,27.0,8,Carburized – quenched (oil) – wear-resistant surface steel (variant)
178,2,"178,2168",AISI 4419H Steel,"Mock Carburized, 150C (300F) Temper, 100 mm (4 In.) Round",595.0,365.0,27.0,8,Carburized – quenched (oil) – wear-resistant surface steel (variant)
179,2,"179,2823",AISI 4150H Steel,"Oil Quenched 830C (1525F), 595C (1100F) Temper, 13 mm (0.5 In.) Round",1170.0,1076.0,14.0,6,Quenched (oil) & tempered – high-strength structural steel
180,2,"180,2845",AISI 4140H Steel,"Normalized At 870C (1600F), Air Cooled, 100 mm (4 In.) Round",814.0,485.0,22.0,4,Normalized (air cooled) – general-purpose steel
181,2,"181,2293",AISI 4320 Steel,"Normalized 925C (1700F) In 32 mm Rounds, Machined To 13.7 mm Rounds, Pseudocarburized 925C (1700F) For 8 Hrs., Box Cooled To Rt, Reheated To 830C (1525F), Oil Quenched, 150C (300F) Temper, Tested In 12.8 mm Rounds",1180.0,1015.0,16.0,0,Carburized – quenched (oil) – wear-resistant surface steel
182,2,"182,2264",AISI 4419H Steel,"Double Quenched And Tempered, 230C (450F)",679.0,376.0,23.0,5,Carburized – quenched (oil) – wear-resistant surface steel (variant)
183,2,"183,2116",AISI 4419 Steel,"Normalized At 955C (1750F), 25 mm (1 In.) Round",515.0,350.0,32.0,4,Normalized (air cooled) – general-purpose steel
184,2,"184,2303",AISI 4118 Steel,"Mock Carburized At 925C (1700F) For 8 Hours, Reheated To 830C (1525F), Oil Quenched, 150C (300F) Temper, 230C (450F) Temper, 50 mm (2 In.) Round",645.0,314.0,28.0,8,Carburized – quenched (oil) – wear-resistant surface steel (variant)
185,2,"185,2809",AISI 4140 Steel,"Oil Quenched, 425C (800F) Temper, 25 mm (1 In.) Round",1380.0,1170.0,15.0,6,Quenched (oil) & tempered – high-strength structural steel
186,2,"186,2177",AISI 4419H Steel,"Double Quenched And Tempered, 150C (300F)",734.0,377.0,21.0,5,Carburized – quenched (oil) – wear-resistant surface steel (variant)
187,2,"187,2843",AISI 4150 Steel,"Oil Quenched 830C (1525F), 595C (1100F) Temper, 50 mm (2 In.) Round",1035.0,910.0,18.0,6,Quenched (oil) & tempered – high-strength structural steel
188,2,"188,2808",AISI 4150 Steel,"Oil Quenched 830C (1525F), 650C (1200F) Temper, 13 mm (0.5 In.) Round",1020.0,945.0,17.0,6,Quenched (oil) & tempered – high-strength structural steel
189,2,"189,2868",AISI 4150 Steel,"Normalized At 870C (1600F), Air Cooled, 13 mm (0.5 In.) Round",1340.0,896.0,10.0,4,Normalized (air cooled) – general-purpose steel
190,2,"190,2278",AISI 4118H Steel,"Heat Treated, 100 mm (4 In.) Round",641.0,300.0,28.0,0,Carburized – quenched (oil) – wear-resistant surface steel
191,2,"191,2081",AISI 4027 Steel,"Normalized, 14 mm (0.55 In.) Round",650.0,425.0,25.0,9,Normalized – general-purpose steel (round normalized stock)
192,2,"192,2835",AISI 4150 Steel,"Oil Quenched 830C (1525F), 540C (1000F) Temper, 50 mm (2 In.) Round",1165.0,1040.0,15.0,6,Quenched (oil) & tempered – high-strength structural steel
193,2,"193,2400",AISI 4419H Steel,"Mock Carburized, 150C (300F) Temper, 14 mm (0.55 In.) Round",710.0,450.0,24.0,8,Carburized – quenched (oil) – wear-resistant surface steel (variant)
194,2,"194,2156",AISI 4320 Steel,"Normalized 925C (1700F) In 32 mm Rounds, Machined To 25 mm (1 In.) Rounds, Pseudocarburized 925C (1700F) For 8 Hrs., Oil Quenched, 150C (300F) Temper, Tested In 12.8 mm Rounds",1150.0,972.0,14.0,0,Carburized – quenched (oil) – wear-resistant surface steel
195,2,"195,2893",AISI 4140H Steel,"Oil Quenched, Tempered 540C (1000F), 25 mm (1 In.) Round",1140.0,965.0,18.0,6,Quenched (oil) & tempered – high-strength structural steel
196,2,"196,2806",AISI 4140H Steel,Normalized At 870C,1020.0,655.0,17.0,4,Normalized (air cooled) – general-purpose steel
197,2,"197,2804",AISI 4140H Steel,"Heat Treated, Tempered 540C (1000F), 25 mm (1 In.) Round",1150.0,1050.0,17.0,0,Carburized – quenched (oil) – wear-resistant surface steel
198,2,"198,2204",AISI 4419H Steel,"Direct Quenched From Pot And Tempered, 230C (450F)",817.0,596.0,18.0,5,Carburized – quenched (oil) – wear-resistant surface steel (variant)
199,2,"199,2164",AISI 4419 Steel,"Mock Carburized, 230C (450F) Temper, 25 mm (1 In.) Round",650.0,405.0,25.0,8,Carburized – quenched (oil) – wear-resistant surface steel (variant)
200,2,"200,2787",AISI 4140 Steel,"Oil Quenched, 50 mm (2 In.) Round [845C (1550F) Quench, 540C (1000F) Temper]",965.0,800.0,17.0,6,Quenched (oil) & tempered – high-strength structural steel
201,2,"201,2143",AISI 4320 Steel,"Normalized 925C (1700F) In 32 mm Rounds, Machined To 25 mm (1 In.) Rounds, Pseudocarburized 925C (1700F) For 8 Hrs., Box Cooled To Rt, Reheated To 775C, Oil Quenched, 150C (300F) Temper, Tested In 12.8 mm Rounds",958.0,793.0,15.0,0,Carburized – quenched (oil) – wear-resistant surface steel
202,2,"202,2801",AISI 4140H Steel,"Annealed At 815C (1500F) Furnace Cooled 11C (20F)/Hour To 665C (1230F), Air Cooled, 25 mm (1 In.) Round",655.0,415.0,25.0,7,Annealed – easy-to-machine – round annealed stock
203,2,"203,2118",AISI 4027 Steel,"Water Quenched 865C (1590F), 595C (1100F) Temper, 100 mm (4 In.) Round",655.0,490.0,26.0,10,Quenched (water) & tempered – high-strength structural steel
204,2,"204,2815",AISI 4140H Steel,"Heat Treated, 595C (1100F) Temper, 25 mm (1 In.) Round",1020.0,910.0,19.0,0,Carburized – quenched (oil) – wear-resistant surface steel
205,2,"205,2180",AISI 4320H Steel,"Direct Quenched From Pot: (Carburized 925C (1700F) For 8 Hrs., Quenched In Agitated In Oil, 150C (300F) Temper); 1.5 mm Case Depth",1495.0,1105.0,13.0,5,Carburized – quenched (oil) – wear-resistant surface steel (variant)
206,2,"206,2239",AISI 4320H Steel,"Normalized 925C (1700F) In 32 mm Rounds, Machined To 13.7 mm Rounds, Pseudocarburized At 925C (1700F) For 8 Hrs., Box Cooled To 20C, Reheated To 800C (1470F) And Oil Quenched, 150C (300F) Temper",1080.0,896.0,16.0,0,Carburized – quenched (oil) – wear-resistant surface steel
207,2,"207,2235",AISI 4320 Steel,"Normalized 895C (1640F), Air Cooled, 50 mm (2 In.) Round",703.0,405.0,23.0,4,Normalized (air cooled) – general-purpose steel
208,2,"208,2796",AISI 4130H Steel,"Normalized At 870C (1600F), Air Cooled, 100 mm (4 In.) Round",615.0,400.0,27.0,4,Normalized (air cooled) – general-purpose steel
209,2,"209,2778",AISI 4140 Steel,"Normalized At 870C (1600F), Reheated To 845C (1550F), Oil Quenched, 205C (400F) Temper, 25 mm (1 In.) Round",1965.0,1735.0,11.0,0,Carburized – quenched (oil) – wear-resistant surface steel
210,2,"210,2171",AISI 4320H Steel,"Normalized, Heated To 895C (1640F), Air Cooled, 13 mm (0.5 In.) Rounds",841.0,510.0,23.0,0,Carburized – quenched (oil) – wear-resistant surface steel
211,2,"211,2129",AISI 4419 Steel,"Mock Carburized, 150C (300F) Temper, 100 mm (4 In.) Round",595.0,365.0,27.0,8,Carburized – quenched (oil) – wear-resistant surface steel (variant)
212,2,"212,2181",AISI 4320H Steel,"Direct Quenched From Pot: (Carburized 925C (1700F) For 8 Hrs., Quenched In Agitated In Oil, 230C (450F) Temper); 1.5 mm Case Depth",1490.0,1095.0,12.0,5,Carburized – quenched (oil) – wear-resistant surface steel (variant)
213,2,"213,2190",AISI 4320 Steel,"Mock Carburized 925C (1700F) For 8 Hrs., Reheated To 815C (1500F), Oil Quenched, 230C (450F) Temper, 13 mm (0.5 In.) Rounds",1295.0,1035.0,13.0,8,Carburized – quenched (oil) – wear-resistant surface steel (variant)
214,2,"214,2827",AISI 4150H Steel,"Normalized At 870C (1600F), Air Cooled, 25 mm (1 In.) Round",1160.0,731.0,11.0,4,Normalized (air cooled) – general-purpose steel
215,2,"215,2154",AISI 4320 Steel,"Normalized 895C (1640F), Air Cooled, 100 mm (4 In.) Round",703.0,395.0,22.0,4,Normalized (air cooled) – general-purpose steel
216,2,"216,2170",AISI 4419 Steel,"Direct Quenched From Pot, 230C (450F) Temper",817.0,596.0,18.0,5,Carburized – quenched (oil) – wear-resistant surface steel (variant)
217,2,"217,2220",AISI 4320H Steel,"Normalized 925C (1700F) In 32 mm Rounds, Machined To 13.7 mm Rounds, Pseudocarburized At 925C (1700F) For 8 Hrs., Box Cooled To 20C, Reheated To 830C (1525F) And Oil Quenched, 150C (300F) Temper",1180.0,1015.0,16.0,0,Carburized – quenched (oil) – wear-resistant surface steel
218,2,"218,2337",AISI 4320H Steel,"Mock Carburized, Oil Quenched, 230C (450F) Temper, 25 mm Round",1025.0,724.0,17.0,8,Carburized – quenched (oil) – wear-resistant surface steel (variant)
219,2,"219,2126",AISI 4419 Steel,"Mock Carburized, 230C (450F) Temper, 50 mm Round",635.0,400.0,26.0,8,Carburized – quenched (oil) – wear-resistant surface steel (variant)
220,2,"220,2853",AISI 4150 Steel,"Normalized At 870C (1600F), Air Cooled, 50 mm (2 In.) Round",1095.0,717.0,13.0,4,Normalized (air cooled) – general-purpose steel
221,2,"221,2785",AISI 4130H Steel,"Water Quenched 855C (1570F), 540C (1000F) Temper, 25 mm (1 In.) Round",993.0,896.0,18.0,10,Quenched (water) & tempered – high-strength structural steel
222,2,"222,2855",AISI 4340 Steel,"Oil Quenched 800C (1470F), 540C (1000F) Temper, 50 mm (2 In.) Round",1172.0,1103.0,16.0,6,Quenched (oil) & tempered – high-strength structural steel
223,2,"223,2831",AISI 4150H,Annealed 815C (1500F),731.0,380.0,20.0,7,Annealed – easy-to-machine – round annealed stock
224,2,"224,2240",AISI 4320 Steel,"Mock Carburized 925C (1700F) For 8 Hrs., Reheated To 815C (1500F), Oil Quenched, 150C (300F) Temper, 50 mm (2 In.) Round",910.0,595.0,22.0,8,Carburized – quenched (oil) – wear-resistant surface steel (variant)
225,2,"225,2797",AISI 4140H Steel,"Oil Quenched 845C (1550F), Tempered 540C (1000F), 100 mm (4 In.) Round",883.0,685.0,19.0,6,Quenched (oil) & tempered – high-strength structural steel
226,2,"226,2910",AISI 4150 Steel,Annealed 815C (1500F),731.0,380.0,20.0,7,Annealed – easy-to-machine – round annealed stock
227,2,"227,2832",AISI 4340 Steel,"Annealed, 25 mm Round",745.0,470.0,22.0,3,Normalized – easy-to-machine stock (cold drawn)
228,2,"228,2262",AISI 4320H Steel,"Annealed (Heated To 850C (1560F), Furnace Cooled 15C/Hr. To 420C, Air Cooled), 25 mm Round",580.0,425.0,29.0,7,Annealed – easy-to-machine – round annealed stock
229,2,"229,2332",AISI 4118H Steel,"Mock Carburized At 925C (1700F) For 8 Hours, Reheated To 830C (1525F), Oil Quenched, 150C (300F) Temper, 230C (450F) Temper, 50 mm (2 In.) Round",645.0,314.0,28.0,8,Carburized – quenched (oil) – wear-resistant surface steel (variant)
230,2,"230,2105",AISI 4118H Steel,"Mock Carburized At 925C (1700F) For 8 Hours, Reheated To 830C (1525F), Oil Quenched, 150C (300F) Temper, 230C (450F) Temper, 14 mm (0.55 In.) Round",951.0,617.0,17.0,8,Carburized – quenched (oil) – wear-resistant surface steel (variant)
231,2,"231,2959",AISI 4340 Steel,"Oil Quenched 800C (1470F), 595C (1100F) Temper, 13 mm (0.5 In.) Round",1145.0,1117.0,17.0,6,Quenched (oil) & tempered – high-strength structural steel
232,2,"232,2210",AISI 4320H Steel,"Normalized: Heated To 895C (1640F), Air Cooled, 25 mm Round",793.0,460.0,20.0,4,Normalized (air cooled) – general-purpose steel
233,2,"233,2216",AISI 4320H Steel,"Mock Carburized, Oil Quenched, 150C (300F) Temper, 100 mm (4 In.) Round",827.0,515.0,24.0,8,Carburized – quenched (oil) – wear-resistant surface steel (variant)
234,2,"234,2212",AISI 4320H Steel,"Double Quenched And Tempered: (Carburized 925C (1700F) For 8 Hrs., Pot Cooled, Reheated To 815C (1500F), Quenched In Agitated Oil, Reheated To 775C (1425F), Quenched In Agitated Oil, 150C (300F) Temper); 1.9 mm Case Depth",1050.0,670.0,19.0,5,Carburized – quenched (oil) – wear-resistant surface steel (variant)
235,2,"235,2142",AISI 4419H Steel,"Normalized At 955C (1750F), 25 mm (1 In.) Round",515.0,350.0,32.0,4,Normalized (air cooled) – general-purpose steel
236,2,"236,2174",AISI 4320H Steel,"Single Quenched And Tempered: (Carburized 925C (1700F) For 8 Hrs., Pot Cooled, Reheated To 830C (1525F), Quenched In Agitated Oil, 150C (300F) Temper); 1.9 mm Case Depth",1505.0,1225.0,13.0,5,Carburized – quenched (oil) – wear-resistant surface steel (variant)
237,2,"237,2166",AISI 4320 Steel,"Direct Quench From Pot (Carburized 925C (1700F) For 8 Hrs., Quenched In Agitated Oil, 150C (300F) Temper), 1.5 mm Case Depth",1495.0,1105.0,13.0,5,Carburized – quenched (oil) – wear-resistant surface steel (variant)
238,2,"238,2192",AISI 4320H Steel,"Normalized 925C (1700F), Pseudocarburized At 925C (1700F) For 8 Hrs., Reheated To 830C (1525F) And Oil Quenched, 150C (300F) Temper; Tested In 12.8 mm Rounds",1110.0,958.0,16.0,0,Carburized – quenched (oil) – wear-resistant surface steel
239,2,"239,2197",AISI 4320H Steel,Annealed At 850C (1560F),580.0,425.0,29.0,7,Annealed – easy-to-machine – round annealed stock
240,2,"240,2222",AISI 4320H Steel,"Double Quenched And Tempered: (Carburized 925C (1700F) For 8 Hrs., Pot Cooled, Reheated To 815C (1500F), Quenched In Agitated Oil, Reheated To 775C (1425F), Quenched In Agitated Oil, 230C (450F) Temper); 1.9 mm Case Depth",1005.0,650.0,21.0,5,Carburized – quenched (oil) – wear-resistant surface steel (variant)
241,2,"241,2223",AISI 4419H Steel,"Annealed At 915C (1675F), 25 mm (1 In.) Round",450.0,330.0,31.0,7,Annealed – easy-to-machine – round annealed stock
242,2,"242,2167",AISI 4118H Steel,"Mock Carburized At 925C (1700F) For 8 Hours, Reheated To 830C (1525F), Oil Quenched, 150C (300F) Temper, 230C (450F) Temper, 25 mm (1 In.) Round",793.0,441.0,22.0,8,Carburized – quenched (oil) – wear-resistant surface steel (variant)
243,2,"243,2145",AISI 4320 Steel,"Normalized 925C (1700F) In 32 mm Rounds, Machined To 13.7 mm Rounds, Pseudocarburized 925C (1700F) For 8 Hrs., Box Cooled To Rt, Reheated To 775C, Oil Quenched, 150C (300F) Temper, Tested In 12.8 mm Rounds",1040.0,869.0,15.0,0,Carburized – quenched (oil) – wear-resistant surface steel
244,2,"244,2892",AISI 4340 Steel,"Oil Quenched 800C (1470F), 650C (1200F) Temper, 100 mm",855.0,731.0,21.0,6,Quenched (oil) & tempered – high-strength structural steel
245,2,"245,2213",AISI 4118 Steel,"Double Quenched And Tempered, Carburized, 230C (450F) Temper",827.0,435.0,22.0,5,Carburized – quenched (oil) – wear-resistant surface steel (variant)
246,2,"246,3036",AISI 4340 Steel,"Oil Quenched 800C (1470F), 595C (1100F) Temper, 50 mm (2 In.) Round",1014.0,958.0,19.0,6,Quenched (oil) & tempered – high-strength structural steel
247,2,"247,2895",AISI 4340H Steel,Annealed 810C (1490F),745.0,475.0,22.0,7,Annealed – easy-to-machine – round annealed stock
248,2,"248,2528",AISI 4320 Steel,"Mock Carburized 925C (1700F) For 8 Hrs., Reheated To 815C (1500F), Oil Quenched, 230C (450F) Temper, 100 mm (4 In.) Round",814.0,515.0,22.0,8,Carburized – quenched (oil) – wear-resistant surface steel (variant)
249,2,"249,2201",AISI 4419H Steel,"Single Quenched And Tempered, 150C (300F)",712.0,450.0,24.0,5,Carburized – quenched (oil) – wear-resistant surface steel (variant)
250,2,"250,2149",AISI 4320 Steel,"Normalized 925C (1700F) In 32 mm Rounds, Machined To 13.7 mm Rounds, Pseudocarburized 925C (1700F) For 8 Hrs., Box Cooled To Rt, Reheated To 800C (1470F), Oil Quenched, 150C (300F) Temper, Tested In 12.8 mm Rounds",1080.0,896.0,16.0,0,Carburized – quenched (oil) – wear-resistant surface steel
251,2,"251,2856",AISI 4340 Steel,"Oil Quenched 845C, 425C (800F) Temper",1595.0,1475.0,12.0,6,Quenched (oil) & tempered – high-strength structural steel
252,2,"252,2813",AISI 4150H Steel,"Normalized At 870C (1600F), Air Cooled, 13 mm (0.5 In.) Round",1340.0,896.0,10.0,4,Normalized (air cooled) – general-purpose steel
253,2,"253,2182",AISI 4419 Steel,"Normalized At 955C (1750F), 50 mm (2 In.) Round",495.0,345.0,30.0,4,Normalized (air cooled) – general-purpose steel
254,2,"254,3157",AISI 4340 Steel,"Normalized, 50 mm (2 In.) Round",1220.0,786.0,13.0,9,Normalized – general-purpose steel (round normalized stock)
255,2,"255,2863",AISI 4340 Steel,"Normalized, 25 mm Round",1282.0,862.0,12.0,9,Normalized – general-purpose steel (round normalized stock)
256,2,"256,2300",AISI 4419 Steel,"Double Quenched, 150C (300F) Temper",734.0,377.0,21.0,5,Carburized – quenched (oil) – wear-resistant surface steel (variant)
257,2,"257,3078",AISI E4340 Steel,"Oil Quenched 800C (1470F), 650C (1200F) Temper, 25 mm Round",958.0,883.0,20.0,6,Quenched (oil) & tempered – high-strength structural steel
258,2,"258,2242",AISI 4320H Steel,Normalized At 895C (1640F),793.0,460.0,20.0,4,Normalized (air cooled) – general-purpose steel
259,2,"259,2911",AISI E4340 Steel,"Oil Quenched 800C (1470F), 540C (1000F) Temper, 100 mm (4 In.) Round",1138.0,1000.0,15.0,6,Quenched (oil) & tempered – high-strength structural steel
260,2,"260,2253",AISI 4419 Steel,"Mock Carburized, 230C (450F) Temper, 100 mm (4 In.) Round",580.0,330.0,27.0,8,Carburized – quenched (oil) – wear-resistant surface steel (variant)
261,2,"261,2228",AISI 4320 Steel,"Single Quenched And Tempered (Carburized 925C (1700F) For 8Hrs, Pot Cooled, Reheated To 815C (1500F), Quenched In Agitated Oil, 230C (450F) Temper), 1.9 mm Case Depth",1460.0,1195.0,12.0,5,Carburized – quenched (oil) – wear-resistant surface steel (variant)
262,2,"262,2871",AISI 4340H Steel,Normalized 870C (1600F),1280.0,860.0,12.0,4,Normalized (air cooled) – general-purpose steel
263,2,"263,2851",AISI 4140H Steel,"Heat Treated, Tempered 705C (1300F), 25 mm (1 In.) Round",807.0,689.0,23.0,0,Carburized – quenched (oil) – wear-resistant surface steel
264,2,"264,2195",AISI 4320 Steel,"Normalized 925C (1700F) In 32 mm Rounds, Machined To 25 mm (1 In.) Rounds, Pseudocarburized 925C (1700F) For 8 Hrs., Box Cooled To Rt, Reheated To 800C (1470F), Oil Quenched, 150C (300F) Temper, Tested In 12.8 mm Rounds",1025.0,848.0,15.0,0,Carburized – quenched (oil) – wear-resistant surface steel
265,2,"265,2852",AISI 4340 Steel,"Normalized, 100 mm (4 In.) Round",1110.0,710.0,13.0,9,Normalized – general-purpose steel (round normalized stock)
266,2,"266,2206",AISI 4320 Steel,Normalized At 895C (1640F),793.0,460.0,20.0,4,Normalized (air cooled) – general-purpose steel
267,2,"267,2898",AISI E4340 Steel,"Oil Quenched 800C (1470F), 540C (1000F) Temper, 13 mm (0.5 In.) Round",1255.0,1165.0,13.0,6,Quenched (oil) & tempered – high-strength structural steel
268,2,"268,2207",AISI 4320 Steel,"Normalized 925C (1700F) In 32 mm Rounds, Machined To 25 mm (1 In.) Rounds, Pseudocarburized 925C (1700F) For 8 Hrs., Box Cooled To Rt, Reheated To 830C (1525F), Oil Quenched, 150C (300F) Temper, Tested In 12.8 mm Rounds",1110.0,958.0,16.0,0,Carburized – quenched (oil) – wear-resistant surface steel
269,2,"269,3119",AISI 4340 Steel,"Oil Quenched 855C (1570F), 230C (450F) Temper For 4 Hrs.",1855.0,1550.0,12.0,6,Quenched (oil) & tempered – high-strength structural steel
270,2,"270,2247",AISI 4320H Steel,"Normalized: Heated To 895C (1640F), Air Cooled, 100 mm (4 In.) Round",703.0,395.0,22.0,4,Normalized (air cooled) – general-purpose steel
271,2,"271,2202",AISI 4320H Steel,"Normalized 925C (1700F), Pseudocarburized At 925C (1700F) For 8 Hrs., Reheated To 775C (1425F) And Oil Quenched, 150C (300F) Temper",958.0,793.0,15.0,0,Carburized – quenched (oil) – wear-resistant surface steel
272,2,"272,2861",AISI 4140H Steel,"Heat Treated, Tempered 260C (500F), 25 mm (1 In.) Round",1860.0,1655.0,11.0,0,Carburized – quenched (oil) – wear-resistant surface steel
273,2,"273,2788",AISI 4140H Steel,"Oil Quenched 845C (1550F), Tempered 540C (1000F), 13 mm (0.5 In.) Round",1185.0,1110.0,15.0,6,Quenched (oil) & tempered – high-strength structural steel
274,2,"274,2230",AISI 4320 Steel,"Mock Carburized 925C (1700F) For 8 Hrs., Reheated To 815C (1500F), Oil Quenched, 230C (450F) Temper, 50 mm (2 In.) Round",896.0,585.0,20.0,8,Carburized – quenched (oil) – wear-resistant surface steel (variant)
275,2,"275,2889",AISI E4340 H Steel,"Normalized, 25 mm Round",1282.0,862.0,12.0,9,Normalized – general-purpose steel (round normalized stock)
276,2,"276,2874",AISI 4150H Steel,"Normalized At 870C (1600F), Air Cooled, 50 mm (2 In.) Round",1095.0,717.0,13.0,4,Normalized (air cooled) – general-purpose steel
277,2,"277,2976",AISI E4340 H Steel,"Oil Quenched 800C (1470F), 595C (1100F) Temper, 13 mm (0.5 In.) Round",1145.0,1117.0,17.0,6,Quenched (oil) & tempered – high-strength structural steel
278,2,"278,2187",AISI 4320 Steel,Annealed At 850C (1560F),580.0,425.0,29.0,7,Annealed – easy-to-machine – round annealed stock
279,2,"279,2176",AISI 4320H Steel,"Mock Carburized, Oil Quenched, 150C (300F) Temper, 13 mm (0.5 In.) Round",1460.0,1125.0,11.0,8,Carburized – quenched (oil) – wear-resistant surface steel (variant)
280,2,"280,2255",AISI 4320 Steel,"Mock Carburized 925C (1700F) For 8 Hrs., Reheated To 815C (1500F), Oil Quenched, 230C (450F) Temper, 25 mm (1 In.) Rounds",1025.0,724.0,17.0,8,Carburized – quenched (oil) – wear-resistant surface steel (variant)
281,2,"281,2261",AISI 4320H Steel,"Normalized 925C (1700F), Pseudocarburized At 925C (1700F) For 8 Hrs., Oil Quenched, 150C (300F) Temper",1150.0,972.0,14.0,0,Carburized – quenched (oil) – wear-resistant surface steel
282,2,"282,2864",AISI 4150 Steel,"Oil Quenched 830C (1525F), 540C (1000F) Temper, 13 mm (0.5 In.) Round",1310.0,1215.0,13.0,6,Quenched (oil) & tempered – high-strength structural steel
283,2,"283,2193",AISI 4320H Steel,"Single Quenched And Tempered: (Carburized 925C (1700F) For 8 Hrs., Pot Cooled, Reheated To 830C (1525F), Quenched In Agitated Oil, 230C (450F) Temper); 1.9 mm Case Depth",1460.0,1195.0,12.0,5,Carburized – quenched (oil) – wear-resistant surface steel (variant)
284,2,"284,2173",AISI 4419 Steel,"Direct Quenched From Pot, 150C (300F) Temper",831.0,608.0,19.0,5,Carburized – quenched (oil) – wear-resistant surface steel (variant)
285,2,"285,2924",AISI E4340 H Steel,"Normalized, 100 mm (4 In.) Round",1110.0,710.0,13.0,9,Normalized – general-purpose steel (round normalized stock)
286,2,"286,3009",AISI 4340 Steel,"Oil Quenched 800C (1470F), 595C (1100F) Temper, 100 mm (4 In.) Round",924.0,786.0,19.0,6,Quenched (oil) & tempered – high-strength structural steel
287,2,"287,2215",AISI 4320 Steel,"Normalized 925C (1700F) In 32 mm Rounds, Machined To 13.7 mm Rounds, Pseudocarburized 925C (1700F) For 8 Hrs., Oil Quenched, 150C (300F) Temper, Tested In 12.8 mm Rounds",1240.0,1020.0,14.0,0,Carburized – quenched (oil) – wear-resistant surface steel
288,2,"288,2250",AISI 4320H Steel,"Mock Carburized, Oil Quenched, 150C (300F) Temper, 25 mm Round",1050.0,738.0,17.0,8,Carburized – quenched (oil) – wear-resistant surface steel (variant)
289,2,"289,2912",AISI 4340 Steel,"Oil Quenched 800C (1470F), 540C (1000F) Temper, 100 mm (4 In.) Round",1138.0,1000.0,15.0,6,Quenched (oil) & tempered – high-strength structural steel
290,2,"290,2224",AISI 4320H Steel,"Mock Carburized, Oil Quenched, 150C (300F) Temper, 50 mm (2 In.) Round",910.0,595.0,22.0,8,Carburized – quenched (oil) – wear-resistant surface steel (variant)
291,2,"291,2882",AISI E4340 Steel,"Oil Quenched 800C (1470F), 650C (1200F) Temper, 50 mm (2 In.) Round",931.0,834.0,20.0,6,Quenched (oil) & tempered – high-strength structural steel
292,2,"292,2960",AISI 4340 Steel,"Oil Quenched 800C (1470F), 595C (1100F) Temper, 25 mm Round",1138.0,1096.0,16.0,6,Quenched (oil) & tempered – high-strength structural steel
293,2,"293,3088",AISI E4340 H Steel,"Oil Quenched 800C (1470F), 595C (1100F) Temper, 25 mm Round",1138.0,1096.0,16.0,6,Quenched (oil) & tempered – high-strength structural steel
294,2,"294,2901",AISI 4340 Steel,"Oil Quenched 800C (1470F), 650C (1200F) Temper, 25 mm Round",958.0,883.0,20.0,6,Quenched (oil) & tempered – high-strength structural steel
295,2,"295,2869",AISI 4340 Steel,"Oil Quenched 800C (1470F), 540C (1000F) Temper, 25 mm Round",1207.0,1145.0,14.0,6,Quenched (oil) & tempered – high-strength structural steel
296,2,"296,2920",AISI E4340 Steel,Normalized 870C (1600F),1280.0,860.0,12.0,4,Normalized (air cooled) – general-purpose steel
297,2,"297,2762",AISI 4130 Steel,"Water Quenched 855C (1570F), 480C (900F) Temper, 25 mm (1 In.) Round",1110.0,951.0,14.0,10,Quenched (water) & tempered – high-strength structural steel
298,2,"298,2914",AISI E4340 Steel,"Oil Quenched 800C (1470F), 595C (1100F) Temper, 25 mm Round",1138.0,1096.0,16.0,6,Quenched (oil) & tempered – high-strength structural steel
299,2,"299,2873",AISI E4340 Steel,"Oil Quenched 800C (1470F), 540C (1000F) Temper, 50 mm (2 In.) Round",1172.0,1103.0,16.0,6,Quenched (oil) & tempered – high-strength structural steel
300,2,"300,2991",AISI E4340 H Steel,"Oil Quenched 800C (1470F), 595C (1100F) Temper, 100 mm Round",924.0,786.0,19.0,6,Quenched (oil) & tempered – high-strength structural steel
301,2,"301,2237",AISI 4320H Steel,"Normalized 925C (1700F), Pseudocarburized At 925C (1700F) For 8 Hrs., Reheated To 800C (1470F) And Oil Quenched, 150C (300F) Temper",1025.0,848.0,15.0,0,Carburized – quenched (oil) – wear-resistant surface steel
302,2,"302,2591",AISI 4320H Steel,"Normalized 925C (1700F) In 32 mm Rounds, Machined To 13.7 mm Rounds, Pseudocarburized At 925C (1700F) For 8 Hrs., Box Cooled To 20C, Oil Quenched, 150C (300F) Temper",1240.0,1020.0,14.0,0,Carburized – quenched (oil) – wear-resistant surface steel
303,2,"303,2880",AISI E4340 Steel,"Oil Quenched 800C (1470F), 650C (1200F) Temper, 100 mm (4 In.) Round",855.0,731.0,21.0,6,Quenched (oil) & tempered – high-strength structural steel
304,2,"304,2897",AISI 4340 Steel,"Oil Quenched 800C (1470F), 540C (1000F) Temper, 13 mm (0.5 In.) Round",1255.0,1165.0,13.0,6,Quenched (oil) & tempered – high-strength structural steel
305,2,"305,2269",AISI 4422 Steel,"Heat Treated In 25 mm Rounds, Reheated To 870C (1600F), 150C (300F) Temper",827.0,540.0,20.0,0,Carburized – quenched (oil) – wear-resistant surface steel
306,2,"306,2951",AISI E4340 Steel,"Oil Quenched 845C, 650C (1200F) Temper",1005.0,938.0,20.0,6,Quenched (oil) & tempered – high-strength structural steel
307,2,"307,2906",AISI E4340 H Steel,"Oil Quenched 845C, 425C (800F) Temper",1595.0,1475.0,12.0,6,Quenched (oil) & tempered – high-strength structural steel
308,2,"308,2884",AISI E4340 Steel,"Normalized, 25 mm Round",1282.0,862.0,12.0,9,Normalized – general-purpose steel (round normalized stock)
309,2,"309,2200",AISI 4320 Steel,"Normalized 895C (1640F), Air Cooled, 13 mm (0.5 In.) Round",841.0,510.0,23.0,4,Normalized (air cooled) – general-purpose steel
310,2,"310,2993",AISI E4340 Steel,"Oil Quenched 800C (1470F), 595C (1100F) Temper, 100 mm (4 In.) Round",924.0,786.0,19.0,6,Quenched (oil) & tempered – high-strength structural steel
311,2,"311,2246",AISI 4419 Steel,"Single Quenched, 230C (450F) Temper",708.0,431.0,24.0,5,Carburized – quenched (oil) – wear-resistant surface steel (variant)
312,2,"312,2283",AISI 4320 Steel,"Single Quenched And Tempered (Carburized 925C (1700F) For 8Hrs, Pot Cooled, Reheated To 830C (1525F), Quenched In Agitated Oil, 150C (300F) Temper)",1505.0,1225.0,13.0,5,Carburized – quenched (oil) – wear-resistant surface steel (variant)
313,2,"313,2296",AISI 4320 Steel,"Annealed (Heated To 850C (1560F), Furnace Cooled 15C/Hr. To 420C, Air Cooled), 25 mm (1 In.) Round",580.0,425.0,29.0,7,Annealed – easy-to-machine – round annealed stock
314,2,"314,2248",AISI 4427 Steel,"Heat Treated In 13.7 mm Rounds, Reheated To 805C (1480F), 150C (300F) Temper",924.0,724.0,14.0,0,Carburized – quenched (oil) – wear-resistant surface steel
315,2,"315,2931",AISI E4340 Steel,Annealed 810C,745.0,475.0,22.0,7,Annealed – easy-to-machine – round annealed stock
316,2,"316,2159",AISI 4419H Steel,"Direct Quenched From Pot And Tempered, 150C (300F)",831.0,608.0,19.0,5,Carburized – quenched (oil) – wear-resistant surface steel (variant)
317,2,"317,2929",AISI E4340 Steel,"Annealed, 25 mm Round",745.0,470.0,22.0,3,Normalized – easy-to-machine stock (cold drawn)
318,2,"318,2899",AISI E4340 H Steel,"Oil Quenched 800C (1470F), 595C (1100F) Temper, 50 mm (2 In.) Round",1014.0,958.0,19.0,6,Quenched (oil) & tempered – high-strength structural steel
319,2,"319,2144",AISI 4118H Steel,"Mock Carburized At 925C (1700F) For 8 Hours, Reheated To 830C (1525F), Oil Quenched, 150C (300F) Temper, 50 mm (2 In.) Round",669.0,317.0,26.0,8,Carburized – quenched (oil) – wear-resistant surface steel (variant)
320,2,"320,2232",AISI 4419H Steel,"Normalized At 955C (1750F), 14 mm (0.55 In.) Round",540.0,360.0,33.0,4,Normalized (air cooled) – general-purpose steel
321,2,"321,2902",AISI 4150 Steel,"Oil Quenched 830C (1525F), 595C (1100F) Temper, 25 mm (1 In.) Round",1145.0,1034.0,15.0,6,Quenched (oil) & tempered – high-strength structural steel
322,2,"322,2199",AISI 4419H Steel,"Mock Carburized, 150C (300F) Temper, 25 mm (1 In.) Round",670.0,435.0,24.0,8,Carburized – quenched (oil) – wear-resistant surface steel (variant)
323,2,"323,2234",AISI 4620 Steel,"Mock Carburized, 150C (300F) Temper, 13 mm (0.5 In.) Round",876.0,620.0,20.0,8,Carburized – quenched (oil) – wear-resistant surface steel (variant)
324,2,"324,2140",AISI 4419H Steel,"Normalized At 955C (1750F), 50 mm (2 In.) Round",495.0,345.0,30.0,4,Normalized (air cooled) – general-purpose steel
325,2,"325,2941",AISI E4340 Steel,"Normalized, 50 mm (2 In.) Round",1220.0,786.0,13.0,9,Normalized – general-purpose steel (round normalized stock)
326,2,"326,3075",AISI 4340 Steel,"Oil Quenched 800C (1470F), 650C (1200F) Temper, 13 mm (0.5 In.) Round",1000.0,938.0,20.0,6,Quenched (oil) & tempered – high-strength structural steel
327,2,"327,2139",AISI 4419H Steel,"Mock Carburized, 230C (450F) Temper, 14 mm (0.55 In.) Round",710.0,425.0,24.0,8,Carburized – quenched (oil) – wear-resistant surface steel (variant)
328,2,"328,3045",AISI E4340 H Steel,"Oil Quenched 800C (1470F), 650C (1200F) Temper, 50 mm Round",931.0,834.0,20.0,6,Quenched (oil) & tempered – high-strength structural steel
329,2,"329,2245",AISI 4620 Steel,"Normalized, Machined To 13.7 mm Rounds, Pseudocarburized, Reheated To 775C (1430F), Quenched And Tempered",910.0,738.0,14.0,0,Carburized – quenched (oil) – wear-resistant surface steel
330,2,"330,2890",AISI E4340 Steel,"Oil Quenched 800C (1470F), 540C (1000F) Temper, 25 mm Round",1207.0,1145.0,14.0,6,Quenched (oil) & tempered – high-strength structural steel
331,2,"331,2905",AISI E4340 H Steel,"Annealed, 25 mm Round",745.0,470.0,22.0,3,Normalized – easy-to-machine stock (cold drawn)
332,2,"332,2886",AISI E4340 H Steel,"Oil Quenched 800C (1470F), 540C (1000F) Temper, 50 mm (2 In.) Round",1172.0,1103.0,16.0,6,Quenched (oil) & tempered – high-strength structural steel
333,2,"333,2380",AISI 4620 Steel,"Normalized, Machined To 13.7 mm Rounds, Pseudocarburized, Reheated To 925C (1700F), Quenched And Tempered",1014.0,841.0,16.0,0,Carburized – quenched (oil) – wear-resistant surface steel
334,2,"334,2226",AISI 4427 Steel,"Heat Treated In 13.7 mm Rounds, Reheated To 865C (1590F), 150C (300F) Temper",1255.0,896.0,13.0,0,Carburized – quenched (oil) – wear-resistant surface steel
335,2,"335,2178",AISI 4320 Steel,"Mock Carburized 925C (1700F) For 8 Hrs., Reheated To 815C (1500F), Oil Quenched, 150C (300F) Temper, 13 mm (0.5 In.) Round",1460.0,1125.0,11.0,8,Carburized – quenched (oil) – wear-resistant surface steel (variant)
336,2,"336,2280",AISI 4620 Steel,"Mock Carburized, 230C (450F) Temper, 25 mm (1 In.) Round",675.0,455.0,27.0,8,Carburized – quenched (oil) – wear-resistant surface steel (variant)
337,2,"337,2900",AISI E4340 H Steel,"Oil Quenched 845C, 650C (1200F) Temper",1005.0,938.0,20.0,6,Quenched (oil) & tempered – high-strength structural steel
338,2,"338,2194",AISI 4620 Steel,"Annealed, 25 mm Round",510.0,370.0,31.0,3,Normalized – easy-to-machine stock (cold drawn)
339,2,"339,2950",AISI E4340 Steel,Annealed 810C (1490F),745.0,475.0,22.0,7,Annealed – easy-to-machine – round annealed stock
340,2,"340,2430",AISI 4620 Steel,"Normalized, Machined To 25 mm (1 In.) Rounds, Pseudocarburized, Reheated To 830C (1525F), Quenched And Tempered",945.0,752.0,17.0,0,Carburized – quenched (oil) – wear-resistant surface steel
341,2,"341,2233",AISI 4427 Steel,"Heat Treated In 25 mm Rounds, Reheated To 765C (1410F), 150C (300F) Temper",951.0,560.0,17.0,0,Carburized – quenched (oil) – wear-resistant surface steel
342,2,"342,2292",AISI 4620 Steel,"Mock Carburized, 230C (450F) Temper, 50 mm (2 In.) Round",660.0,425.0,26.0,8,Carburized – quenched (oil) – wear-resistant surface steel (variant)
343,2,"343,2217",AISI 4620 Steel,"Mock Carburized, 150C (300F) Temper, 25 mm (1 In.) Round",675.0,460.0,25.0,8,Carburized – quenched (oil) – wear-resistant surface steel (variant)
344,2,"344,2165",AISI 4320 Steel,"Mock Carburized 925C (1700F) For 8 Hrs., Reheated To 815C (1500F), Oil Quenched, 150C (300F) Temper, 100 mm (4 In.) Round",827.0,515.0,24.0,8,Carburized – quenched (oil) – wear-resistant surface steel (variant)
345,2,"345,2942",AISI 4150H Steel,"Oil Quenched 830C (1525F), 650C (1200F) Temper, 50 mm (2 In.) Round",931.0,814.0,20.0,6,Quenched (oil) & tempered – high-strength structural steel
346,2,"346,2953",AISI E4340 H Steel,"Oil Quenched 855C (1570F), 230C (450F) Temper For 4 Hrs",1855.0,1550.0,12.0,6,Quenched (oil) & tempered – high-strength structural steel
347,2,"347,2321",AISI 4620H Steel,"Normalized, Machined To 25 mm (1 In.) Rounds, Pseudocarburized, Reheated To 775C (1430F), Quenched And Tempered",883.0,758.0,16.0,0,Carburized – quenched (oil) – wear-resistant surface steel
348,2,"348,2249",AISI 4427 Steel,"Heat Treated In 13.7 mm Rounds, Oil Quenched, 150C (300F) Temper",1434.0,903.0,11.0,0,Carburized – quenched (oil) – wear-resistant surface steel
349,2,"349,2440",AISI 4620H Steel,"Normalized, 25 mm (1 In.) Round",570.0,365.0,29.0,9,Normalized – general-purpose steel (round normalized stock)
350,2,"350,3095",AISI E4340 H Steel,"Oil Quenched 800C (1470F), 650C (1200F) Temper, 13 mm (0.5 In.) Round",1000.0,938.0,20.0,6,Quenched (oil) & tempered – high-strength structural steel
351,2,"351,2878",AISI 4150 Steel,"Oil Quenched 830C (1525F), 595C (1100F) Temper, 13 mm (0.5 In.) Round",1170.0,1076.0,14.0,6,Quenched (oil) & tempered – high-strength structural steel
352,2,"352,2979",AISI E4340 H Steel,"Normalized, 13 mm (0.5 In.) Round",1448.0,972.0,12.0,9,Normalized – general-purpose steel (round normalized stock)
353,2,"353,2308",AISI 4620 Steel,"Mock Carburized, 150C (300F) Temper, 100 mm (4 In.) Round",585.0,360.0,29.0,8,Carburized – quenched (oil) – wear-resistant surface steel (variant)
354,2,"354,2273",AISI 4620H Steel,"Mock Carburized, 230C (450F) Temper, 25 mm (1 In.) Round",675.0,455.0,27.0,8,Carburized – quenched (oil) – wear-resistant surface steel (variant)
355,2,"355,2487",AISI 4620H Steel,"Normalized, Machined To 25 mm (1 In.) Rounds, Pseudocarburized, Reheated To 830C (1525F), Quenched And Tempered",945.0,752.0,17.0,0,Carburized – quenched (oil) – wear-resistant surface steel
356,2,"356,2241",AISI 4422 Steel,"Heat Treated In 13.7 mm Rounds, Oil Quenched, 150C (300F) Temper",965.0,670.0,14.0,0,Carburized – quenched (oil) – wear-resistant surface steel
357,2,"357,2330",AISI 4620 Steel,"Mock Carburized, 230C (450F) Temper, 100 mm (4 In.) Round",580.0,365.0,29.0,8,Carburized – quenched (oil) – wear-resistant surface steel (variant)
358,2,"358,2225",AISI 4620 Steel,"Single Quenched And Tempered, Carburized, Oil Quenched, 230C (450F) Temper",796.0,557.0,20.0,5,Carburized – quenched (oil) – wear-resistant surface steel (variant)
359,2,"359,2377",AISI 4620H Steel,"Mock Carburized, 150C (300F) Temper, 25 mm (1 In.) Round",675.0,460.0,25.0,8,Carburized – quenched (oil) – wear-resistant surface steel (variant)
360,2,"360,2272",AISI 4620H Steel,"Normalized, Machined To 13.7 mm Rounds, Pseudocarburized, Reheated To 800C (1470F), Quenched And Tempered",958.0,786.0,16.0,0,Carburized – quenched (oil) – wear-resistant surface steel
361,2,"361,2152",AISI 4320 Steel,"Normalized 895C (1640F), Air Cooled, 25 mm (1 In.) Round",793.0,460.0,20.0,4,Normalized (air cooled) – general-purpose steel
362,2,"362,2327",AISI 4620H Steel,"Normalized, 13 mm (0.5 In.) Round",600.0,380.0,30.0,9,Normalized – general-purpose steel (round normalized stock)
363,2,"363,2263",AISI 4620 Steel,"Normalized, 25 mm (1 In.) Round",570.0,365.0,29.0,9,Normalized – general-purpose steel (round normalized stock)
364,2,"364,2209",AISI 4427 Steel,"Heat Treated In 25 mm Rounds, Oil Quenched, 150C (300F) Temper",1076.0,670.0,14.0,0,Carburized – quenched (oil) – wear-resistant surface steel
365,2,"365,2205",AISI 4320H Steel,"Mock Carburized, Oil Quenched, 230C (450F) Temper, 13 mm (0.5 In.) Round",1295.0,1035.0,13.0,8,Carburized – quenched (oil) – wear-resistant surface steel (variant)
366,2,"366,2915",AISI E4340 H Steel,"Oil Quenched 800C (1470F), 540C (1000F) Temper, 100 mm (4 In.) Round",1138.0,1000.0,15.0,6,Quenched (oil) & tempered – high-strength structural steel
367,2,"367,2301",AISI 4620 Steel,"Single Quenched And Tempered, Carburized, Oil Quenched, 150C (300F) Temper",822.0,576.0,19.0,5,Carburized – quenched (oil) – wear-resistant surface steel (variant)
368,2,"368,2299",AISI 4620H Steel,"Double Quenched And Tempered, Carburized, Oil Quenched, 230C (450F) Temper",795.0,531.0,22.0,5,Carburized – quenched (oil) – wear-resistant surface steel (variant)
369,2,"369,2342",AISI 4620H Steel,"Normalized, Machined To 13.7 mm Rounds, Pseudocarburized, Reheated To 925C (1700F), Quenched And Tempered",1014.0,841.0,16.0,0,Carburized – quenched (oil) – wear-resistant surface steel
370,2,"370,2955",AISI 4340 Steel,"Oil Quenched 845C, 650C (1200F) Temper",1005.0,938.0,20.0,6,Quenched (oil) & tempered – high-strength structural steel
371,2,"371,2937",AISI E4340 H Steel,"Normalized, 50 mm (2 In.) Round",1220.0,786.0,13.0,9,Normalized – general-purpose steel (round normalized stock)
372,2,"372,2426",AISI 4620 Steel,"Normalized, 13 mm (0.5 In.) Round",600.0,380.0,30.0,9,Normalized – general-purpose steel (round normalized stock)
373,2,"373,3022",AISI E4340 Steel,"Oil Quenched 800C (1470F), 650C (1200F) Temper, 13 mm (0.5 In.) Round",1000.0,938.0,20.0,6,Quenched (oil) & tempered – high-strength structural steel
374,2,"374,2252",AISI 4422 Steel,"Heat Treated In 13.7 mm Rounds, Reheated To 870C (1600F), 150C (300F) Temper",896.0,640.0,17.0,0,Carburized – quenched (oil) – wear-resistant surface steel
375,2,"375,2254",AISI 4419H Steel,"Mock Carburized, 150C (300F) Temper, 50 mm (2 In.) Round",660.0,415.0,25.0,8,Carburized – quenched (oil) – wear-resistant surface steel (variant)
376,2,"376,2218",AISI 4427 Steel,"Heat Treated In 25 mm Rounds, Reheated To 805C (1480F), 150C (300F) Temper",945.0,550.0,17.0,0,Carburized – quenched (oil) – wear-resistant surface steel
377,2,"377,2908",AISI E4340 Steel,"Oil Quenched 845C, 425C (800F) Temper",1595.0,1475.0,12.0,6,Quenched (oil) & tempered – high-strength structural steel
378,2,"378,2267",AISI 4718H Steel,"Pseudocarburized, Reheated To 765C (1700F) And Oil Quenched, 150C (300F) Temper, 25 mm Round",1096.0,601.0,14.0,0,Carburized – quenched (oil) – wear-resistant surface steel
379,2,"379,2271",AISI 4422 Steel,"Heat Treated In 25 mm Rounds, Oil Quenched, 150C (300F) Temper",862.0,560.0,18.0,0,Carburized – quenched (oil) – wear-resistant surface steel
380,2,"380,2275",AISI 4718H Steel,"Pseudocarburized And Oil Quenched, 150C (300F) Temper, 13.7 mm Round",1324.0,1010.0,14.0,0,Carburized – quenched (oil) – wear-resistant surface steel
381,2,"381,2349",AISI 4320 Steel,"Mock Carburized 925C (1700F) For 8 Hrs., Reheated To 815C (1500F), Oil Quenched, 150C (300F) Temper, 25 mm (1 In.) Round",1050.0,738.0,17.0,8,Carburized – quenched (oil) – wear-resistant surface steel (variant)
382,2,"382,2284",AISI 4718 Steel,"Pseudocarburized, Reheated To 765C (1410F) And Oil Quenched, 150C (300F) Temper, 13.7 mm Round",1131.0,735.0,9.0,0,Carburized – quenched (oil) – wear-resistant surface steel
383,2,"383,2203",AISI 4620 Steel,"Mock Carburized, 230C (450F) Temper, 13 mm (0.5 In.) Round",814.0,560.0,21.0,8,Carburized – quenched (oil) – wear-resistant surface steel (variant)
384,2,"384,2318",AISI 4815H Steel,"Pseudocarburized, Reheated To 830C (1525F) And Oil Quenched, 150C (300F) Temper, 13.7 mm (1 In.) Round",1165.0,1005.0,15.0,0,Carburized – quenched (oil) – wear-resistant surface steel
385,2,"385,2386",AISI 4815 Steel,"Pseudocarburized, Reheated To 775C (1430F) And Oil Quenched, 150C (300F) Temper, 13.7 mm (1 In.) Round",1115.0,951.0,15.0,0,Carburized – quenched (oil) – wear-resistant surface steel
386,2,"386,2257",AISI 4620H Steel,"Normalized, 50 mm (2 In.) Round",550.0,365.0,29.0,9,Normalized – general-purpose steel (round normalized stock)
387,2,"387,2904",AISI E4340 Steel,"Oil Quenched 800C (1470F), 595C (1100F) Temper, 13 mm (0.5 In.) Round",1145.0,1117.0,17.0,6,Quenched (oil) & tempered – high-strength structural steel
388,2,"388,2236",AISI 4620H Steel,"Mock Carburized, 230C (450F) Temper, 13 mm (0.5 In.) Round",814.0,560.0,21.0,8,Carburized – quenched (oil) – wear-resistant surface steel (variant)
389,2,"389,2338",AISI 4620H Steel,"Normalized, Machined To 25 mm (1 In.) Rounds, Pseudocarburized, Reheated To 925C (1700F), Quenched And Tempered",965.0,772.0,15.0,0,Carburized – quenched (oil) – wear-resistant surface steel
390,2,"390,2310",AISI 4620H Steel,"Normalized, Machined To 25 mm (1 In.) Rounds, Pseudocarburized, Reheated To 800C (1470F), Quenched And Tempered",910.0,724.0,16.0,0,Carburized – quenched (oil) – wear-resistant surface steel
391,2,"391,2565",AISI 4718H Steel,"Pseudocarburized, Reheated To 800C (1470F) And Oil Quenched, 150C (300F) Temper, 13.7 mm Round",1159.0,834.0,13.0,0,Carburized – quenched (oil) – wear-resistant surface steel
392,2,"392,2322",AISI 4820 Steel,"Single Quenched And Tempered (230C (450F)), 1.2 mm Case Depth",1415.0,1272.0,13.0,5,Carburized – quenched (oil) – wear-resistant surface steel (variant)
393,2,"393,2473",AISI 4815 Steel,"Pseudocarburized And Oil Quenched, 150C (300F) Temper, 25 mm (1 In.) Round",1095.0,917.0,16.0,0,Carburized – quenched (oil) – wear-resistant surface steel
394,2,"394,2390",AISI 4820 Steel,"Direct Quenched From Pot, Tempered (230C (450F)), 0.99 mm Case Depth",1382.0,1170.0,12.0,5,Carburized – quenched (oil) – wear-resistant surface steel (variant)
395,2,"395,2191",AISI 4422 Steel,"Heat Treated In 25 mm Rounds, Reheated To 820C (1510F), 150C (300F) Temper",758.0,400.0,18.0,0,Carburized – quenched (oil) – wear-resistant surface steel
396,2,"396,2304",AISI 4820 Steel,"Single Quenched And Tempered, 150C (300F), 1.2 mm Case Depth",1431.0,1150.0,13.0,5,Carburized – quenched (oil) – wear-resistant surface steel (variant)
397,2,"397,2850",AISI 4340 Steel,"Oil Quenched 800C (1470F), 650C (1200F) Temper, 50 mm (2 In.) Round",931.0,834.0,20.0,6,Quenched (oil) & tempered – high-strength structural steel
398,2,"398,2279",AISI 4815H Steel,"Pseudocarburized And Oil Quenched, 150C (300F) Temper, 13.7 mm (1 In.) Round",1170.0,1070.0,14.0,0,Carburized – quenched (oil) – wear-resistant surface steel
399,2,"399,2276",AISI 4718 Steel,"Pseudocarburized And Oil Quenched, 150C (300F) Temper, 13.7 mm Round",1324.0,1010.0,14.0,0,Carburized – quenched (oil) – wear-resistant surface steel
400,2,"400,2285",AISI 4820 Steel,"Heat Treated, Machined To 13.7 mm, Pseudocarburized, Reheated To 730C (1350F), 150C (300F) Temper",1363.0,945.0,13.0,0,Carburized – quenched (oil) – wear-resistant surface steel
401,2,"401,2381",AISI 4620H Steel,"Mock Carburized, 150C (300F) Temper, 100 mm (4 In.) Round",585.0,360.0,29.0,8,Carburized – quenched (oil) – wear-resistant surface steel (variant)
402,2,"402,2474",AISI 4718H Steel,"Pseudocarburized, Reheated To 850C (1560F) And Oil Quenched, 150C (300F) Temper, 25 mm Round",1096.0,724.0,16.0,0,Carburized – quenched (oil) – wear-resistant surface steel
403,2,"403,2323",AISI 4820 Steel,"Heat Treated, Machined To 25 mm, Pseudocarburized, Reheated To 835C, 150C (300F) Temper (300F)",1322.0,1021.0,12.0,0,Carburized – quenched (oil) – wear-resistant surface steel
404,2,"404,2456",AISI 4820 Steel,"Heat Treated, Machined To 25 mm, Pseudocarburized, 150C (300F) Temper",1413.0,1085.0,11.0,0,Carburized – quenched (oil) – wear-resistant surface steel
405,2,"405,2475",AISI 4718 Steel,"Pseudocarburized, Reheated To 850C (1560F) And Oil Quenched, 150C (300F) Temper, 13.7 mm Round",1172.0,841.0,13.0,0,Carburized – quenched (oil) – wear-resistant surface steel
406,2,"406,2291",AISI 4815 Steel,"Pseudocarburized, Reheated To 775C (1430F) And Oil Quenched, 150C (300F) Temper, 25 mm (1 In.) Round",1025.0,855.0,15.0,0,Carburized – quenched (oil) – wear-resistant surface steel
407,2,"407,2389",AISI 4620 Steel,"Normalized, 50 mm (2 In.) Round",550.0,365.0,29.0,9,Normalized – general-purpose steel (round normalized stock)
408,2,"408,2406",AISI 4815H Steel,"Pseudocarburized, Reheated To 830C (1525F) And Oil Quenched, 150C (300F) Temper, 25 mm (1 In.) Round",1075.0,910.0,15.0,0,Carburized – quenched (oil) – wear-resistant surface steel
409,2,"409,2315",AISI 4820 Steel,"Heat Treated, Machined To 25 mm, Pseudocarburized, Reheated To 730C (1350F), 150C (300F) Temper",1230.0,806.0,13.0,0,Carburized – quenched (oil) – wear-resistant surface steel
410,2,"410,2376",AISI 4820 Steel,"Mock Carburized, Reheated To 800C (1470F), 150C (300F) Temper, 25 mm (1 In.) Round",1170.0,869.0,15.0,8,Carburized – quenched (oil) – wear-resistant surface steel (variant)
411,2,"411,2258",AISI 4620 Steel,"Normalized, Machined To 25 mm (1 In.) Rounds, Pseudocarburized, Reheated To 800C (1470F), Quenched And Tempered",910.0,724.0,16.0,0,Carburized – quenched (oil) – wear-resistant surface steel
412,2,"412,2297",AISI 4718 Steel,"Pseudocarburized, Reheated To 850C (1560F) And Oil Quenched, 150C (300F) Temper, 25 mm Round",1096.0,724.0,16.0,0,Carburized – quenched (oil) – wear-resistant surface steel
413,2,"413,2375",AISI 4820 Steel,Normalized 860C (1580F),760.0,485.0,24.0,4,Normalized (air cooled) – general-purpose steel
414,2,"414,2427",AISI 4820 Steel,"Mock Carburized, Reheated To 800C (1470F), 230C (450F) Temper, 50 mm (2 In.) Round",896.0,635.0,19.0,8,Carburized – quenched (oil) – wear-resistant surface steel (variant)
415,2,"415,2358",AISI 4620H Steel,"Single Quenched And Tempered, Carburized, Oil Quenched, 230C (450F) Temper",796.0,557.0,20.0,5,Carburized – quenched (oil) – wear-resistant surface steel (variant)
416,2,"416,2270",AISI 4620 Steel,"Normalized, Machined To 13.7 mm Rounds, Pseudocarburized, Reheated To 800C (1470F), Quenched And Tempered",958.0,786.0,16.0,0,Carburized – quenched (oil) – wear-resistant surface steel
417,2,"417,2281",AISI 4620H Steel,"Normalized, Machined To 13.7 mm Rounds, Pseudocarburized, Reheated To 775C (1430F), Quenched And Tempered",910.0,738.0,14.0,0,Carburized – quenched (oil) – wear-resistant surface steel
418,2,"418,2326",AISI 4820 Steel,"Annealed 815C (1500F), 25 mm (1 In.) Round",685.0,460.0,22.0,7,Annealed – easy-to-machine – round annealed stock
419,2,"419,2325",AISI 4620 Steel,"Double Quenched And Tempered, Carburized, Oil Quenched, 150C (300F) Temper",841.0,533.0,22.0,5,Carburized – quenched (oil) – wear-resistant surface steel (variant)
420,2,"420,2352",AISI 4815 Steel,"Pseudocarburized, Reheated To 800C (1470F) And Oil Quenched, 150C (300F) Temper, 25 mm (1 In.) Round",1055.0,889.0,14.0,0,Carburized – quenched (oil) – wear-resistant surface steel
421,2,"421,2305",AISI 4718H Steel,"Pseudocarburized, Reheated To 850C (1560F) And Oil Quenched, 150C (300F) Temper, 13.7 mm Round",1172.0,841.0,13.0,0,Carburized – quenched (oil) – wear-resistant surface steel
422,2,"422,2459",AISI 4815H Steel,"Pseudocarburized, Reheated To 800C (1470F) And Oil Quenched, 150C (300F) Temper, 13.7 mm (1 In.) Round",1160.0,993.0,15.0,0,Carburized – quenched (oil) – wear-resistant surface steel
423,2,"423,2274",AISI 4620H Steel,"Direct Quench From Pot, Carburized, Oil Quenched, 230C (450F) Temper",1017.0,798.0,16.0,5,Carburized – quenched (oil) – wear-resistant surface steel (variant)
424,2,"424,2260",AISI 4620 Steel,"Direct Quench From Pot, Carburized, Oil Quenched, 230C (450F) Temper",1017.0,798.0,16.0,5,Carburized – quenched (oil) – wear-resistant surface steel (variant)
425,2,"425,2429",AISI 4820H Steel,"Direct Quenched From Pot, Tempered (230C (450F)), 0.99 mm Case Depth",1382.0,1170.0,12.0,5,Carburized – quenched (oil) – wear-resistant surface steel (variant)
426,2,"426,2860",AISI 4340 Steel,"Normalized, 13 mm (0.5 In.) Round",1448.0,972.0,12.0,9,Normalized – general-purpose steel (round normalized stock)
427,2,"427,2369",AISI 4815H Steel,"Pseudocarburized, Reheated To 800C (1470F) And Oil Quenched, 150C (300F) Temper, 25 mm (1 In.) Round",1055.0,889.0,14.0,0,Carburized – quenched (oil) – wear-resistant surface steel
428,2,"428,2324",AISI 4620H Steel,"Annealed, 25 mm (1 In.) Round",510.0,370.0,31.0,3,Normalized – easy-to-machine stock (cold drawn)
429,2,"429,2397",AISI 4820H Steel,"Heat Treated, Machined To 25 mm, Pseudocarburized, Reheated To 835C, 150C (300F) Temper",1422.0,1051.0,13.0,0,Carburized – quenched (oil) – wear-resistant surface steel
430,2,"430,2286",AISI 4718 Steel,"Psueudocarburized, Reheated To 800C (1470F) And Oil Quenched, 150C (300F) Temper, 25 mm Round",1068.0,714.0,17.0,0,Carburized – quenched (oil) – wear-resistant surface steel
431,2,"431,2402",AISI 4820H Steel,"Mock Carburized, Reheated To 800C (1470F), 150C (300F) Temper, 100 mm (4 In.) Round",820.0,560.0,23.0,8,Carburized – quenched (oil) – wear-resistant surface steel (variant)
432,2,"432,2251",AISI 4427 Steel,"Heat Treated In 25 mm Rounds, Reheated To 865C (1590F), 150C (300F) Temper",1034.0,620.0,14.0,0,Carburized – quenched (oil) – wear-resistant surface steel
433,2,"433,2196",AISI 4320H Steel,"Normalized 925C (1700F), Pseudocarburized At 925C (1700F) For 8 Hrs., Reheated To 775C (1425F) And Oil Quenched, 150C (300F) Temper; Tested In 12.8 mm Rounds",1040.0,869.0,15.0,0,Carburized – quenched (oil) – wear-resistant surface steel
434,2,"434,2208",AISI 4320H Steel,"Normalized: Heated To 895C (1640F), Air Cooled, 50 mm (2 In.) Round",703.0,405.0,23.0,4,Normalized (air cooled) – general-purpose steel
435,2,"435,2424",AISI 4820H Steel,"Heat Treated, Machined To 25 mm, Pseudocarburized, 150C (300F) Temper",1448.0,1138.0,12.0,0,Carburized – quenched (oil) – wear-resistant surface steel
436,2,"436,2320",AISI 4620H Steel,"Normalized, Machined To 13.7 mm Rounds, Pseudocarburized, Reheated To 830C (1525F), Quenched And Tempered",1000.0,807.0,17.0,0,Carburized – quenched (oil) – wear-resistant surface steel
437,2,"437,2316",AISI 4820 Steel,"Heat Treated, Machined To 13.7 mm, Pseudocarburized, 150C (300F) Temper",1448.0,1138.0,12.0,0,Carburized – quenched (oil) – wear-resistant surface steel
438,2,"438,2295",AISI 4820 Steel,"Double Quenched And Tempered (150C (300F)), 1.2 mm Case Depth",1410.0,1141.0,13.0,5,Carburized – quenched (oil) – wear-resistant surface steel (variant)
439,2,"439,2312",AISI 4820H Steel,"Heat Treated, Machined To 13.7 mm, Pseudocarburized, Reheated To 835C, 150C (300F) Temper",1322.0,1021.0,12.0,0,Carburized – quenched (oil) – wear-resistant surface steel
440,2,"440,2469",AISI 4820 Steel,"Normalized 860C (1580F), 100 mm (4 In.) Round",717.0,470.0,22.0,4,Normalized (air cooled) – general-purpose steel
441,2,"441,2244",AISI 4620H Steel,"Mock Carburized, 150C (300F) Temper, 13 mm (0.5 In.) Round",876.0,620.0,20.0,8,Carburized – quenched (oil) – wear-resistant surface steel (variant)
442,2,"442,2356",AISI 4718 Steel,"Pseudocarburized, Reheated To 765C (1700F) And Oil Quenched, 150C (300F) Temper, 25 mm Round",1096.0,601.0,14.0,0,Carburized – quenched (oil) – wear-resistant surface steel
443,2,"443,2398",AISI 4718H Steel,"Pseudocarburized, Reheated To 765C (1410F) And Oil Quenched, 150C (300F) Temper, 13.7 mm Round",1131.0,735.0,9.0,0,Carburized – quenched (oil) – wear-resistant surface steel
444,2,"444,2609",AISI 4820H Steel,"Direct Quenched From Pot, Tempered (150C (300F)), 0.99 mm Case Depth",1415.0,1141.0,13.0,5,Carburized – quenched (oil) – wear-resistant surface steel (variant)
445,2,"445,2311",AISI 4718H Steel,"Pseudocarburized, Reheated To 800C (1470F) And Oil Quenched, 150C (300F) Temper, 25 mm Round",1068.0,714.0,17.0,0,Carburized – quenched (oil) – wear-resistant surface steel
446,2,"446,2288",AISI 4620H Steel,"Double Quenched And Tempered, Carburized, Oil Quenched, 150C (300F) Temper",841.0,533.0,22.0,5,Carburized – quenched (oil) – wear-resistant surface steel (variant)
447,2,"447,2313",AISI 4820H Steel,"Double Quenched And Tempered (230C (450F)), 1.2 mm Case Depth",1355.0,1182.0,13.0,5,Carburized – quenched (oil) – wear-resistant surface steel (variant)
448,2,"448,2476",AISI 4820H Steel,"Single Quenched And Tempered (230C (450F)), 1.2 mm Case Depth",1415.0,1272.0,13.0,5,Carburized – quenched (oil) – wear-resistant surface steel (variant)
449,2,"449,2365",AISI 4815 Steel,"Pseudocarburized And Oil Quenched, 150C (300F) Temper, 13.7 mm (1 In.) Round",1170.0,1070.0,14.0,0,Carburized – quenched (oil) – wear-resistant surface steel
450,2,"450,2347",AISI 4820H Steel,"Mock Carburized, Reheated To 800C (1470F), 150C (300F) Temper, 13 mm (0.5 In.) Round",1440.0,1195.0,14.0,8,Carburized – quenched (oil) – wear-resistant surface steel (variant)
451,2,"451,2947",AISI 4150H Steel,"Oil Quenched 830C (1525F), 540C (1000F) Temper, 100 mm (4 In.) Round",1095.0,883.0,15.0,6,Quenched (oil) & tempered – high-strength structural steel
452,2,"452,2345",AISI 4820H Steel,"Double Quenched And Tempered (150C (300F)), 1.2 mm Case Depth",1410.0,1141.0,13.0,5,Carburized – quenched (oil) – wear-resistant surface steel (variant)
453,2,"453,2463",AISI 4820H Steel,"Mock Carburized, Reheated To 800C (1470F), 150C (300F) Temper, 25 mm (1 In.) Round",1170.0,869.0,15.0,8,Carburized – quenched (oil) – wear-resistant surface steel (variant)
454,2,"454,2859",AISI E4340 Steel,"Normalized, 13 mm (0.5 In.) Round",1448.0,972.0,12.0,9,Normalized – general-purpose steel (round normalized stock)
455,2,"455,2298",AISI 4620H Steel,"Normalized, 100 mm (4 In.) Round",530.0,360.0,30.0,9,Normalized – general-purpose steel (round normalized stock)
456,2,"456,2290",AISI 4815 Steel,"Pseudocarburized, Reheated To 800C (1470F) And Oil Quenched, 150C (300F) Temper, 13.7 mm (1 In.) Round",1160.0,993.0,15.0,0,Carburized – quenched (oil) – wear-resistant surface steel
457,2,"457,2231",AISI 4422 Steel,"Heat Treated In 13.7 mm Rounds, Reheated To 820C (1510F), 150C (300F) Temper",841.0,455.0,16.0,0,Carburized – quenched (oil) – wear-resistant surface steel
458,2,"458,2925",AISI E4340 H Steel,"Oil Quenched 800C (1470F), 540C (1000F) Temper, 13 mm (0.5 In.) Round",1255.0,1165.0,13.0,6,Quenched (oil) & tempered – high-strength structural steel
459,2,"459,3140",AISI E4340 H Steel,"Oil Quenched 800C (1470F), 650C (1200F) Temper, 25 mm Round",958.0,883.0,20.0,6,Quenched (oil) & tempered – high-strength structural steel
460,2,"460,2268",AISI 4620 Steel,"Double Quenched And Tempered, Carburized, Oil Quenched, 230C (450F) Temper",795.0,531.0,22.0,5,Carburized – quenched (oil) – wear-resistant surface steel (variant)
461,2,"461,2243",AISI 4620H Steel,"Mock Carburized, 150C (300F) Temper, 50 mm (2 In.) Round",660.0,450.0,27.0,8,Carburized – quenched (oil) – wear-resistant surface steel (variant)
462,2,"462,2393",AISI 4820H Steel,Annealed 815C (1500F),760.0,485.0,24.0,7,Annealed – easy-to-machine – round annealed stock
463,2,"463,2412",AISI 4820H Steel,"Normalized 860C (1580F), 100 mm (4 In.) Round",717.0,470.0,22.0,4,Normalized (air cooled) – general-purpose steel
464,2,"464,2307",AISI 4820H Steel,"Single Quenched And Tempered (150C (300F)), 1.2 mm Case Depth",1431.0,1150.0,13.0,5,Carburized – quenched (oil) – wear-resistant surface steel (variant)
465,2,"465,2314",AISI 4820H Steel,"Heat Treated, Machined To 13.7 mm, Pseudocarburized, Reheated To 755C (1390F), 150C (300F) Temper",1234.0,820.0,14.0,0,Carburized – quenched (oil) – wear-resistant surface steel
466,2,"466,2341",AISI 4820 Steel,"Mock Carburized, Reheated To 800C (1470F), 150C (300F) Temper, 13 mm (0.5 In.) Round",1440.0,1195.0,14.0,8,Carburized – quenched (oil) – wear-resistant surface steel (variant)
467,2,"467,2150",AISI 4320 Steel,"Double Quenched And Tempered (Carburized 925C (1700F) For 8Hrs, Pot Cooled, Reheated To 815C (1500F), Quenched In Agitated Oil, Reheated To 775C, Quenched In Agitated Oil, 150C (300F) Temper), 1.9 mm Case Depth",1050.0,670.0,19.0,5,Carburized – quenched (oil) – wear-resistant surface steel (variant)
468,2,"468,2363",AISI 4820H Steel,"Normalized 860C (1580F), 50 mm (2 In.) Round",738.0,475.0,23.0,4,Normalized (air cooled) – general-purpose steel
469,2,"469,2340",AISI 4620H Steel,"Direct Quench From Pot, Carburized, Oil Quenched, 150C (300F) Temper",1022.0,802.0,17.0,5,Carburized – quenched (oil) – wear-resistant surface steel (variant)
470,2,"470,2360",AISI 4820H Steel,"Normalized 860C (1580F), 13 mm (0.5 In.) Round",772.0,495.0,26.0,4,Normalized (air cooled) – general-purpose steel
471,2,"471,2346",AISI 4820H Steel,"Mock Carburized, Reheated To 800C (1470F), 230C (450F) Temper, 25 mm (1 In.) Round",1125.0,827.0,15.0,8,Carburized – quenched (oil) – wear-resistant surface steel (variant)
472,2,"472,2343",AISI 4820 Steel,"Mock Carburized, Reheated To 800C (1470F), 150C (300F) Temper, 100 mm (4 In.) Round",820.0,560.0,23.0,8,Carburized – quenched (oil) – wear-resistant surface steel (variant)
473,2,"473,2339",AISI 4820H Steel,"Normalized 860C (1580F), 25 mm (1 In.) Round",758.0,485.0,24.0,4,Normalized (air cooled) – general-purpose steel
474,2,"474,2277",AISI 4620 Steel,"Normalized, 100 mm (4 In.) Round",530.0,360.0,30.0,9,Normalized – general-purpose steel (round normalized stock)
475,2,"475,2464",AISI 4820H Steel,"Mock Carburized, Reheated To 800C (1470F), 230C (450F) Temper, 100 mm (4 In.) Round",807.0,550.0,21.0,8,Carburized – quenched (oil) – wear-resistant surface steel (variant)
476,2,"476,2319",AISI 4718 Steel,"Pseudocarburized, Reheated To 800C (1470F) And Oil Quenched, 150C (300F) Temper, 13.7 mm Round",1159.0,834.0,13.0,0,Carburized – quenched (oil) – wear-resistant surface steel
477,2,"477,2467",AISI 4820 Steel,"Mock Carburized, Reheated To 800C (1470F), 230C (450F) Temper, 13 mm (0.5 In.) Round",1415.0,1170.0,13.0,8,Carburized – quenched (oil) – wear-resistant surface steel (variant)
478,2,"479,2354",AISI 4820H Steel,"Heat Treated, Machined To 13.7 mm, Pseudocarburized, 150C (300F) Temper",1413.0,1085.0,11.0,0,Carburized – quenched (oil) – wear-resistant surface steel
479,2,"480,2379",AISI 4815 Steel,"Pseudocarburized, Reheated To 830C (1525F) And Oil Quenched, 150C (300F) Temper, 13.7 mm (1 In.) Round",1165.0,1005.0,15.0,0,Carburized – quenched (oil) – wear-resistant surface steel
480,2,"481,2259",AISI 4620 Steel,"Direct Quench From Pot, Carburized, Oil Quenched, 150C (300F) Temper",1022.0,802.0,17.0,5,Carburized – quenched (oil) – wear-resistant surface steel (variant)
481,2,"482,2211",AISI 4422 Steel,"Heat Treated In 13.7 mm Rounds, Reheated To 775C (1425F), 150C (300F) Temper",827.0,370.0,14.0,0,Carburized – quenched (oil) – wear-resistant surface steel
482,2,"483,2331",AISI 4820H Steel,"Heat Treated, Machined To 25 mm, Pseudocarburized, Reheated To 730C (1350F), 150C (300F) Temper",1363.0,945.0,13.0,0,Carburized – quenched (oil) – wear-resistant surface steel
483,2,"484,2479",AISI 4820 Steel,Annealed 815C (1500F),685.0,460.0,22.0,7,Annealed – easy-to-machine – round annealed stock
484,2,"485,2309",AISI 4815H Steel,"Pseudocarburized, Reheated To 775C (1430F) And Oil Quenched, 150C (300F) Temper, 13.7 mm (1 In.) Round",1115.0,951.0,15.0,0,Carburized – quenched (oil) – wear-resistant surface steel
485,2,"486,2457",AISI 4820 Steel,"Normalized 860C (1580F), 13 mm (0.5 In.) Round",772.0,495.0,26.0,4,Normalized (air cooled) – general-purpose steel
486,2,"487,2395",AISI 4620H Steel,"Single Quenched And Tempered, Carburized, Oil Quenched, 150C (300F) Temper",822.0,576.0,19.0,5,Carburized – quenched (oil) – wear-resistant surface steel (variant)
487,2,"488,2287",AISI 4718 Steel,"Pseudocarburized And Oil Quenched, 150C (300F) Temper, 25 mm Round",1127.0,812.0,15.0,0,Carburized – quenched (oil) – wear-resistant surface steel
488,2,"489,2454",AISI 4815 Steel,"Pseudocarburized, Reheated To 830C (1525F) And Oil Quenched, 150C (300F) Temper, 25 mm (1 In.) Round",1075.0,910.0,15.0,0,Carburized – quenched (oil) – wear-resistant surface steel
489,2,"490,2328",AISI 4820H Steel,Normalized 860C (1580F),685.0,460.0,22.0,4,Normalized (air cooled) – general-purpose steel
490,2,"491,2294",AISI 4620 Steel,"Normalized, Machined To 25 mm (1 In.) Rounds, Pseudocarburized, Reheated To 925C (1700F), Quenched And Tempered",965.0,772.0,15.0,0,Carburized – quenched (oil) – wear-resistant surface steel
491,2,"492,2282",AISI 4620 Steel,"Normalized, Machined To 13.7 mm Rounds, Pseudocarburized, Reheated To 830C (1525F), Quenched And Tempered",1000.0,807.0,17.0,0,Carburized – quenched (oil) – wear-resistant surface steel
492,2,"493,2317",AISI 4820H Steel,"Heat Treated, Machined To 13.7 mm, Pseudocarburized, Reheated To 730C (1350F), 150C (300F) Temper",1230.0,806.0,13.0,0,Carburized – quenched (oil) – wear-resistant surface steel
493,2,"494,2302",AISI 4820 Steel,"Heat Treated, Machined To 13.7 mm, Pseudocarburized, Reheated To 755C (1390F), 150C (300F) Temper",1328.0,920.0,13.0,0,Carburized – quenched (oil) – wear-resistant surface steel
494,2,"495,2373",AISI 4620 Steel,"Normalized, Machined To 25 mm (1 In.) Rounds, Pseudocarburized, Reheated To 775C (1430F), Quenched And Tempered",883.0,758.0,16.0,0,Carburized – quenched (oil) – wear-resistant surface steel
495,2,"496,2289",AISI 4820 Steel,"Heat Treated, Machined To 25 mm, Pseudocarburized, Reheated To 755C (1390F), 150C (300F) Temper",1234.0,820.0,14.0,0,Carburized – quenched (oil) – wear-resistant surface steel
496,2,"497,2753",AISI 4820H Steel,"Mock Carburized, Reheated To 800C (1470F), 230C (450F) Temper, 50 mm (2 In.) Round",896.0,635.0,19.0,8,Carburized – quenched (oil) – wear-resistant surface steel (variant)
497,2,"498,2891",AISI E4340 H Steel,"Oil Quenched 800C (1470F), 650C (1200F) Temper, 100 mm (4 In.) Round",855.0,731.0,21.0,6,Quenched (oil) & tempered – high-strength structural steel
498,2,"499,2335",AISI 5120 Steel,"Heat Treated, Machined To 25 mm, Pseudocarburized, Reheated To 800C (1470F), 150C (300F) Temper",883.0,696.0,15.0,0,Carburized – quenched (oil) – wear-resistant surface steel
499,2,"500,2841",AISI 4150H Steel,"Oil Quenched 830C (1525F), 595C (1100F) Temper, 100 mm (4 In.) Round",910.0,675.0,20.0,6,Quenched (oil) & tempered – high-strength structural steel
500,2,"501,2877",AISI E4340 Steel,"Normalized, 100 mm (4 In.) Round",1110.0,710.0,13.0,9,Normalized – general-purpose steel (round normalized stock)
501,2,"502,2396",AISI 4422 Steel,"Heat Treated In 25 mm Rounds, Reheated To 775C (1425F), 150C (300F) Temper",820.0,385.0,17.0,0,Carburized – quenched (oil) – wear-resistant surface steel
502,2,"503,2945",AISI E4340 Steel,"Oil Quenched 855C (1570F), 230C (450F) Temper For 4Hrs.",1855.0,1550.0,12.0,6,Quenched (oil) & tempered – high-strength structural steel
503,2,"504,2521",AISI 5120 Steel,"Heat Treated, Machined To 25 mm, Pseudocarburized, 150C (300F) Temper",986.0,786.0,13.0,0,Carburized – quenched (oil) – wear-resistant surface steel
504,2,"505,2344",AISI 4820 Steel,"Mock Carburized, Reheated To 800C (1470F), 230C (450F) Temper, 100 mm (4 In.) Round",807.0,550.0,21.0,8,Carburized – quenched (oil) – wear-resistant surface steel (variant)
505,2,"506,2370",AISI 4820 Steel,"Double Quenched And Tempered (230C (450F)), 1.2 mm Case Depth",1355.0,1182.0,13.0,5,Carburized – quenched (oil) – wear-resistant surface steel (variant)
506,2,"507,2355",AISI 5120 Steel,"Heat Treated, Machined To 25 mm, Pseudocarburized, Reheated To 845C (1550F), 150C (300F) Temper",938.0,758.0,16.0,0,Carburized – quenched (oil) – wear-resistant surface steel
507,2,"508,2238",AISI 4620H Steel,"Mock Carburized, 230C (450F) Temper, 100 mm (4 In.) Round",580.0,365.0,29.0,8,Carburized – quenched (oil) – wear-resistant surface steel (variant)
508,2,"509,2364",AISI 5120 Steel,"Heat Treated, Machined To 13.7 mm, Pseudocarburized, Reheated To 775C (1430F), 150C (300F) Temper",848.0,650.0,14.0,0,Carburized – quenched (oil) – wear-resistant surface steel
509,2,"510,2497",AISI 5120 Steel,"Heat Treated, Machined To 25 mm, Pseudocarburized, Reheated To 775C (1430F), 150C (300F) Temper",834.0,635.0,14.0,0,Carburized – quenched (oil) – wear-resistant surface steel
510,2,"511,2580",AISI 4820 Steel,"Mock Carburized, Reheated To 800C (1470F), 230C (450F) Temper, 25 mm (1 In.) Round",1125.0,827.0,15.0,8,Carburized – quenched (oil) – wear-resistant surface steel (variant)
511,2,"512,2936",AISI 5140 Steel,"Normalized, 25 mm (1 In.) Round",793.0,470.0,22.0,9,Normalized – general-purpose steel (round normalized stock)
512,2,"513,2334",AISI 4820 Steel,"Normalized 860C (1580F), 50 mm (2 In.) Round",738.0,475.0,23.0,4,Normalized (air cooled) – general-purpose steel
513,2,"514,2870",AISI E4340 Steel,"Oil Quenched 800C (1470F), 595C (1100F) Temper, 50 mm (2 In.) Round",1014.0,958.0,19.0,6,Quenched (oil) & tempered – high-strength structural steel
514,2,"515,2984",AISI 5140 Steel,"Oil Quenched 845C (1550F), 595C (1100F) Temper, 100 mm (4 In.) Round",800.0,510.0,22.0,6,Quenched (oil) & tempered – high-strength structural steel
515,2,"516,2265",AISI 4718H Steel,"Pseudocarburized And Oil Quenched, 150C (300F) Temper, 25 mm Round",1127.0,812.0,15.0,0,Carburized – quenched (oil) – wear-resistant surface steel
516,2,"517,2923",AISI 5140 Steel,"Oil Quenched 845C (1550F), 650C (1200F) Temper, 50 mm (2 In.) Round",758.0,565.0,24.0,6,Quenched (oil) & tempered – high-strength structural steel
517,2,"518,2982",AISI 5140H Steel,"Normalized, 13 mm (0.5 In.) Round",827.0,525.0,22.0,9,Normalized – general-purpose steel (round normalized stock)
518,2,"519,2350",AISI 5120H Steel,"Heat Treated, Machined To 13.7 mm, Pseudocarburized, 150C (300F) Temper",1020.0,848.0,14.0,0,Carburized – quenched (oil) – wear-resistant surface steel
519,2,"520,2917",AISI 5140 Steel,Annealed 830C (1525F),570.0,295.0,28.0,7,Annealed – easy-to-machine – round annealed stock
520,2,"521,3083",AISI 5140H Steel,"Oil Quenched 845C (1550F), 595C (1100F) Temper, 25 mm (1 In.) Round",876.0,724.0,20.0,6,Quenched (oil) & tempered – high-strength structural steel
521,2,"522,3082",AISI 5140H Steel,"Normalized, 50 mm (2 In.) Round",779.0,455.0,21.0,9,Normalized – general-purpose steel (round normalized stock)
522,2,"523,3137",AISI 5140H Steel,"Oil Quenched 845C (1550F), 540C (1000F) Temper, 25 mm (1 In.) Round",972.0,841.0,18.0,6,Quenched (oil) & tempered – high-strength structural steel
523,2,"524,2227",AISI 4620H Steel,"Mock Carburized, 230C (450F) Temper, 50 mm (2 In.) Round",660.0,425.0,26.0,8,Carburized – quenched (oil) – wear-resistant surface steel (variant)
524,2,"525,2371",AISI 4820H Steel,"Annealed 815C (1500F), 25 mm (1 In.) Round",685.0,460.0,22.0,7,Annealed – easy-to-machine – round annealed stock
525,2,"526,2382",AISI 4820 Steel,"Direct Quenched From Pot, Tempered 150C (300F), 0.99 mm Case Depth",1415.0,1141.0,13.0,5,Carburized – quenched (oil) – wear-resistant surface steel (variant)
526,2,"527,2948",AISI 5140H Steel,"Oil Quenched 845C (1550F), 650C (1200F) Temper, 25 mm (1 In.) Round",807.0,650.0,22.0,6,Quenched (oil) & tempered – high-strength structural steel
527,2,"528,2978",AISI E4340 H Steel,"Oil Quenched 800C (1470F), 540C (1000F) Temper, 25 mm Round",1207.0,1145.0,14.0,6,Quenched (oil) & tempered – high-strength structural steel
528,2,"529,2983",AISI 5140 Steel,"Normalized, 13 mm (0.5 In.) Round",827.0,525.0,22.0,9,Normalized – general-purpose steel (round normalized stock)
529,2,"530,2484",AISI 5120H Steel,"Heat Treated, Machined To 13.7 mm, Pseudocarburized, Reheated To 845C (1550F), 150C (300F) Temper",979.0,786.0,16.0,0,Carburized – quenched (oil) – wear-resistant surface steel
530,2,"531,2954",AISI 5140H Steel,"Oil Quenched 845C (1550F), 595C (1100F) Temper, 50 mm (2 In.) Round",814.0,615.0,22.0,6,Quenched (oil) & tempered – high-strength structural steel
531,2,"532,2509",AISI 5120H Steel,"Heat Treated, Machined To 25 mm, Pseudocarburized, Reheated To 845C (1550F), 150C (300F) Temper",938.0,758.0,16.0,0,Carburized – quenched (oil) – wear-resistant surface steel
532,2,"533,3176",AISI 5150 Steel,"Oil Quenched From 830C (1525F), 595C (1100F) Temper, 25 mm (1 In.) Round",945.0,793.0,20.0,6,Quenched (oil) & tempered – high-strength structural steel
533,2,"534,2934",AISI 5140 Steel,"Oil Quenched 845C (1550F), 540C (1000F) Temper, 50 mm (2 In.) Round",883.0,689.0,19.0,6,Quenched (oil) & tempered – high-strength structural steel
534,2,"535,2952",AISI 5140 Steel,"Oil Quenched 845C (1550F), 595C (1100F) Temper, 25 mm (1 In.) Round",876.0,724.0,20.0,6,Quenched (oil) & tempered – high-strength structural steel
535,2,"536,2466",AISI 5120 Steel,"Heat Treated, Machined To 13.7 mm, Pseudocarburized, 150C (300F) Temper",1020.0,848.0,14.0,0,Carburized – quenched (oil) – wear-resistant surface steel
536,2,"537,2980",AISI 5140H Steel,"Oil Quenched 845C (1550F), 650C (1200F) Temper, 100 mm (4 In.) Round",731.0,470.0,24.0,6,Quenched (oil) & tempered – high-strength structural steel
537,2,"538,3062",AISI 5150H Steel,"Oil Quenched From 830C (1525F), 540C (1000F) Temper, 25 mm (1 In.) Round",1055.0,910.0,17.0,6,Quenched (oil) & tempered – high-strength structural steel
538,2,"539,3143",AISI 5140 Steel,"Normalized, 100 mm (4 In.) Round",765.0,415.0,21.0,9,Normalized – general-purpose steel (round normalized stock)
539,2,"540,3066",AISI 5150 Steel,"Normalized, 25 mm (1 In.) Round",869.0,530.0,20.0,9,Normalized – general-purpose steel (round normalized stock)
540,2,"541,2513",AISI 4820 Steel,"Normalized 860C (1580F), 25 mm (1 In.) Round",758.0,485.0,24.0,4,Normalized (air cooled) – general-purpose steel
541,2,"542,2967",AISI 5150 Steel,"Oil Quenched From 830C (1525F), 650C (1200F) Temper, 100 mm (4 In.) Round",793.0,525.0,21.0,6,Quenched (oil) & tempered – high-strength structural steel
542,2,"543,3057",AISI 5150H Steel,"Oil Quenched From 830C (1525F), 595C (1100F) Temper, 100 mm (4 In.) Round",827.0,550.0,19.0,6,Quenched (oil) & tempered – high-strength structural steel
543,2,"544,2374",AISI 5120H Steel,"Heat Treated, Machined To 25 mm, Pseudocarburized, Reheated To 775C (1430F), 150C (300F) Temper",834.0,635.0,14.0,0,Carburized – quenched (oil) – wear-resistant surface steel
544,2,"545,2357",AISI 4820H Steel,"Mock Carburized, Reheated To 800C (1470F), 230C (450F) Temper, 13 mm (0.5 In.) Round",1415.0,1170.0,13.0,8,Carburized – quenched (oil) – wear-resistant surface steel (variant)
545,2,"546,3104",AISI 5140 Steel,"Normalized, 50 mm (2 In.) Round",779.0,455.0,21.0,9,Normalized – general-purpose steel (round normalized stock)
546,2,"547,2946",AISI 5150 Steel,"Normalized, 13 mm (0.5 In.) Round",903.0,565.0,21.0,9,Normalized – general-purpose steel (round normalized stock)
547,2,"548,2944",AISI 5140H Steel,"Annealed 830C (1525F), 25 mm (1 In.) Round",570.0,290.0,28.0,7,Annealed – easy-to-machine – round annealed stock
548,2,"549,2926",AISI 5140H Steel,"Oil Quenched 845C (1550F), 540C (1000F) Temper, 13 mm (0.5 In.) Round",1015.0,910.0,17.0,6,Quenched (oil) & tempered – high-strength structural steel
549,2,"550,2961",AISI 5150 Steel,"Oil Quenched From 830C (1525F), 540C (1000F) Temper, 100 mm (4 In.) Round",862.0,595.0,20.0,6,Quenched (oil) & tempered – high-strength structural steel
550,2,"551,3072",AISI 5150 Steel,"Oil Quenched From 830C (1525F), 595C (1100F) Temper, 100 mm (4 In.) Round",827.0,550.0,19.0,6,Quenched (oil) & tempered – high-strength structural steel
551,2,"552,2949",AISI 5140H Steel,"Normalized, 25 mm (1 In.) Round",793.0,470.0,22.0,9,Normalized – general-purpose steel (round normalized stock)
552,2,"553,3151",AISI 5140 Steel,Normalized 870C (1600F),793.0,475.0,22.0,4,Normalized (air cooled) – general-purpose steel
553,2,"554,2038",AISI 5160 Steel,"Oil Quenched From 830C (1525F), 540C (1000F) Temper, 50 mm (2 In.) Round",1060.0,703.0,17.0,6,Quenched (oil) & tempered – high-strength structural steel
554,2,"555,3056",AISI 5150H Steel,"Oil Quenched From 830C (1525F), 540C (1000F) Temper, 100 mm (4 In.) Round",862.0,595.0,20.0,6,Quenched (oil) & tempered – high-strength structural steel
555,2,"556,3025",AISI 5150 Steel,"Oil Quenched From 830C (1525F), 595C (1100F) Temper, 50 mm (2 In.) Round",876.0,600.0,20.0,6,Quenched (oil) & tempered – high-strength structural steel
556,2,"557,2964",AISI 5140H Steel,"Oil Quenched 845C (1550F), 540C (1000F) Temper, 50 mm (2 In.) Round",883.0,689.0,19.0,6,Quenched (oil) & tempered – high-strength structural steel
557,2,"558,2956",AISI 5140 Steel,"Oil Quenched 845C (1550F), 595C (1100F) Temper, 13 mm (0.5 In.) Round",896.0,779.0,20.0,6,Quenched (oil) & tempered – high-strength structural steel
558,2,"559,2394",AISI 4820H Steel,"Mock Carburized, Reheated To 800C (1470F), 150C (300F) Temper, 50 mm (2 In.) Round",938.0,640.0,19.0,8,Carburized – quenched (oil) – wear-resistant surface steel (variant)
559,2,"560,2996",AISI 5150 Steel,"Normalized, 50 mm (2 In.) Round",848.0,495.0,20.0,9,Normalized – general-purpose steel (round normalized stock)
560,2,"561,2971",AISI 5150H Steel,"Oil Quenched From 830C (1525F), 595C (1100F) Temper, 13 mm (0.5 In.) Round",993.0,903.0,19.0,6,Quenched (oil) & tempered – high-strength structural steel
561,2,"562,2957",AISI 5150H Steel,"Oil Quenched From 830C (1525F), 650C (1200F) Temper, 25 mm (1 In.) Round",883.0,745.0,21.0,6,Quenched (oil) & tempered – high-strength structural steel
562,2,"563,2072",AISI 5160H Steel,"Annealed, 25 mm (1 In.) Round",724.0,275.0,17.0,3,Normalized – easy-to-machine stock (cold drawn)
563,2,"564,2999",AISI 5150H Steel,"Normalized, 25 mm (1 In.) Round",869.0,530.0,20.0,9,Normalized – general-purpose steel (round normalized stock)
564,2,"565,2351",AISI 5120 Steel,"Heat Treated, Machined To 13.7 mm, Pseudocarburized, Reheated To 800C (1470F), 150C (300F) Temper",910.0,717.0,15.0,0,Carburized – quenched (oil) – wear-resistant surface steel
565,2,"566,3109",AISI 5150H Steel,"Oil Quenched From 830C (1525F), 650C (1200F) Temper, 100 mm (4 In.) Round",793.0,525.0,21.0,6,Quenched (oil) & tempered – high-strength structural steel
566,2,"567,1986",AISI 5160 Steel,"Oil Quenched From 830C (1525F), 650C (1200F) Temper, 13 mm (0.5 In.) Round",917.0,793.0,19.0,6,Quenched (oil) & tempered – high-strength structural steel
567,2,"568,3218",AISI 5150 Steel,"Oil Quenched From 830C (1525F), 650C (1200F) Temper, 25 mm (1 In.) Round",883.0,745.0,21.0,6,Quenched (oil) & tempered – high-strength structural steel
568,2,"569,2011",AISI 5160H Steel,"Normalized, 100 mm (4 In.) Round",924.0,485.0,14.0,9,Normalized – general-purpose steel (round normalized stock)
569,2,"570,2919",AISI 5140 Steel,"Oil Quenched 845C (1550F), 540C (1000F) Temper, 100 mm (4 In.) Round",862.0,565.0,20.0,6,Quenched (oil) & tempered – high-strength structural steel
570,2,"571,1992",AISI 5160H Steel,"Oil Quenched From 830C (1525F), 595C (1100F) Temper, 13 mm (0.5 In.) Round",1050.0,924.0,16.0,6,Quenched (oil) & tempered – high-strength structural steel
571,2,"572,2016",AISI 5160 Steel,"Normalized, 50 mm (2 In.) Round",924.0,510.0,16.0,9,Normalized – general-purpose steel (round normalized stock)
572,2,"573,2458",AISI 4815H Steel,"Pseudocarburized And Oil Quenched, 150C (300F) Temper, 25 mm (1 In.) Round",1095.0,917.0,16.0,0,Carburized – quenched (oil) – wear-resistant surface steel
573,2,"574,1975",AISI 5160 Steel,"Oil Quenched From 830C (1525F), 595C (1100F) Temper, 25 mm (1 In.) Round",1000.0,869.0,18.0,6,Quenched (oil) & tempered – high-strength structural steel
574,2,"575,2367",AISI 5120H Steel,"Heat Treated, Machined To 25 mm, Pseudocarburized, 150C (300F) Temper",986.0,786.0,13.0,0,Carburized – quenched (oil) – wear-resistant surface steel
575,2,"576,2021",AISI 5160 Steel,"Normalized, 13 mm (0.5 In.) Round",1025.0,650.0,18.0,9,Normalized – general-purpose steel (round normalized stock)
576,2,"577,2969",AISI 5150H Steel,"Annealed, 25 mm (1 In.) Round",675.0,360.0,22.0,3,Normalized – easy-to-machine stock (cold drawn)
577,2,"578,2921",AISI 5140 Steel,"Oil Quenched 845C (1550F), 650C (1200F) Temper, 13 mm (0.5 In.) Round",827.0,703.0,22.0,6,Quenched (oil) & tempered – high-strength structural steel
578,2,"579,1996",AISI 5160 Steel,Annealed 815C (1500F),724.0,275.0,17.0,7,Annealed – easy-to-machine – round annealed stock
579,2,"580,1976",AISI 5160H Steel,"Normalized, 25 mm (1 In.) Round",958.0,530.0,17.0,9,Normalized – general-purpose steel (round normalized stock)
580,2,"581,3118",AISI 5150 Steel,"Oil Quenched From 830C (1525F), 540C (1000F) Temper, 50 mm (2 In.) Round",910.0,670.0,18.0,6,Quenched (oil) & tempered – high-strength structural steel
581,2,"582,2413",AISI 5120H Steel,"Heat Treated, Machined To 25 mm, Pseudocarburized, Reheated To 800C (1470F), 150C (300F) Temper",883.0,696.0,15.0,0,Carburized – quenched (oil) – wear-resistant surface steel
582,2,"583,2014",AISI 51B60 Steel,"Oil Quenched From 830C (1525F), 540C (1000F) Temper, 13 mm (0.5 In.) Round",1170.0,1070.0,14.0,6,Quenched (oil) & tempered – high-strength structural steel
583,2,"584,1981",AISI 5160 Steel,"Oil Quenched From 830C (1525F), 595C (1100F) Temper, 50 mm (2 In.) Round",931.0,635.0,20.0,6,Quenched (oil) & tempered – high-strength structural steel
584,2,"585,1991",AISI 5160H Steel,"Oil Quenched From 830C (1525F), 540C (1000F) Temper, 25 mm (1 In.) Round",1145.0,1005.0,14.0,6,Quenched (oil) & tempered – high-strength structural steel
585,2,"586,2035",AISI 5160H Steel,"Oil Quenched From 830C (1525F), 650C (1200F) Temper, 100 mm (4 In.) Round",827.0,540.0,22.0,6,Quenched (oil) & tempered – high-strength structural steel
586,2,"587,1987",AISI 5160 Steel,"Oil Quenched From 830C (1525F), 650C (1200F) Temper, 100 mm (4 In.) Round",827.0,540.0,22.0,6,Quenched (oil) & tempered – high-strength structural steel
587,2,"588,2065",AISI 5160H Steel,"Oil Quenched From 830C (1525F), 595C (1100F) Temper, 50 mm (2 In.) Round",931.0,635.0,20.0,6,Quenched (oil) & tempered – high-strength structural steel
588,2,"589,2958",AISI 5140H Steel,"Oil Quenched 845C (1550F), 650C (1200F) Temper, 13 mm (0.5 In.) Round",827.0,703.0,22.0,6,Quenched (oil) & tempered – high-strength structural steel
589,2,"590,3005",AISI 5150H Steel,"Normalized, 100 mm (4 In.) Round",841.0,435.0,18.0,9,Normalized – general-purpose steel (round normalized stock)
590,2,"591,1985",AISI 5160H Steel,"Oil Quenched From 830C (1525F), 595C (1100F) Temper, 100 mm (4 In.) Round",889.0,615.0,21.0,6,Quenched (oil) & tempered – high-strength structural steel
591,2,"592,3067",AISI 5150 Steel,"Oil Quenched From 830C (1525F), 650C (1200F) Temper, 13 mm (0.5 In.) Round",938.0,834.0,21.0,6,Quenched (oil) & tempered – high-strength structural steel
592,2,"593,2052",AISI 51B60 Steel,"Oil Quenched From 830C (1525F), 540C (1000F) Temper, 50 mm (2 In.) Round",1060.0,703.0,17.0,6,Quenched (oil) & tempered – high-strength structural steel
593,2,"594,3033",AISI 5140 Steel,"Oil Quenched 845C (1550F), 595C (1100F) Temper, 50 mm (2 In.) Round",814.0,615.0,22.0,6,Quenched (oil) & tempered – high-strength structural steel
594,2,"595,2044",AISI 5160H Steel,"Normalized, 50 mm (2 In.) Round",924.0,510.0,16.0,9,Normalized – general-purpose steel (round normalized stock)
595,2,"596,2002",AISI 51B60H Steel,"Normalized, 25 mm (1 In.) Round",958.0,530.0,17.0,9,Normalized – general-purpose steel (round normalized stock)
596,2,"597,3004",AISI 5150H Steel,"Oil Quenched From 830C (1525F), 540C (1000F) Temper, 50 mm (2 In.) Round",910.0,670.0,18.0,6,Quenched (oil) & tempered – high-strength structural steel
597,2,"598,2036",AISI 51B60 Steel,"Oil Quenched From 830C (1525F), 595C (1100F) Temper, 100 mm (4 In.) Round",889.0,615.0,21.0,6,Quenched (oil) & tempered – high-strength structural steel
598,2,"599,1979",AISI 5160 Steel,"Oil Quenched From 830C (1525F), 540C (1000F) Temper, 13 mm (0.5 In.) Round",1170.0,1070.0,14.0,6,Quenched (oil) & tempered – high-strength structural steel
599,2,"600,2034",AISI 51B60H Steel,"Oil Quenched From 830C (1525F), 595C (1100F) Temper, 25 mm (1 In.) Round",1000.0,869.0,18.0,6,Quenched (oil) & tempered – high-strength structural steel
600,2,"601,2066",AISI 51B60H Steel,"Oil Quenched From 830C (1525F), 595C (1100F) Temper, 100 mm (4 In.) Round",889.0,615.0,21.0,6,Quenched (oil) & tempered – high-strength structural steel
601,2,"602,3133",AISI 5150 Steel,"Oil Quenched From 830C (1525F), 650C (1200F) Temper, 50 mm (2 In.) Round",821.0,605.0,22.0,6,Quenched (oil) & tempered – high-strength structural steel
602,2,"603,2462",AISI 5120H Steel,"Heat Treated, Machined To 13.7 mm, Pseudocarburized, Reheated To 775C (1430F), 150C (300F) Temper",848.0,650.0,14.0,0,Carburized – quenched (oil) – wear-resistant surface steel
603,2,"604,2024",AISI 51B60 Steel,"Oil Quenched From 830C (1525F), 650C (1200F) Temper, 50 mm (2 In.) Round",779.0,580.0,21.0,6,Quenched (oil) & tempered – high-strength structural steel
604,2,"605,3019",AISI 5150 Steel,"Oil Quenched From 830C (1525F), 540C (1000F) Temper, 25 mm (1 In.) Round",1055.0,910.0,17.0,6,Quenched (oil) & tempered – high-strength structural steel
605,2,"606,2361",AISI 4820 Steel,"Mock Carburized, Reheated To 800C (1470F), 150C (300F) Temper, 50 mm (2 In.) Round",938.0,640.0,19.0,8,Carburized – quenched (oil) – wear-resistant surface steel (variant)
606,2,"607,2004",AISI 51B60H Steel,"Oil Quenched From 830C (1525F), 650C (1200F) Temper, 100 mm (4 In.) Round",827.0,540.0,22.0,6,Quenched (oil) & tempered – high-strength structural steel
607,2,"608,2067",AISI 51B60 Steel,"Oil Quenched From 830C (1525F), 650C (1200F) Temper, 100 mm (4 In.) Round",827.0,540.0,22.0,6,Quenched (oil) & tempered – high-strength structural steel
608,2,"609,2219",AISI 4620 Steel,"Mock Carburized, 150C (300F) Temper, 50 mm (2 In.) Round",660.0,450.0,27.0,8,Carburized – quenched (oil) – wear-resistant surface steel (variant)
609,2,"610,2420",AISI 5120H Steel,"Heat Treated, Machined To 13.7 mm, Pseudocarburized, Reheated To 800C (1470F), 150C (300F) Temper",910.0,717.0,15.0,0,Carburized – quenched (oil) – wear-resistant surface steel
610,2,"611,1999",AISI 51B60 Steel,Normalized 855C (1570F),958.0,530.0,17.0,4,Normalized (air cooled) – general-purpose steel
611,2,"612,3002",AISI 5140H Steel,Normalized 870C (1600F),793.0,475.0,22.0,4,Normalized (air cooled) – general-purpose steel
612,2,"613,2010",AISI 51B60 Steel,"Oil Quenched From 830C (1525F), 650C (1200F) Temper, 13 mm (0.5 In.) Round",917.0,793.0,19.0,6,Quenched (oil) & tempered – high-strength structural steel
613,2,"614,3007",AISI 5150 Steel,"Oil Quenched From 830C (1525F), 540C (1000F) Temper, 13 mm (0.5 In.) Round",1095.0,1000.0,16.0,6,Quenched (oil) & tempered – high-strength structural steel
614,2,"615,2005",AISI 51B60H Steel,"Oil Quenched From 830C (1525F), 540C (1000F) Temper, 50 mm (2 In.) Round",1060.0,703.0,17.0,6,Quenched (oil) & tempered – high-strength structural steel
615,2,"616,2007",AISI 5160 Steel,Normalized 855C (1570F),958.0,530.0,17.0,4,Normalized (air cooled) – general-purpose steel
616,2,"617,3092",AISI 5150H Steel,"Oil Quenched From 830C (1525F), 650C (1200F) Temper, 50 mm (2 In.) Round",821.0,605.0,22.0,6,Quenched (oil) & tempered – high-strength structural steel
617,2,"618,2056",AISI 51B60H Steel,Normalized 855C (1570F),958.0,530.0,17.0,4,Normalized (air cooled) – general-purpose steel
618,2,"619,2043",AISI 51B60 Steel,"Oil Quenched From 830C (1525F), 540C (1000F) Temper, 25 mm (1 In.) Round",1145.0,1005.0,14.0,6,Quenched (oil) & tempered – high-strength structural steel
619,2,"620,2943",AISI 5140H Steel,Annealed 830C,570.0,295.0,28.0,7,Annealed – easy-to-machine – round annealed stock
620,2,"621,3054",AISI 5150H Steel,"Normalized, 13 mm (0.5 In.) Round",903.0,565.0,21.0,9,Normalized – general-purpose steel (round normalized stock)
621,2,"622,2962",AISI 5150H Steel,"Oil Quenched From 830C (1525F), 540C (1000F) Temper, 13 mm (0.5 In.) Round",1095.0,1000.0,16.0,6,Quenched (oil) & tempered – high-strength structural steel
622,2,"623,1995",AISI 5160H Steel,"Normalized, 13 mm (0.5 In.) Round",1025.0,650.0,18.0,9,Normalized – general-purpose steel (round normalized stock)
623,2,"624,2019",AISI 5160H Steel,"Oil Quenched From 830C (1525F), 650C (1200F) Temper, 50 mm (2 In.) Round",779.0,580.0,21.0,6,Quenched (oil) & tempered – high-strength structural steel
624,2,"625,2050",AISI 5160 Steel,"Oil Quenched From 830C (1525F), 540C (1000F) Temper, 100 mm (4 In.) Round",965.0,703.0,18.0,6,Quenched (oil) & tempered – high-strength structural steel
625,2,"626,2336",AISI 4820 Steel,"Heat Treated, Machined To 13.7 mm, Pseudocarburized, Reheated To 835C, 150C (300F) Temper",1422.0,1051.0,13.0,0,Carburized – quenched (oil) – wear-resistant surface steel
626,2,"627,2972",AISI 5150 Steel,"Annealed, 25 mm (1 In.) Round",675.0,360.0,22.0,3,Normalized – easy-to-machine stock (cold drawn)
627,2,"628,2071",AISI 51B60 Steel,"Normalized, 100 mm (4 In.) Round",924.0,485.0,14.0,9,Normalized – general-purpose steel (round normalized stock)
628,2,"629,2031",AISI 51B60 Steel,"Normalized, 13 mm (0.5 In.) Round",1025.0,650.0,18.0,9,Normalized – general-purpose steel (round normalized stock)
629,2,"630,2023",AISI 51B60 Steel,"Oil Quenched From 830C (1525F), 595C (1100F) Temper, 50 mm (2 In.) Round",931.0,635.0,20.0,6,Quenched (oil) & tempered – high-strength structural steel
630,2,"631,2030",AISI 5160 Steel,"Oil Quenched From 830C (1525F), 650C (1200F) Temper, 25 mm (1 In.) Round",889.0,765.0,20.0,6,Quenched (oil) & tempered – high-strength structural steel
631,2,"632,3076",AISI 5140H Steel,"Oil Quenched 845C (1550F), 595C (1100F) Temper, 100 mm (4 In.) Round",800.0,510.0,22.0,6,Quenched (oil) & tempered – high-strength structural steel
632,2,"633,2994",AISI 5150H Steel,"Oil Quenched From 830C (1525F), 595C (1100F) Temper, 25 mm (1 In.) Round",945.0,793.0,20.0,6,Quenched (oil) & tempered – high-strength structural steel
633,2,"634,2973",AISI 5140H Steel,"Oil Quenched 845C (1550F), 650C (1200F) Temper, 50 mm (2 In.) Round",758.0,565.0,24.0,6,Quenched (oil) & tempered – high-strength structural steel
634,2,"635,3027",AISI 5140 Steel,"Oil Quenched 845C (1550F), 650C (1200F) Temper, 25 mm (1 In.) Round",807.0,650.0,22.0,6,Quenched (oil) & tempered – high-strength structural steel
635,2,"636,3154",AISI 5140H Steel,"Oil Quenched 845C (1550F), 595C (1100F) Temper, 13 mm (0.5 In.) Round",896.0,779.0,20.0,6,Quenched (oil) & tempered – high-strength structural steel
636,2,"637,3024",AISI 6150 Steel,"Normalized, 100 mm (4 In.) Round",883.0,460.0,18.0,9,Normalized – general-purpose steel (round normalized stock)
637,2,"638,2017",AISI 51B60H Steel,"Oil Quenched From 830C (1525F), 650C (1200F) Temper, 25 mm (1 In.) Round",889.0,765.0,20.0,6,Quenched (oil) & tempered – high-strength structural steel
638,2,"639,2928",AISI 5140 Steel,"Oil Quenched 845C (1550F), 540C (1000F) Temper, 13 mm (0.5 In.) Round",1015.0,910.0,17.0,6,Quenched (oil) & tempered – high-strength structural steel
639,2,"640,2073",AISI 51B60H Steel,"Oil Quenched From 830C (1525F), 540C (1000F) Temper, 25 mm (1 In.) Round",1145.0,1005.0,14.0,6,Quenched (oil) & tempered – high-strength structural steel
640,2,"641,3050",AISI 6150 Steel,"Normalized, 50 mm (2 In.) Round",896.0,515.0,20.0,9,Normalized – general-purpose steel (round normalized stock)
641,2,"642,2932",AISI 5140H Steel,"Normalized, 100 mm (4 In.) Round",765.0,415.0,21.0,9,Normalized – general-purpose steel (round normalized stock)
642,2,"643,1972",AISI 5160 Steel,"Normalized, 100 mm (4 In.) Round",924.0,485.0,14.0,9,Normalized – general-purpose steel (round normalized stock)
643,2,"644,2985",AISI 6150 Steel,"Oil Quenched 845C (1550F), 540C (1000F) Temper, 100 mm (4 In.) Round",1050.0,876.0,16.0,6,Quenched (oil) & tempered – high-strength structural steel
644,2,"645,3107",AISI 6150 Steel,"Normalized, 13 mm (0.5 In.) Round",972.0,640.0,20.0,9,Normalized – general-purpose steel (round normalized stock)
645,2,"646,2986",AISI 5140H Steel,"Oil Quenched 845C (1550F), 540C (1000F) Temper, 100 mm (4 In.) Round",862.0,565.0,20.0,6,Quenched (oil) & tempered – high-strength structural steel
646,2,"647,2333",AISI 4820H Steel,"Heat Treated, Machined To 25 mm, Pseudocarburized, Reheated To 755C (1390F), 150C (300F) Temper",1328.0,920.0,13.0,0,Carburized – quenched (oil) – wear-resistant surface steel
647,2,"648,2888",AISI 4150 Steel,"Oil Quenched 830C (1525F), 540C (1000F) Temper, 25 mm (1 In.) Round",1205.0,1105.0,14.0,6,Quenched (oil) & tempered – high-strength structural steel
648,2,"649,2221",AISI 4427 Steel,"Heat Treated In 13.7 mm Rounds, Reheated To 765C (1410F), 150C (300F) Temper",1096.0,540.0,10.0,0,Carburized – quenched (oil) – wear-resistant surface steel
649,2,"650,3000",AISI 5150H Steel,"Oil Quenched From 830C (1525F), 595C (1100F) Temper, 50 mm (2 In.) Round",876.0,600.0,20.0,6,Quenched (oil) & tempered – high-strength structural steel
650,2,"651,2069",AISI 5160H Steel,"Oil Quenched From 830C (1525F), 540C (1000F) Temper, 100 mm (4 In.) Round",965.0,703.0,18.0,6,Quenched (oil) & tempered – high-strength structural steel
651,2,"652,2008",AISI 5160H Steel,"Oil Quenched From 830C (1525F), 650C (1200F) Temper, 13 mm (0.5 In.) Round",917.0,793.0,19.0,6,Quenched (oil) & tempered – high-strength structural steel
652,2,"653,2057",AISI 5160H Steel,"Oil Quenched From 830C (1525F), 595C (1100F) Temper, 25 mm (1 In.) Round",1000.0,869.0,18.0,6,Quenched (oil) & tempered – high-strength structural steel
653,2,"654,2062",AISI 51B60H Steel,"Oil Quenched From 830C (1525F), 540C (1000F) Temper, 100 mm (4 In.) Round",965.0,703.0,18.0,6,Quenched (oil) & tempered – high-strength structural steel
654,2,"655,2977",AISI 6150 Steel,"Oil Quenched 845C (1550F), 650C (1200F) Temper, 100 mm (4 In.) Round",841.0,650.0,21.0,6,Quenched (oil) & tempered – high-strength structural steel
655,2,"656,3048",AISI 6150H Steel,"Oil Quenched 845C (1550F), 540C (1000F) Temper, 100 mm (4 In.) Round",1050.0,876.0,16.0,6,Quenched (oil) & tempered – high-strength structural steel
656,2,"657,3016",AISI 6150 Steel,"Oil Quenched 845C (1550F), 540C (1000F) Temper, 25 mm (1 In.) Round",1200.0,1160.0,14.0,6,Quenched (oil) & tempered – high-strength structural steel
657,2,"658,2053",AISI 51B60 Steel,"Normalized, 50 mm (2 In.) Round",924.0,510.0,16.0,9,Normalized – general-purpose steel (round normalized stock)
658,2,"659,2064",AISI 51B60 Steel,Annealed 815C (1500F),724.0,275.0,17.0,7,Annealed – easy-to-machine – round annealed stock
659,2,"660,1994",AISI 5160H Steel,Normalized 855C (1570F),958.0,530.0,17.0,4,Normalized (air cooled) – general-purpose steel
660,2,"661,3131",AISI 6150H Steel,"Normalized, 25 mm (1 In.) Round",938.0,615.0,21.0,9,Normalized – general-purpose steel (round normalized stock)
661,2,"662,2968",AISI 6150 Steel,"Oil Quenched 845C (1550F), 595C (1100F) Temper, 25 mm (1 In.) Round",1090.0,1035.0,16.0,6,Quenched (oil) & tempered – high-strength structural steel
662,2,"663,2981",AISI 6150 Steel,"Normalized, 25 mm (1 In.) Round",938.0,615.0,21.0,9,Normalized – general-purpose steel (round normalized stock)
663,2,"664,3205",AISI 6150H Steel,"Oil Quenched 845C (1550F), 540C (1000F) Temper, 25 mm (1 In.) Round",1200.0,1160.0,14.0,6,Quenched (oil) & tempered – high-strength structural steel
664,2,"665,3028",AISI 5150H Steel,"Normalized, 50 mm (2 In.) Round",848.0,495.0,20.0,9,Normalized – general-purpose steel (round normalized stock)
665,2,"666,2013",AISI 51B60 Steel,"Normalized, 25 mm (1 In.) Round",958.0,530.0,17.0,9,Normalized – general-purpose steel (round normalized stock)
666,2,"667,2989",AISI 6150 Steel,"Oil Quenched 845C (1550F), 650C (1200F) Temper, 25 mm (1 In.) Round",972.0,896.0,18.0,6,Quenched (oil) & tempered – high-strength structural steel
667,2,"668,2026",AISI 5160 Steel,"Normalized, 25 mm (1 In.) Round",958.0,530.0,17.0,9,Normalized – general-purpose steel (round normalized stock)
668,2,"669,1998",AISI 51B60H Steel,"Normalized, 13 mm (0.5 In.) Round",1025.0,650.0,18.0,9,Normalized – general-purpose steel (round normalized stock)
669,2,"670,2998",AISI 6150H Steel,"Oil Quenched 845C (1550F), 650C (1200F) Temper, 50 mm (2 In.) Round",924.0,800.0,19.0,6,Quenched (oil) & tempered – high-strength structural steel
670,2,"671,3021",AISI 6150 Steel,"Oil Quenched 845C (1550F), 540C (1000F) Temper, 50 mm (2 In.) Round",1145.0,1000.0,14.0,6,Quenched (oil) & tempered – high-strength structural steel
671,2,"672,2930",AISI 5140 Steel,"Oil Quenched 845C (1550F), 650C (1200F) Temper, 100 mm (4 In.) Round",731.0,470.0,24.0,6,Quenched (oil) & tempered – high-strength structural steel
672,2,"673,2465",AISI 8620 Steel,"Quenched From Carburizing Box, 13 mm (0.5 In.) Round",1325.0,1035.0,12.0,2,Quenched (oil) – general-purpose steel (tested)
673,2,"674,2461",AISI 8617 Steel,"Heat Treated, Machined, Pseudocarburized, 150C (300F) Temper",883.0,650.0,19.0,0,Carburized – quenched (oil) – wear-resistant surface steel
674,2,"675,2042",AISI 51B60H Steel,"Oil Quenched From 830C (1525F), 595C (1100F) Temper, 13 mm (0.5 In.) Round",1050.0,924.0,16.0,6,Quenched (oil) & tempered – high-strength structural steel
675,2,"676,2444",AISI 8620 Steel,"Carburized, Box Cooled, Reheated And Quenched, 150C (300F) Temper, 25 mm (1 In.) Round",958.0,814.0,19.0,8,Carburized – quenched (oil) – wear-resistant surface steel (variant)
676,2,"677,3190",AISI 6150H Steel,"Oil Quenched 845C (1550F), 650C (1200F) Temper, 13 mm (0.5 In.) Round",1015.0,979.0,17.0,6,Quenched (oil) & tempered – high-strength structural steel
677,2,"678,2029",AISI 5160H Steel,"Oil Quenched From 830C (1525F), 540C (1000F) Temper, 50 mm (2 In.) Round",1060.0,703.0,17.0,6,Quenched (oil) & tempered – high-strength structural steel
678,2,"679,2391",AISI 8620 Steel,"Double Quenched And Tempered (150C (300F)), Carburized",917.0,572.0,20.0,5,Carburized – quenched (oil) – wear-resistant surface steel (variant)
679,2,"680,2612",AISI 8620 Steel,"Normalized, Machined To 25 mm, Pseudocarburized, Oil Quenched, 150C Temper",1075.0,876.0,14.0,0,Carburized – quenched (oil) – wear-resistant surface steel
680,2,"681,2404",AISI 8620 Steel,"Cooled In Carburizing Box, Reheated And Quenched, 13 mm (0.5 In.) Round",1296.0,1035.0,11.0,8,Carburized – quenched (oil) – wear-resistant surface steel (variant)
681,2,"682,2033",AISI 51B60H Steel,"Normalized, 100 mm (4 In.) Round",924.0,485.0,14.0,9,Normalized – general-purpose steel (round normalized stock)
682,2,"683,2015",AISI 5160 Steel,"Oil Quenched From 830C (1525F), 540C (1000F) Temper, 25 mm (1 In.) Round",1145.0,1005.0,14.0,6,Quenched (oil) & tempered – high-strength structural steel
683,2,"684,2059",AISI 51B60H Steel,"Annealed, 25 mm (1 In.) Round",724.0,275.0,17.0,3,Normalized – easy-to-machine stock (cold drawn)
684,2,"685,2988",AISI 6150 Steel,"Oil Quenched 845C (1550F), 650C (1200F) Temper, 13 mm (0.5 In.) Round",1015.0,979.0,17.0,6,Quenched (oil) & tempered – high-strength structural steel
685,2,"686,3096",AISI 6150 Steel,"Annealed, 25 mm (1 In.) Round",670.0,415.0,23.0,3,Normalized – easy-to-machine stock (cold drawn)
686,2,"687,2529",AISI 8617H Steel,"Double Quenched, 150C (300F) Temper",820.0,550.0,23.0,5,Carburized – quenched (oil) – wear-resistant surface steel (variant)
687,2,"688,3011",AISI 6150H Steel,"Annealed, 25 mm (1 In.) Round",670.0,415.0,23.0,3,Normalized – easy-to-machine stock (cold drawn)
688,2,"689,2028",AISI 51B60H Steel,"Oil Quenched From 830C (1525F), 650C (1200F) Temper, 50 mm (2 In.) Round",779.0,580.0,21.0,6,Quenched (oil) & tempered – high-strength structural steel
689,2,"690,2531",AISI 8620 Steel,"Normalized, 50 mm (2 In.) Round",600.0,360.0,27.0,9,Normalized – general-purpose steel (round normalized stock)
690,2,"691,2448",AISI 8620 Steel,"Normalized, Machined To 13.7 mm, Pseudocarburized, Reheated To 775C, 150C Temper",938.0,772.0,15.0,0,Carburized – quenched (oil) – wear-resistant surface steel
691,2,"692,2975",AISI 6150 Steel,"Oil Quenched 845C (1550F), 595C (1100F) Temper, 100 mm (4 In.) Round",896.0,745.0,19.0,6,Quenched (oil) & tempered – high-strength structural steel
692,2,"693,3052",AISI 5150 Steel,"Oil Quenched From 830C (1525F), 595C (1100F) Temper, 13 mm (0.5 In.) Round",993.0,903.0,19.0,6,Quenched (oil) & tempered – high-strength structural steel
693,2,"694,2401",AISI 8620 Steel,"Normalized, Machined To 25 mm, Pseudocarburized, Reheated To 800C, 150C Temper",958.0,765.0,16.0,0,Carburized – quenched (oil) – wear-resistant surface steel
694,2,"695,2449",AISI 8620 Steel,"Mock Carburized, Reheated And Oil Quenched, 230C (450F) Temper, 13 mm (0.5 In.) Round",1225.0,965.0,14.0,8,Carburized – quenched (oil) – wear-resistant surface steel (variant)
695,2,"696,2460",AISI 8620 Steel,"Mock Carburized, Reheated And Oil Quenched, 150C (300F) Temper, 25 mm (1 In.) Round",876.0,580.0,20.0,8,Carburized – quenched (oil) – wear-resistant surface steel (variant)
696,2,"697,2045",AISI 5160 Steel,"Oil Quenched From 830C (1525F), 595C (1100F) Temper, 100 mm (4 In.) Round",889.0,615.0,21.0,6,Quenched (oil) & tempered – high-strength structural steel
697,2,"698,2407",AISI 8620 Steel,"Direct Quenched From Pot, 230C (450F) Temper, Carburized",1250.0,926.0,12.0,5,Carburized – quenched (oil) – wear-resistant surface steel (variant)
698,2,"699,2481",AISI 8620 Steel,"Quenched From Carburizing Box, 50 mm (2 In.) Round",745.0,560.0,25.0,2,Quenched (oil) – general-purpose steel (tested)
699,2,"700,2451",AISI 8620 Steel,"Mock Carburized, Reheated And Oil Quenched, 230C (450F) Temper, 25 mm (1 In.) Round",855.0,560.0,19.0,8,Carburized – quenched (oil) – wear-resistant surface steel (variant)
700,2,"701,2438",AISI 8620H Steel,Annealed 13 mm (0.5 In.) Round,530.0,385.0,31.0,3,Normalized – easy-to-machine stock (cold drawn)
701,2,"702,3103",AISI 6150H Steel,"Oil Quenched 845C (1550F), 650C (1200F) Temper, 25 mm (1 In.) Round",972.0,896.0,18.0,6,Quenched (oil) & tempered – high-strength structural steel
702,2,"703,2409",AISI 8620 Steel,"Normalized, Machined To 25 mm, Pseudocarburized, Reheated To 775C, 150C Temper",903.0,710.0,15.0,0,Carburized – quenched (oil) – wear-resistant surface steel
703,2,"704,2410",AISI 8620 Steel,"Normalized (Heated To 915C Air Cooled), 13 mm (0.5 In.) Round",660.0,370.0,26.0,4,Normalized (air cooled) – general-purpose steel
704,2,"705,2452",AISI 8620H Steel,"Direct Quenched From Pot, 150C (300F) Temper, Carburized",1324.0,1036.0,12.0,5,Carburized – quenched (oil) – wear-resistant surface steel (variant)
705,2,"706,2446",AISI 8620 Steel,"Mock Carburized, Reheated And Quenched, 150C (300F) Temper, 50 mm (2 In.) Round",807.0,505.0,23.0,8,Carburized – quenched (oil) – wear-resistant surface steel (variant)
706,2,"707,3081",AISI 6150H Steel,"Oil Quenched 845C (1550F), 540C (1000F) Temper, 13 mm (0.5 In.) Round",1240.0,1225.0,14.0,6,Quenched (oil) & tempered – high-strength structural steel
707,2,"708,2974",AISI 6150 Steel,"Oil Quenched 845C (1550F), 595C (1100F) Temper, 50 mm (2 In.) Round",1020.0,910.0,17.0,6,Quenched (oil) & tempered – high-strength structural steel
708,2,"709,2068",AISI 51B60 Steel,"Oil Quenched From 830C (1525F), 540C (1000F) Temper, 100 mm (4 In.) Round",965.0,703.0,18.0,6,Quenched (oil) & tempered – high-strength structural steel
709,2,"710,2600",AISI 8620 Steel,"Mock Carburized, Reheated And Oil Quenched, 230C (450F) Temper, 100 mm (4 In.) Round",675.0,385.0,25.0,8,Carburized – quenched (oil) – wear-resistant surface steel (variant)
710,2,"711,2411",AISI 4815H Steel,"Pseudocarburized, Reheated To 775C (1430F) And Oil Quenched, 150C (300F) Temper, 25 mm (1 In.) Round",1025.0,855.0,15.0,0,Carburized – quenched (oil) – wear-resistant surface steel
711,2,"712,3049",AISI 5150H Steel,"Oil Quenched From 830C (1525F), 650C (1200F) Temper, 13 mm (0.5 In.) Round",938.0,834.0,21.0,6,Quenched (oil) & tempered – high-strength structural steel
712,2,"713,2584",AISI 8620H Steel,"Normalized, Machined To 13.7 mm, Pseudocarburized, Reheated To 775C, 150C Temper",938.0,772.0,15.0,0,Carburized – quenched (oil) – wear-resistant surface steel
713,2,"714,2480",AISI 8620H Steel,"Single Quenched And Tempered (150C (300F)), Carburized",1300.0,1033.0,11.0,5,Carburized – quenched (oil) – wear-resistant surface steel (variant)
714,2,"715,2483",AISI 8620H Steel,"Normalized, Machined To 25 mm, Pseudocarburized, Reheated To 775C, 150C Temper",903.0,710.0,15.0,0,Carburized – quenched (oil) – wear-resistant surface steel
715,2,"716,2619",AISI 8620H Steel,Annealed 25 mm (1 In.) Round,540.0,385.0,31.0,3,Normalized – easy-to-machine stock (cold drawn)
716,2,"717,2421",AISI 8620 Steel,"Carburized, Box Cooled, Reheated And Double Quenched, 150C (300F) Temper, 13 mm (0.5 In.) Round",917.0,570.0,20.0,8,Carburized – quenched (oil) – wear-resistant surface steel (variant)
717,2,"718,2417",AISI 8620 Steel,"Mock Carburized, Reheated And Oil Quenched, 150C (300F) Temper, 100 mm (4 In.) Round",675.0,400.0,24.0,8,Carburized – quenched (oil) – wear-resistant surface steel (variant)
718,2,"719,2385",AISI 8617 Steel,"Heat Treated, Machined, Pseudocarburized, Reheated To 800C (1470F), 150C (300F) Temper",786.0,530.0,22.0,0,Carburized – quenched (oil) – wear-resistant surface steel
719,2,"720,2435",AISI 8620 Steel,"Normalized, Machined To 25 mm, Pseudocarburized, Reheated To 845C, 150C Temper",1050.0,855.0,17.0,0,Carburized – quenched (oil) – wear-resistant surface steel
720,2,"721,2970",AISI 5150 Steel,"Normalized, 100 mm (4 In.) Round",841.0,435.0,18.0,9,Normalized – general-purpose steel (round normalized stock)
721,2,"722,2422",AISI 8620 Steel,Annealed 13 mm (0.5 In.) Round,530.0,385.0,31.0,3,Normalized – easy-to-machine stock (cold drawn)
722,2,"723,2415",AISI 8620H Steel,"Normalized, 13 mm (0.5 In.) Round",635.0,360.0,26.0,9,Normalized – general-purpose steel (round normalized stock)
723,2,"724,2535",AISI 8620H Steel,"Normalized, 50 mm (2 In.) Round",600.0,360.0,27.0,9,Normalized – general-purpose steel (round normalized stock)
724,2,"725,3058",AISI 6150H Steel,"Oil Quenched 845C (1550F), 595C (1100F) Temper, 100 mm (4 In.) Round",896.0,745.0,19.0,6,Quenched (oil) & tempered – high-strength structural steel
725,2,"726,2455",AISI 8620H Steel,"Quenched From Carburizing Box, 50 mm (2 In.) Round",745.0,560.0,25.0,2,Quenched (oil) – general-purpose steel (tested)
726,2,"727,2992",AISI 6150H Steel,"Oil Quenched 845C (1550F), 650C (1200F) Temper, 100 mm (4 In.) Round",841.0,650.0,21.0,6,Quenched (oil) & tempered – high-strength structural steel
727,2,"728,3039",AISI 6150 Steel,"Oil Quenched 845C (1550F), 650C (1200F) Temper, 50 mm (2 In.) Round",924.0,800.0,19.0,6,Quenched (oil) & tempered – high-strength structural steel
728,2,"729,2520",AISI 8622 Steel,"Heat Treated, Machined To 13.7 mm Rounds, Pseudocarburized, 865C (1590F) Reheat, 150C (300F) Temper",1510.0,1093.0,13.0,0,Carburized – quenched (oil) – wear-resistant surface steel
729,2,"730,2441",AISI 8620H Steel,"Normalized, 25 mm (1 In.) Round",635.0,360.0,26.0,9,Normalized – general-purpose steel (round normalized stock)
730,2,"731,2388",AISI 8617 Steel,"Double Quenched, 150C (300F) Temper",820.0,550.0,23.0,5,Carburized – quenched (oil) – wear-resistant surface steel (variant)
731,2,"732,2605",AISI 8620H Steel,"Mock Carburized, Reheated And Oil Quenched, 230C (450F) Temper, 50 mm (2 In.) Round",786.0,495.0,22.0,8,Carburized – quenched (oil) – wear-resistant surface steel (variant)
732,2,"733,2963",AISI 5140 Steel,"Annealed 830C (1525F), 25 mm (1 In.) Round",570.0,290.0,28.0,7,Annealed – easy-to-machine – round annealed stock
733,2,"734,3079",AISI 6150H Steel,"Normalized, 13 mm (0.5 In.) Round",972.0,640.0,20.0,9,Normalized – general-purpose steel (round normalized stock)
734,2,"735,2501",AISI 8622H Steel,"Heat Treated, Machined To 13.7 mm Rounds, Pseudocarburized, 820C (1510F) Reheat, 150C (300F) Temper",1451.0,1041.0,13.0,0,Carburized – quenched (oil) – wear-resistant surface steel
735,2,"736,2903",AISI 4150 Steel,"Normalized At 870C (1600F), Air Cooled, 25 mm (1 In.) Round",1160.0,731.0,11.0,4,Normalized (air cooled) – general-purpose steel
736,2,"737,2576",AISI 8622 Steel,"Heat Treated, Machined To 13.7 mm Rounds, Pseudocarburized, 150C (300F) Temper",1524.0,1149.0,13.0,0,Carburized – quenched (oil) – wear-resistant surface steel
737,2,"738,2711",AISI 8620 Steel,"Normalized, 25 mm (1 In.) Round",635.0,360.0,26.0,9,Normalized – general-purpose steel (round normalized stock)
738,2,"739,2001",AISI 51B60H Steel,"Oil Quenched From 830C (1525F), 540C (1000F) Temper, 13 mm (0.5 In.) Round",1170.0,1070.0,14.0,6,Quenched (oil) & tempered – high-strength structural steel
739,2,"740,3069",AISI 6150 Steel,"Oil Quenched 845C (1550F), 595C (1100F) Temper, 13 mm (0.5 In.) Round",1105.0,1090.0,16.0,6,Quenched (oil) & tempered – high-strength structural steel
740,2,"741,3200",AISI 6150 Steel,"Oil Quenched 845C (1550F), 540C (1000F) Temper, 13 mm (0.5 In.) Round",1240.0,1225.0,14.0,6,Quenched (oil) & tempered – high-strength structural steel
741,2,"742,2450",AISI 8620H Steel,"Mock Carburized, Reheated And Oil Quenched, 230C (450F) Temper, 13 mm (0.5 In.) Round",1225.0,965.0,14.0,8,Carburized – quenched (oil) – wear-resistant surface steel (variant)
742,2,"743,2468",AISI 8620H Steel,"Normalized, Machined To 25 mm, Pseudocarburized, Oil Quenched, 150C Temper",1075.0,876.0,14.0,0,Carburized – quenched (oil) – wear-resistant surface steel
743,2,"744,2453",AISI 8620H Steel,"Normalized, Machined To 25 mm, Pseudocarburized, Reheated To 800C, 150C Temper",958.0,765.0,16.0,0,Carburized – quenched (oil) – wear-resistant surface steel
744,2,"745,2493",AISI 8622H Steel,"Heat Treated, Machined To 25 mm (1 In.) Rounds, Pseudocarburized, 865C (1590F) Reheat, 150C (300F) Temper",1250.0,900.0,13.0,0,Carburized – quenched (oil) – wear-resistant surface steel
745,2,"746,2477",AISI 8620H Steel,"Mock Carburized, Reheated And Quenched, 150C (300F) Temper, 50 mm (2 In.) Round",807.0,505.0,23.0,8,Carburized – quenched (oil) – wear-resistant surface steel (variant)
746,2,"747,1978",AISI 5160 Steel,"Annealed, 25 mm (1 In.) Round",724.0,275.0,17.0,3,Normalized – easy-to-machine stock (cold drawn)
747,2,"748,2573",AISI 8620 Steel,"Normalized, Machined To 13.7 mm, Pseudocarburized, Oil Quenched, 150C Temper",1110.0,924.0,15.0,0,Carburized – quenched (oil) – wear-resistant surface steel
748,2,"749,2547",AISI 8620H Steel,"Double Quenched And Tempered (150C (300F)), Carburized",917.0,572.0,20.0,5,Carburized – quenched (oil) – wear-resistant surface steel (variant)
749,2,"750,2564",AISI 8622 Steel,"Heat Treated, Machined To 25 mm (1 In.) Rounds, Pseudocarburized, 820C (1510F) Reheat, 150C (300F) Temper",1204.0,805.0,14.0,0,Carburized – quenched (oil) – wear-resistant surface steel
750,2,"751,2434",AISI 8620 Steel,"Normalized, 100 mm (4 In.) Round",565.0,360.0,28.0,9,Normalized – general-purpose steel (round normalized stock)
751,2,"752,2425",AISI 8620 Steel,Annealed 25 mm (1 In.) Round,540.0,385.0,31.0,3,Normalized – easy-to-machine stock (cold drawn)
752,2,"753,3177",AISI 8630 Steel,"Water Quenched 845C (1550F), 540C (1000F) Temper, 13 mm (0.5 In.) Round",958.0,910.0,18.0,10,Quenched (water) & tempered – high-strength structural steel
753,2,"754,3041",AISI 8630 Steel,"Oil Quenched 845C (1550F), 455C (850F) Temper",979.0,841.0,16.0,6,Quenched (oil) & tempered – high-strength structural steel
754,2,"755,2405",AISI 8620 Steel,"Single Quenched And Tempered (150C (300F)), Carburized",1300.0,1033.0,11.0,5,Carburized – quenched (oil) – wear-resistant surface steel (variant)
755,2,"756,2432",AISI 8620 Steel,"Double Quenched And Tempered (230C (450F)), Carburized",898.0,533.0,22.0,5,Carburized – quenched (oil) – wear-resistant surface steel (variant)
756,2,"757,2423",AISI 8620 Steel,"Normalized, Machined To 13.7 mm, Pseudocarburized, Reheated To 800C, 150C Temper",1040.0,848.0,15.0,0,Carburized – quenched (oil) – wear-resistant surface steel
757,2,"758,2997",AISI 8630 Steel,Normalized,620.0,550.0,16.0,2,Quenched (oil) – general-purpose steel (tested)
758,2,"759,2378",AISI 8617H Steel,"Heat Treated, Machined, Pseudocarburized, Reheated To 855C (1570F), 150C (300F) Temper",834.0,625.0,19.0,0,Carburized – quenched (oil) – wear-resistant surface steel
759,2,"760,2488",AISI 8620H Steel,"Normalized, Machined To 13.7 mm, Pseudocarburized, Reheated To 840C, 150C Temper",1095.0,910.0,16.0,0,Carburized – quenched (oil) – wear-resistant surface steel
760,2,"761,2563",AISI 8622 Steel,"Heat Treated, Machined To 13.7 mm Rounds, Pseudocarburized, 775C (1430F) Reheat, 150C (300F) Temper",1198.0,693.0,11.0,0,Carburized – quenched (oil) – wear-resistant surface steel
761,2,"762,2419",AISI 5120 Steel,"Heat Treated, Machined To 13.7 mm, Pseudocarburized, Reheated To 845C (1550F), 150C (300F) Temper",979.0,786.0,16.0,0,Carburized – quenched (oil) – wear-resistant surface steel
762,2,"763,2387",AISI 8617H Steel,"Heat Treated, Machined, Pseudocarburized, Reheated To 800C (1470F), 150C (300F) Temper",786.0,530.0,22.0,0,Carburized – quenched (oil) – wear-resistant surface steel
763,2,"764,2561",AISI 8622H Steel,"Heat Treated, Machined To 13.7 mm Rounds, Pseudocarburized, 865C (1590F) Reheat, 150C (300F) Temper",1510.0,1093.0,13.0,0,Carburized – quenched (oil) – wear-resistant surface steel
764,2,"765,2436",AISI 8620H Steel,"Quenched From Carburizing Box, 13 mm (0.5 In.) Round",1325.0,1035.0,12.0,2,Quenched (oil) – general-purpose steel (tested)
765,2,"766,2533",AISI 8622H Steel,"Heat Treated, Machined To 13.7 mm Rounds, Pseudocarburized, 775C (1430F) Reheat, 150C (300F) Temper",1198.0,693.0,11.0,0,Carburized – quenched (oil) – wear-resistant surface steel
766,2,"767,3204",AISI 8630 Steel,"Normalized, 25 mm (1 In.) Round",650.0,425.0,23.0,9,Normalized – general-purpose steel (round normalized stock)
767,2,"768,2439",AISI 8620H Steel,"Normalized (Heated To 915C Air Cooled), 13 mm (0.5 In.) Round",660.0,370.0,26.0,4,Normalized (air cooled) – general-purpose steel
768,2,"769,3015",AISI 8630 Steel,"Water Quenched 845C (1550F), 480C (900F) Temper, 50 mm (2 In.) Round",895.0,738.0,19.0,10,Quenched (water) & tempered – high-strength structural steel
769,2,"770,3182",AISI 8630H Steel,"Water Quenched 845C (1550F), 480C (900F) Temper, 100 mm (4 In.) Round",780.0,595.0,21.0,10,Quenched (water) & tempered – high-strength structural steel
770,2,"771,2442",AISI 8620H Steel,"Carburized, Box Cooled, Reheated And Double Quenched, 150C (300F) Temper, 13 mm (0.5 In.) Round",917.0,570.0,20.0,8,Carburized – quenched (oil) – wear-resistant surface steel (variant)
771,2,"772,2554",AISI 8620H Steel,"Quenched From Carburizing Box, 25 mm (1 In.) Round",931.0,758.0,16.0,2,Quenched (oil) – general-purpose steel (tested)
772,2,"773,2392",AISI 8620 Steel,"Normalized, 13 mm (0.5 In.) Round",635.0,360.0,26.0,9,Normalized – general-purpose steel (round normalized stock)
773,2,"774,3183",AISI 8630 Steel,"Water Quenched 845C (1550F), 595C (1100F) Temper, 25 mm (1 In.) Round",814.0,695.0,18.0,10,Quenched (water) & tempered – high-strength structural steel
774,2,"775,3141",AISI 8630 Steel,"Normalized, 13 mm (0.5 In.) Round",655.0,425.0,25.0,9,Normalized – general-purpose steel (round normalized stock)
775,2,"776,2995",AISI 6150H Steel,"Oil Quenched 845C (1550F), 595C (1100F) Temper, 25 mm (1 In.) Round",1090.0,1035.0,16.0,6,Quenched (oil) & tempered – high-strength structural steel
776,2,"777,2510",AISI 8620H Steel,"Cooled In Carburizing Box, Reheated And Quenched, 13 mm (0.5 In.) Round",1296.0,1035.0,11.0,8,Carburized – quenched (oil) – wear-resistant surface steel (variant)
777,2,"778,2673",AISI 8620 Steel,"Mock Carburized, Reheated And Oil Quenched, 230C (450F) Temper, 50 mm (2 In.) Round",786.0,495.0,22.0,8,Carburized – quenched (oil) – wear-resistant surface steel (variant)
778,2,"779,3112",AISI 8630 Steel,"Annealed, 25 mm (1 In.) Round",565.0,370.0,29.0,3,Normalized – easy-to-machine stock (cold drawn)
779,2,"780,2478",AISI 8620H Steel,"Direct Quenched From Pot, 230C (450F) Temper, Carburized",1250.0,926.0,12.0,5,Carburized – quenched (oil) – wear-resistant surface steel (variant)
780,2,"781,2490",AISI 8622 Steel,"Heat Treated, Machined To 25 mm (1 In.) Rounds, Pseudocarburized, 865C (1590F) Reheat, 150C (300F) Temper",1250.0,900.0,13.0,0,Carburized – quenched (oil) – wear-resistant surface steel
781,2,"782,2472",AISI 8620H Steel,"Mock Carburized, Reheated And Oil Quenched, 230C (450F) Temper, 25 mm (1 In.) Round",855.0,560.0,19.0,8,Carburized – quenched (oil) – wear-resistant surface steel (variant)
782,2,"783,3032",AISI 8630 Steel,"Water Quenched 845C (1550F), 595C (1100F) Temper, 13 mm (0.5 In.) Round",924.0,910.0,19.0,10,Quenched (water) & tempered – high-strength structural steel
783,2,"784,3023",AISI 8630H Steel,"Water Quenched 845C (1550F), 540C (1000F) Temper, 25 mm (1 In.) Round",931.0,850.0,18.0,10,Quenched (water) & tempered – high-strength structural steel
784,2,"785,3162",AISI 8630H Steel,"Normalized, 50 mm (2 In.) Round",640.0,425.0,26.0,9,Normalized – general-purpose steel (round normalized stock)
785,2,"786,2418",AISI 8620 Steel,"Single Quenched And Tempered (230C (450F)), Carburized",1157.0,833.0,14.0,5,Carburized – quenched (oil) – wear-resistant surface steel (variant)
786,2,"787,3037",AISI 86B30H Steel,Normalized,620.0,550.0,16.0,2,Quenched (oil) – general-purpose steel (tested)
787,2,"788,3018",AISI 8630H Steel,"Water Quenched 845C (1550F), 480C (900F) Temper, 13 mm (0.5 In.) Round",1050.0,1035.0,16.0,10,Quenched (water) & tempered – high-strength structural steel
788,2,"789,2647",AISI 8620H Steel,"Normalized, Machined To 25 mm, Pseudocarburized, Reheated To 845C, 150C Temper",1050.0,855.0,17.0,0,Carburized – quenched (oil) – wear-resistant surface steel
789,2,"790,2020",AISI 5160H Steel,"Oil Quenched From 830C (1525F), 650C (1200F) Temper, 25 mm (1 In.) Round",889.0,765.0,20.0,6,Quenched (oil) & tempered – high-strength structural steel
790,2,"791,2579",AISI 8620H Steel,"Mock Carburized, Reheated And Oil Quenched, 150C (300F) Temper, 100 mm (4 In.) Round",675.0,400.0,24.0,8,Carburized – quenched (oil) – wear-resistant surface steel (variant)
791,2,"792,2445",AISI 8620H Steel,"Normalized, Machined To 13.7 mm, Pseudocarburized, Oil Quenched, 150C Temper",1110.0,924.0,15.0,0,Carburized – quenched (oil) – wear-resistant surface steel
792,2,"793,2541",AISI 8620H Steel,"Normalized, Machined To 13.7 mm, Pseudocarburized, Reheated To 800C, 150C Temper",1040.0,848.0,15.0,0,Carburized – quenched (oil) – wear-resistant surface steel
793,2,"794,3198",AISI 6150H Steel,"Normalized, 100 mm (4 In.) Round",883.0,460.0,18.0,9,Normalized – general-purpose steel (round normalized stock)
794,2,"795,3174",AISI 86B30H Steel,"Water Quenched 845C (1550F), 480C (900F) Temper, 13 mm (0.5 In.) Round",1050.0,1035.0,16.0,10,Quenched (water) & tempered – high-strength structural steel
795,2,"796,2428",AISI 8620H Steel,"Carburized, Box Cooled, Reheated And Quenched, 150C (300F) Temper, 25 mm (1 In.) Round",958.0,814.0,19.0,8,Carburized – quenched (oil) – wear-resistant surface steel (variant)
796,2,"797,3167",AISI 8630H Steel,"Water Quenched 845C (1550F), 595C (1100F) Temper, 100 mm (4 In.) Round",660.0,495.0,25.0,10,Quenched (water) & tempered – high-strength structural steel
797,2,"798,3150",AISI 86B30H Steel,"Water Quenched 845C (1550F), 540C (1000F) Temper, 13 mm (0.5 In.) Round",958.0,910.0,18.0,10,Quenched (water) & tempered – high-strength structural steel
798,2,"799,2566",AISI 8620H Steel,"Single Quenched And Tempered (230C (450F)), Carburized",1157.0,833.0,14.0,5,Carburized – quenched (oil) – wear-resistant surface steel (variant)
799,2,"800,3071",AISI 8640 Steel,"Oil Quenched 845C (1550F), 540C (1000F) Temper, 50 mm (2 In.) Round",1035.0,910.0,20.0,6,Quenched (oil) & tempered – high-strength structural steel
800,2,"801,3042",AISI 86B30H Steel,"Annealed, 25 mm (1 In.) Round",565.0,370.0,29.0,3,Normalized – easy-to-machine stock (cold drawn)
801,2,"802,3070",AISI 8630H Steel,"Water Quenched 845C (1550F), 595C (1100F) Temper, 50 mm (2 In.) Round",765.0,615.0,22.0,10,Quenched (water) & tempered – high-strength structural steel
802,2,"803,2508",AISI 8620H Steel,"Carburized, Box Cooled, Reheated And Quenched, 150C (300F) Temper, 50 mm (2 In.) Round",675.0,490.0,21.0,8,Carburized – quenched (oil) – wear-resistant surface steel (variant)
803,2,"804,2603",AISI 8622H Steel,"Heat Treated, Machined To 13.7 mm Rounds, Pseudocarburized, 150C (300F) Temper",1524.0,1149.0,13.0,0,Carburized – quenched (oil) – wear-resistant surface steel
804,2,"805,3098",AISI 8630H Steel,Normalized,620.0,550.0,16.0,2,Quenched (oil) – general-purpose steel (tested)
805,2,"806,3186",AISI 86B30H Steel,"Water Quenched 845C (1550F), 480C (900F) Temper, 50 mm (2 In.) Round",895.0,738.0,19.0,10,Quenched (water) & tempered – high-strength structural steel
806,2,"807,3110",AISI 8630H Steel,"Water Quenched 845C (1550F), 540C (1000F) Temper, 100 mm (4 In.) Round",738.0,565.0,23.0,10,Quenched (water) & tempered – high-strength structural steel
807,2,"808,3031",AISI 8630 Steel,"Water Quenched 845C (1550F), 540C (1000F) Temper, 50 mm (2 In.) Round",827.0,689.0,21.0,10,Quenched (water) & tempered – high-strength structural steel
808,2,"809,2552",AISI 8622 Steel,"Heat Treated, Machined To 13.7 mm Rounds, Pseudocarburized, 820C (1510F) Reheat, 150C (300F) Temper",1451.0,1041.0,13.0,0,Carburized – quenched (oil) – wear-resistant surface steel
809,2,"810,2037",AISI 51B60H Steel,"Normalized, 50 mm (2 In.) Round",924.0,510.0,16.0,9,Normalized – general-purpose steel (round normalized stock)
810,2,"811,2022",AISI 5160H Steel,"Oil Quenched From 830C (1525F), 540C (1000F) Temper, 13 mm (0.5 In.) Round",1170.0,1070.0,14.0,6,Quenched (oil) & tempered – high-strength structural steel
811,2,"812,2491",AISI 8620H Steel,"Normalized, 100 mm (4 In.) Round",565.0,360.0,28.0,9,Normalized – general-purpose steel (round normalized stock)
812,2,"813,3161",AISI 8640 Steel,"Oil Quenched 845C (1550F), 540C (1000F) Temper, 100 mm (4 In.) Round",889.0,752.0,23.0,6,Quenched (oil) & tempered – high-strength structural steel
813,2,"814,3073",AISI 86B30H Steel,"Normalized, 25 mm (1 In.) Round",650.0,425.0,23.0,9,Normalized – general-purpose steel (round normalized stock)
814,2,"815,2645",AISI 8620 Steel,"Quenched From Carburizing Box, 25 mm (1 In.) Round",931.0,758.0,16.0,2,Quenched (oil) – general-purpose steel (tested)
815,2,"816,2048",AISI 51B60 Steel,"Oil Quenched From 830C (1525F), 650C (1200F) Temper, 25 mm (1 In.) Round",889.0,765.0,20.0,6,Quenched (oil) & tempered – high-strength structural steel
816,2,"817,3046",AISI 8630H Steel,"Water Quenched 845C (1550F), 595C (1100F) Temper, 25 mm (1 In.) Round",814.0,695.0,18.0,10,Quenched (water) & tempered – high-strength structural steel
817,2,"818,2018",AISI 51B60 Steel,"Oil Quenched From 830C (1525F), 595C (1100F) Temper, 13 mm (0.5 In.) Round",1050.0,924.0,16.0,6,Quenched (oil) & tempered – high-strength structural steel
818,2,"819,3010",AISI 6150H Steel,"Normalized, 50 mm (2 In.) Round",896.0,515.0,20.0,9,Normalized – general-purpose steel (round normalized stock)
819,2,"820,3038",AISI 86B30H Steel,"Normalized, 100 mm (4 In.) Round",635.0,385.0,24.0,9,Normalized – general-purpose steel (round normalized stock)
820,2,"821,3051",AISI 8630H Steel,"Water Quenched 845C (1550F), 480C (900F) Temper, 50 mm (2 In.) Round",895.0,738.0,19.0,10,Quenched (water) & tempered – high-strength structural steel
821,2,"822,3159",AISI 8650 Steel,Annealed,715.0,385.0,22.0,7,Annealed – easy-to-machine – round annealed stock
822,2,"823,3035",AISI 86B30H Steel,"Normalized, 13 mm (0.5 In.) Round",655.0,425.0,25.0,9,Normalized – general-purpose steel (round normalized stock)
823,2,"824,3003",AISI 8630 Steel,"Water Quenched 845C (1550F), 480C (900F) Temper, 13 mm (0.5 In.) Round",1050.0,1035.0,16.0,10,Quenched (water) & tempered – high-strength structural steel
824,2,"825,2938",AISI 5140 Steel,"Oil Quenched 845C (1550F), 540C (1000F) Temper, 25 mm (1 In.) Round",972.0,841.0,18.0,6,Quenched (oil) & tempered – high-strength structural steel
825,2,"826,2517",AISI 8620 Steel,"Direct Quenched From Pot, 150C (300F) Temper, Carburized",1324.0,1036.0,12.0,5,Carburized – quenched (oil) – wear-resistant surface steel (variant)
826,2,"827,3165",AISI 8630H Steel,"Normalized, 25 mm (1 In.) Round",650.0,425.0,23.0,9,Normalized – general-purpose steel (round normalized stock)
827,2,"828,2537",AISI 8622H Steel,"Heat Treated, Machined To 25 mm (1 In.) Rounds, Pseudocarburized, 820C (1510F) Reheat, 150C (300F) Temper",1204.0,805.0,14.0,0,Carburized – quenched (oil) – wear-resistant surface steel
828,2,"829,3121",AISI 8640 Steel,"Oil Quenched 845C (1550F), 540C (1000F) Temper, 75 mm Round",945.0,814.0,22.0,6,Quenched (oil) & tempered – high-strength structural steel
829,2,"830,3170",AISI 8640H Steel,"Cold Drawn, 25 mm (1 In.) Round",945.0,931.0,9.0,3,Normalized – easy-to-machine stock (cold drawn)
830,2,"831,3093",AISI 8650 Steel,"Normalized, 25 mm (1 In.) Round",1020.0,689.0,14.0,9,Normalized – general-purpose steel (round normalized stock)
831,2,"832,2060",AISI 51B60H Steel,"Oil Quenched From 830C (1525F), 595C (1100F) Temper, 50 mm (2 In.) Round",931.0,635.0,20.0,6,Quenched (oil) & tempered – high-strength structural steel
832,2,"833,2721",AISI 8622H Steel,"Heat Treated, Machined To 25 mm (1 In.) Rounds, Pseudocarburized, 775C (1430F) Reheat, 150C (300F) Temper",1176.0,654.0,12.0,0,Carburized – quenched (oil) – wear-resistant surface steel
833,2,"834,3087",AISI 8630 Steel,"Water Quenched 845C (1550F), 480C (900F) Temper, 100 mm (4 In.) Round",780.0,595.0,21.0,10,Quenched (water) & tempered – high-strength structural steel
834,2,"835,3100",AISI 8650 Steel,"Oil Quenched 800C (1470F), 650C (1200F) Temper, 50 mm (2 In.) Round",931.0,834.0,21.0,6,Quenched (oil) & tempered – high-strength structural steel
835,2,"836,3074",AISI 86B30H Steel,"Water Quenched 845C (1550F), 540C (1000F) Temper, 25 mm (1 In.) Round",931.0,850.0,18.0,10,Quenched (water) & tempered – high-strength structural steel
836,2,"837,3085",AISI 8650H Steel,"Annealed, 25 mm (1 In.) Round",1255.0,1076.0,22.0,3,Normalized – easy-to-machine stock (cold drawn)
837,2,"838,3065",AISI 8630H Steel,"Normalized, 100 mm (4 In.) Round",635.0,385.0,24.0,9,Normalized – general-purpose steel (round normalized stock)
838,2,"839,3132",AISI 8640 Steel,"Cold Drawn, 25 mm (1 In.) Round",945.0,931.0,9.0,3,Normalized – easy-to-machine stock (cold drawn)
839,2,"840,3114",AISI 86B30H Steel,"Water Quenched 845C (1550F), 595C (1100F) Temper, 13 mm (0.5 In.) Round",924.0,910.0,19.0,10,Quenched (water) & tempered – high-strength structural steel
840,2,"841,3061",AISI 8640 Steel,"Oil Quenched 845C (1550F), 650C (1200F) Temper, 100 mm (4 In.) Round",772.0,635.0,22.0,6,Quenched (oil) & tempered – high-strength structural steel
841,2,"842,3135",AISI 86B30H Steel,"Water Quenched 845C (1550F), 595C (1100F) Temper, 100 mm (4 In.) Round",660.0,495.0,25.0,10,Quenched (water) & tempered – high-strength structural steel
842,2,"843,2399",AISI 8617 Steel,"Heat Treated, Machined, Pseudocarburized, Reheated To 855C (1570F), 150C (300F) Temper",834.0,625.0,19.0,0,Carburized – quenched (oil) – wear-resistant surface steel
843,2,"844,3091",AISI 8650 Steel,"Annealed, 25 mm (1 In.) Round",1255.0,1076.0,22.0,3,Normalized – easy-to-machine stock (cold drawn)
844,2,"845,2006",AISI 5160 Steel,"Oil Quenched From 830C (1525F), 595C (1100F) Temper, 13 mm (0.5 In.) Round",1050.0,924.0,16.0,6,Quenched (oil) & tempered – high-strength structural steel
845,2,"846,3108",AISI 8650H Steel,"Normalized, 25 mm (1 In.) Round",1020.0,689.0,14.0,9,Normalized – general-purpose steel (round normalized stock)
846,2,"847,3059",AISI 8630H Steel,"Normalized, 13 mm (0.5 In.) Round",655.0,425.0,25.0,9,Normalized – general-purpose steel (round normalized stock)
847,2,"848,3228",AISI 8650 Steel,"Normalized, 13 mm (0.5 In.) Round",1255.0,903.0,10.0,9,Normalized – general-purpose steel (round normalized stock)
848,2,"849,3014",AISI 8630H Steel,"Oil Quenched 845C (1550F), 455C (850F) Temper",979.0,841.0,16.0,6,Quenched (oil) & tempered – high-strength structural steel
849,2,"850,3233",AISI 86B45 Steel,"Normalized At 870C (1600F), Oil Quenched 845C (1550F), 540C (1000F) Temper, 25 mm Diam.",1157.0,1080.0,15.0,0,Carburized – quenched (oil) – wear-resistant surface steel
850,2,"851,3029",AISI 8630H Steel,"Water Quenched 845C (1550F), 480C (900F) Temper, 25 mm (1 In.) Round",1015.0,910.0,16.0,10,Quenched (water) & tempered – high-strength structural steel
851,2,"852,3044",AISI 8630 Steel,"Water Quenched 845C (1550F), 595C (1100F) Temper, 100 mm (4 In.) Round",660.0,495.0,25.0,10,Quenched (water) & tempered – high-strength structural steel
852,2,"853,3064",AISI 8630 Steel,"Normalized, 100 mm (4 In.) Round",635.0,385.0,24.0,9,Normalized – general-purpose steel (round normalized stock)
853,2,"854,3084",AISI 8630H Steel,"Annealed, 25 mm (1 In.) Round",565.0,370.0,29.0,3,Normalized – easy-to-machine stock (cold drawn)
854,2,"855,3171",AISI 86B50 Steel,"Normalized, 13 mm (0.5 In.) Round",1255.0,903.0,10.0,9,Normalized – general-purpose steel (round normalized stock)
855,2,"856,3138",AISI 8650 Steel,"Normalized, 50 mm (2 In.) Round",993.0,660.0,15.0,9,Normalized – general-purpose steel (round normalized stock)
856,2,"857,2437",AISI 8620 Steel,"Mock Carburized, Reheated And Oil Quenched, 150C (300F) Temper, 13 mm (0.5 In.) Round",1380.0,1085.0,13.0,8,Carburized – quenched (oil) – wear-resistant surface steel (variant)
857,2,"858,3229",AISI 6150H Steel,"Oil Quenched 845C (1550F), 540C (1000F) Temper, 50 mm (2 In.) Round",1145.0,1000.0,14.0,6,Quenched (oil) & tempered – high-strength structural steel
858,2,"859,3184",AISI 86B50 Steel,"Normalized, 50 mm (2 In.) Round",993.0,660.0,15.0,9,Normalized – general-purpose steel (round normalized stock)
859,2,"860,3008",AISI 8630 Steel,"Water Quenched 845C (1550F), 480C (900F) Temper, 25 mm (1 In.) Round",1015.0,910.0,16.0,10,Quenched (water) & tempered – high-strength structural steel
860,2,"861,3163",AISI 8650 Steel,"Oil Quenched 800C (1470F), 540C (1000F) Temper, 13 mm (0.5 In.) Round",1225.0,1165.0,14.0,6,Quenched (oil) & tempered – high-strength structural steel
861,2,"862,3195",AISI 8650 Steel,"Oil Quenched 800C (1470F), 540C (1000F) Temper, 100 mm (4 In.) Round",986.0,779.0,18.0,6,Quenched (oil) & tempered – high-strength structural steel
862,2,"863,2559",AISI 8622H Steel,"Heat Treated, Machined To 25 mm (1 In.) Rounds, Pseudocarburized, 150C (300F) Temper",1314.0,928.0,12.0,0,Carburized – quenched (oil) – wear-resistant surface steel
863,2,"864,3212",AISI 8630H Steel,"Water Quenched 845C (1550F), 595C (1100F) Temper, 13 mm (0.5 In.) Round",924.0,910.0,19.0,10,Quenched (water) & tempered – high-strength structural steel
864,2,"865,3227",AISI 86B30H Steel,"Normalized, 50 mm (2 In.) Round",640.0,425.0,26.0,9,Normalized – general-purpose steel (round normalized stock)
865,2,"866,3178",AISI 8740 Steel,"Oil Quenched 830C (1525F), 650C (1200F) Temper, 25 mm (1 In.) Round",952.0,848.0,20.0,6,Quenched (oil) & tempered – high-strength structural steel
866,2,"867,3034",AISI 86B30H Steel,"Water Quenched 845C (1550F), 480C (900F) Temper, 25 mm (1 In.) Round",1015.0,910.0,16.0,10,Quenched (water) & tempered – high-strength structural steel
867,2,"868,3210",AISI 8650H Steel,"Normalized, 100 mm (4 In.) Round",958.0,640.0,15.0,9,Normalized – general-purpose steel (round normalized stock)
868,2,"869,3099",AISI 8650H Steel,Normalized 870C (1600F),1025.0,690.0,14.0,4,Normalized (air cooled) – general-purpose steel
869,2,"870,3164",AISI 8740 Steel,"Oil Quenched 830C (1525F), 540C (1000F) Temper, 25 mm (1 In.) Round",1225.0,1130.0,16.0,6,Quenched (oil) & tempered – high-strength structural steel
870,2,"871,3040",AISI 86B30H Steel,"Water Quenched 845C (1550F), 540C (1000F) Temper, 100 mm (4 In.) Round",738.0,565.0,23.0,10,Quenched (water) & tempered – high-strength structural steel
871,2,"872,3199",AISI 8640 Steel,"Oil Quenched 845C (1550F), 540C (1000F) Temper, 25 mm (1 In.) Round",1165.0,1000.0,17.0,6,Quenched (oil) & tempered – high-strength structural steel
872,2,"873,3207",AISI 8740 Steel,"Oil Quenched 830C (1525F), 650C (1200F) Temper, 100 mm (4 In.) Round",800.0,605.0,22.0,6,Quenched (oil) & tempered – high-strength structural steel
873,2,"874,3160",AISI 86B30H Steel,"Water Quenched 845C (1550F), 480C (900F) Temper, 100 mm (4 In.) Round",780.0,595.0,21.0,10,Quenched (water) & tempered – high-strength structural steel
874,2,"875,3232",AISI 8740H Steel,"Oil Quenched 830C (1525F), 540C (1000F) Temper, 13 mm (0.5 In.) Round",1235.0,1140.0,13.0,6,Quenched (oil) & tempered – high-strength structural steel
875,2,"876,3053",AISI 8630H Steel,"Water Quenched 845C (1550F), 540C (1000F) Temper, 13 mm (0.5 In.) Round",958.0,910.0,18.0,10,Quenched (water) & tempered – high-strength structural steel
876,2,"877,3117",AISI 8650 Steel,"Oil Quenched 800C (1470F), 595C (1100F) Temper, 13 mm (0.5 In.) Round",1060.0,1040.0,17.0,6,Quenched (oil) & tempered – high-strength structural steel
877,2,"878,3116",AISI 8740 Steel,"Annealed 815C (1500F), 25 mm (1 In.) Round",696.0,415.0,22.0,7,Annealed – easy-to-machine – round annealed stock
878,2,"879,3224",AISI 8740H Steel,"Oil Quenched 830C (1525F), 650C (1200F) Temper, 50 mm (2 In.) Round",876.0,731.0,21.0,6,Quenched (oil) & tempered – high-strength structural steel
879,2,"880,3126",AISI 8740H Steel,"Oil Quenched 830C (1525F), 540C (1000F) Temper, 50 mm (2 In.) Round",1180.0,1060.0,15.0,6,Quenched (oil) & tempered – high-strength structural steel
880,2,"881,3136",AISI 8740 Steel,"Oil Quenched 830C (1525F), 595C (1100F) Temper, 50 mm (2 In.) Round",979.0,841.0,18.0,6,Quenched (oil) & tempered – high-strength structural steel
881,2,"882,3080",AISI 8650 Steel,"Normalized, 100 mm (4 In.) Round",958.0,640.0,15.0,9,Normalized – general-purpose steel (round normalized stock)
882,2,"883,3124",AISI 86B50 Steel,"Normalized, 25 mm (1 In.) Round",1020.0,689.0,14.0,9,Normalized – general-purpose steel (round normalized stock)
883,2,"884,3189",AISI 8740H Steel,"Oil Quenched 830C (1525F), 650C (1200F) Temper, 25 mm (1 In.) Round",952.0,848.0,20.0,6,Quenched (oil) & tempered – high-strength structural steel
884,2,"885,3134",AISI 8650 Steel,"Oil Quenched 800C (1470F), 595C (1100F) Temper, 100 mm (4 In.) Round",869.0,675.0,22.0,6,Quenched (oil) & tempered – high-strength structural steel
885,2,"886,2540",AISI 8620H Steel,"Mock Carburized, Reheated And Oil Quenched, 230C (450F) Temper, 100 mm (4 In.) Round",675.0,385.0,25.0,8,Carburized – quenched (oil) – wear-resistant surface steel (variant)
886,2,"887,3026",AISI 8630 Steel,"Water Quenched 845C (1550F), 540C (1000F) Temper, 25 mm (1 In.) Round",931.0,850.0,18.0,10,Quenched (water) & tempered – high-strength structural steel
887,2,"888,3123",AISI 8740H Steel,"Normalized 870C (1600F), 13 mm (0.5 In.) Round",938.0,620.0,16.0,4,Normalized (air cooled) – general-purpose steel
888,2,"889,3129",AISI 8740 Steel,"Oil Quenched 830C (1525F), 650C (1200F) Temper, 13 mm (0.5 In.) Round",965.0,876.0,19.0,6,Quenched (oil) & tempered – high-strength structural steel
889,2,"890,3102",AISI 86B50 Steel,Annealed 795C (1460F),715.0,385.0,22.0,7,Annealed – easy-to-machine – round annealed stock
890,2,"891,2482",AISI 8822 Steel,"Normalized, Machined To 13.7 mm Rounds, Pseudocarburized, 820C (1510F) Reheat, 150C (300F) Temper",1451.0,1041.0,13.0,0,Carburized – quenched (oil) – wear-resistant surface steel
891,2,"892,3188",AISI 8650 Steel,"Oil Quenched 800C (1470F), 540C (1000F) Temper, 50 mm (2 In.) Round",1140.0,1020.0,17.0,6,Quenched (oil) & tempered – high-strength structural steel
892,2,"893,2651",AISI 8822 Steel,"Normalized, Machined To 25 mm (1 In.) Rounds, Pseudocarburized, 865C (1590F) Reheat, 150C (300F) Temper",1250.0,900.0,13.0,0,Carburized – quenched (oil) – wear-resistant surface steel
893,2,"894,3144",AISI 8650 Steel,"Oil Quenched 800C (1470F), 650C (1200F) Temper, 100 mm (4 In.) Round",841.0,650.0,22.0,6,Quenched (oil) & tempered – high-strength structural steel
894,2,"895,2495",AISI 8620H Steel,"Mock Carburized, Reheated And Oil Quenched, 150C (300F) Temper, 13 mm (0.5 In.) Round",1380.0,1085.0,13.0,8,Carburized – quenched (oil) – wear-resistant surface steel (variant)
895,2,"896,3128",AISI 8740H Steel,"Oil Quenched 830C (1525F), 540C (1000F) Temper, 25 mm (1 In.) Round",1225.0,1130.0,16.0,6,Quenched (oil) & tempered – high-strength structural steel
896,2,"897,2494",AISI 8822H Steel,"Normalized, Machined To 13.7 mm Rounds, Pseudocarburized, 820C (1510F) Reheat, 150C (300F) Temper",1451.0,1041.0,13.0,0,Carburized – quenched (oil) – wear-resistant surface steel
897,2,"898,2025",AISI 51B60H Steel,"Oil Quenched From 830C (1525F), 650C (1200F) Temper, 13 mm (0.5 In.) Round",917.0,793.0,19.0,6,Quenched (oil) & tempered – high-strength structural steel
898,2,"899,2498",AISI 8822 Steel,"Normalized, Machined To 25 mm (1 In.) Rounds, Pseudocarburized, 775C (1430F) Reheat, 150C (300F) Temper",1176.0,654.0,12.0,0,Carburized – quenched (oil) – wear-resistant surface steel
899,2,"900,3223",AISI 8740 Steel,"Oil Quenched 830C (1525F), 595C (1100F) Temper, 25 mm (1 In.) Round",1025.0,924.0,18.0,6,Quenched (oil) & tempered – high-strength structural steel
900,2,"901,3043",AISI 86B30H Steel,"Oil Quenched 845C (1550F), 455C (850F) Temper",979.0,841.0,16.0,6,Quenched (oil) & tempered – high-strength structural steel
901,2,"902,3127",AISI 8740H Steel,"Oil Quenched 830C (1525F), 595C (1100F) Temper, 13 mm (0.5 In.) Round",1060.0,965.0,17.0,6,Quenched (oil) & tempered – high-strength structural steel
902,2,"903,3120",AISI 8740 Steel,"Normalized 870C (1600F), 100 mm (4 In.) Round",910.0,600.0,15.0,4,Normalized (air cooled) – general-purpose steel
903,2,"904,3181",AISI 8740H Steel,"Oil Quenched 830C (1525F), 595C (1100F) Temper, 100 mm (4 In.) Round",855.0,670.0,20.0,6,Quenched (oil) & tempered – high-strength structural steel
904,2,"905,3094",AISI 8650 Steel,"Oil Quenched 800C (1470F), 650C (1200F) Temper, 13 mm (0.5 In.) Round",1020.0,945.0,18.0,6,Quenched (oil) & tempered – high-strength structural steel
905,2,"906,3030",AISI 8630H Steel,"Water Quenched 845C (1550F), 540C (1000F) Temper, 50 mm (2 In.) Round",827.0,689.0,21.0,10,Quenched (water) & tempered – high-strength structural steel
906,2,"907,2383",AISI 8615 Steel,"Heat Treated, 150C (300F) Temper, 25 mm Bar",690.0,500.0,20.0,0,Carburized – quenched (oil) – wear-resistant surface steel
907,2,"908,3063",AISI 8640 Steel,"Oil Quenched 845C (1550F), 650C (1200F) Temper, 75 mm Round",793.0,655.0,21.0,6,Quenched (oil) & tempered – high-strength structural steel
908,2,"909,2511",AISI 8822H Steel,"Normalized, Machined To 25 mm (1 In.) Rounds, Pseudocarburized, 820C (1510F) Reheat, 150C (300F) Temper",1204.0,805.0,14.0,0,Carburized – quenched (oil) – wear-resistant surface steel
909,2,"910,3105",AISI 8650 Steel,"Oil Quenched 800C (1470F), 595C (1100F) Temper, 25 mm (1 In.) Round",1060.0,986.0,17.0,6,Quenched (oil) & tempered – high-strength structural steel
910,2,"911,3113",AISI 8740 Steel,Normalized 870C (1600F),930.0,550.0,16.0,4,Normalized (air cooled) – general-purpose steel
911,2,"912,3214",AISI 8650 Steel,"Oil Quenched 800C (1470F), 540C (1000F) Temper, 25 mm (1 In.) Round",1185.0,1105.0,14.0,6,Quenched (oil) & tempered – high-strength structural steel
912,2,"913,3145",AISI 8740H Steel,"Annealed 815C (1500F), 25 mm (1 In.) Round",696.0,415.0,22.0,7,Annealed – easy-to-machine – round annealed stock
913,2,"914,3155",AISI 8740 Steel,"Oil Quenched 830C (1525F), 540C (1000F) Temper, 13 mm (0.5 In.) Round",1235.0,1140.0,13.0,6,Quenched (oil) & tempered – high-strength structural steel
914,2,"915,3130",AISI 8740H Steel,"Oil Quenched 830C (1525F), 540C (1000F) Temper, 100 mm (4 In.) Round",958.0,745.0,18.0,6,Quenched (oil) & tempered – high-strength structural steel
915,2,"916,3146",AISI 8740 Steel,"Oil Quenched 830C (1525F), 650C (1200F) Temper, 50 mm (2 In.) Round",876.0,731.0,21.0,6,Quenched (oil) & tempered – high-strength structural steel
916,2,"917,2470",AISI 8620H Steel,"Double Quenched And Tempered (230C (450F)), Carburized",898.0,533.0,22.0,5,Carburized – quenched (oil) – wear-resistant surface steel (variant)
917,2,"918,2746",AISI 8822 Steel,"Normalized, Machined To 13.7 mm Rounds, Pseudocarburized, 865C (1590F) Reheat, 150C (300F) Temper",1510.0,1093.0,13.0,0,Carburized – quenched (oil) – wear-resistant surface steel
918,2,"919,2486",AISI 8822 Steel,"Normalized, Machined To 25 mm (1 In.) Rounds, Pseudocarburized, 150C (300F) Temper",1314.0,928.0,12.0,0,Carburized – quenched (oil) – wear-resistant surface steel
919,2,"920,3187",AISI 9255 Steel,"Oil Quenched From 885C (1625F), 595C (1100F) Temper, 13 mm (0.5 In.) Round",1070.0,910.0,18.0,6,Quenched (oil) & tempered – high-strength structural steel
920,2,"921,3148",AISI 8740 Steel,"Oil Quenched 830C (1525F), 595C (1100F) Temper, 100 mm (4 In.) Round",855.0,670.0,20.0,6,Quenched (oil) & tempered – high-strength structural steel
921,2,"922,3206",AISI 8740 Steel,"Oil Quenched 830C (1525F), 540C (1000F) Temper, 100 mm (4 In.) Round",958.0,745.0,18.0,6,Quenched (oil) & tempered – high-strength structural steel
922,2,"923,1993",AISI 51B60 Steel,"Annealed, 25 mm (1 In.) Round",724.0,275.0,17.0,3,Normalized – easy-to-machine stock (cold drawn)
923,2,"924,3142",AISI 9255 Steel,"Normalized At 900C (1650F), 13 mm (0.5 In.) Round",951.0,585.0,20.0,4,Normalized (air cooled) – general-purpose steel
924,2,"925,3172",AISI 9255 Steel,"Normalized At 900C (1650F), 50 mm (2 In.) Round",931.0,565.0,19.0,4,Normalized (air cooled) – general-purpose steel
925,2,"926,3089",AISI 8640H Steel,"Oil Quenched 845C (1550F), 540C (1000F) Temper, 100 mm (4 In.) Round",889.0,752.0,23.0,6,Quenched (oil) & tempered – high-strength structural steel
926,2,"927,2539",AISI 8822H Steel,"Normalized, Machined To 13.7 mm Rounds, Pseudocarburized, 150C (300F) Temper",1524.0,1149.0,13.0,0,Carburized – quenched (oil) – wear-resistant surface steel
927,2,"928,3213",AISI 8740H Steel,"Oil Quenched 830C (1525F), 595C (1100F) Temper, 25 mm (1 In.) Round",1025.0,924.0,18.0,6,Quenched (oil) & tempered – high-strength structural steel
928,2,"929,3222",AISI 9255 Steel,"Oil Quenched From 885C (1625F), 650C (1200F) Temper, 13 mm (0.5 In.) Round",1000.0,848.0,21.0,6,Quenched (oil) & tempered – high-strength structural steel
929,2,"930,3194",AISI 8740 Steel,"Normalized 870C (1600F), 50 mm (2 In.) Round",910.0,605.0,16.0,4,Normalized (air cooled) – general-purpose steel
930,2,"931,2047",AISI 5160 Steel,"Oil Quenched From 830C (1525F), 650C (1200F) Temper, 50 mm (2 In.) Round",779.0,580.0,21.0,6,Quenched (oil) & tempered – high-strength structural steel
931,2,"932,3158",AISI 8740H Steel,"Normalized 870C (1600F), 100 mm (4 In.) Round",910.0,600.0,15.0,4,Normalized (air cooled) – general-purpose steel
932,2,"933,3203",AISI 9255 Steel,"Oil Quenched From 885C (1625F), 540C (1000F) Temper, 25 mm (1 In.) Round",1130.0,924.0,16.0,6,Quenched (oil) & tempered – high-strength structural steel
933,2,"934,2489",AISI E9310 Steel,"Direct Quenched From Pot, Tempered At 150C (300F), 0.99 mm Case Depth",1238.0,993.0,15.0,5,Carburized – quenched (oil) – wear-resistant surface steel (variant)
934,2,"935,2570",AISI 8822 Steel,"Normalized, Machined To 13.7 mm Rounds, Pseudocarburized, 150C (300F) Temper",1524.0,1149.0,13.0,0,Carburized – quenched (oil) – wear-resistant surface steel
935,2,"936,3179",AISI 8740H Steel,"Oil Quenched 830C (1525F), 650C (1200F) Temper, 100 mm (4 In.) Round",800.0,605.0,22.0,6,Quenched (oil) & tempered – high-strength structural steel
936,2,"937,3211",AISI 9255 Steel,"Oil Quenched From 885C (1625F), 540C (1000F) Temper, 50 mm (2 In.) Round",1070.0,703.0,18.0,6,Quenched (oil) & tempered – high-strength structural steel
937,2,"938,3234",AISI 8740 Steel,Annealed 815C (1500F),695.0,415.0,22.0,7,Annealed – easy-to-machine – round annealed stock
938,2,"939,3097",AISI 6150H Steel,"Oil Quenched 845C (1550F), 595C (1100F) Temper, 50 mm (2 In.) Round",1020.0,910.0,17.0,6,Quenched (oil) & tempered – high-strength structural steel
939,2,"940,3202",AISI 8740H Steel,"Oil Quenched 830C (1525F), 595C (1100F) Temper, 50 mm (2 In.) Round",979.0,841.0,18.0,6,Quenched (oil) & tempered – high-strength structural steel
940,2,"941,2587",AISI E9310 Steel,"Double Quenched And Tempered At 230C (450F), 1.4 mm Case Depth",1169.0,951.0,14.0,5,Carburized – quenched (oil) – wear-resistant surface steel (variant)
941,2,"942,3192",AISI 8740H Steel,"Normalized 870C (1600F), 50 mm (2 In.) Round",910.0,605.0,16.0,4,Normalized (air cooled) – general-purpose steel
942,2,"943,2522",AISI E9310 Steel,"Direct Quenched From Pot, Tempered At 230C (450F), 0.99 mm Case Depth",1227.0,1010.0,15.0,5,Carburized – quenched (oil) – wear-resistant surface steel (variant)
943,2,"944,2568",AISI 8822 Steel,"Normalized, Machined To 13.7 mm Rounds, Pseudocarburized, 775C (1430F) Reheat, 150C (300F) Temper",1198.0,693.0,11.0,0,Carburized – quenched (oil) – wear-resistant surface steel
944,2,"945,2567",AISI E9310 Steel,"Mock Carburized, 790C (1450F) Reheat, 230C (450F) Temper, 50 mm (2 In.) Round",993.0,731.0,17.0,8,Carburized – quenched (oil) – wear-resistant surface steel (variant)
945,2,"946,3217",AISI 9255 Steel,"Normalized At 900C (1650F), 100 mm (4 In.) Round",917.0,550.0,18.0,4,Normalized (air cooled) – general-purpose steel
946,2,"947,3180",AISI 8740 Steel,"Normalized 870C (1600F), 13 mm (0.5 In.) Round",938.0,620.0,16.0,4,Normalized (air cooled) – general-purpose steel
947,2,"948,2530",AISI 8822H Steel,"Normalized, Machined To 25 mm (1 In.) Rounds, Pseudocarburized, 150C (300F) Temper",1314.0,928.0,12.0,0,Carburized – quenched (oil) – wear-resistant surface steel
948,2,"949,3125",AISI 8630 Steel,"Normalized, 50 mm (2 In.) Round",640.0,425.0,26.0,9,Normalized – general-purpose steel (round normalized stock)
949,2,"950,3173",AISI 86B30H Steel,"Water Quenched 845C (1550F), 595C (1100F) Temper, 50 mm (2 In.) Round",765.0,615.0,22.0,10,Quenched (water) & tempered – high-strength structural steel
950,2,"951,2431",AISI 8620 Steel,"Carburized, Box Cooled, Reheated And Quenched, 150C (300F) Temper, 50 mm (2 In.) Round",675.0,490.0,21.0,8,Carburized – quenched (oil) – wear-resistant surface steel (variant)
951,2,"952,2502",AISI E9310 Steel,"Normalized, Machined To 25 mm (1 In.) Rounds, Pseudocarburized, 830C (1525F) Reheat, 150C (300F) Temper",1200.0,1034.0,15.0,0,Carburized – quenched (oil) – wear-resistant surface steel
952,2,"953,2515",AISI E9310H Steel,"Double Quenched And Tempered At 150C (300F), 1.4 mm Case Depth",1203.0,958.0,15.0,5,Carburized – quenched (oil) – wear-resistant surface steel (variant)
953,2,"954,2606",AISI E9310 Steel,"Mock Carburized, 790C (1450F) Reheat, 150C (300F) Temper, 25 mm (1 In.) Round",1096.0,848.0,15.0,8,Carburized – quenched (oil) – wear-resistant surface steel (variant)
954,2,"955,2546",AISI E9310 Steel,"Mock Carburized, 790C (1450F) Reheat, 150C (300F) Temper, 50 mm (2 In.) Round",1000.0,745.0,18.0,8,Carburized – quenched (oil) – wear-resistant surface steel (variant)
955,2,"956,2416",AISI 8620 Steel,"Normalized, Machined To 13.7 mm, Pseudocarburized, Reheated To 840C, 150C Temper",1095.0,910.0,16.0,0,Carburized – quenched (oil) – wear-resistant surface steel
956,2,"957,3197",AISI 9255 Steel,"Oil Quenched From 885C (1625F), 595C (1100F) Temper, 100 mm (4 In.) Round",945.0,570.0,21.0,6,Quenched (oil) & tempered – high-strength structural steel
957,2,"958,3219",AISI 8740 Steel,"Oil Quenched 830C (1525F), 595C (1100F) Temper, 13 mm (0.5 In.) Round",1060.0,965.0,17.0,6,Quenched (oil) & tempered – high-strength structural steel
958,2,"959,2608",AISI E9310 Steel,"Normalized, Machined To 25 mm (1 In.) Rounds, Pseudocarburized, 775C (1430F) Reheat, 150C (300F) Temper",1000.0,814.0,15.0,0,Carburized – quenched (oil) – wear-resistant surface steel
959,2,"960,2492",AISI 8822H Steel,"Normalized, Machined To 25 mm (1 In.) Rounds, Pseudocarburized, 865C (1590F) Reheat, 150C (300F) Temper",1250.0,900.0,13.0,0,Carburized – quenched (oil) – wear-resistant surface steel
960,2,"961,3168",AISI 9255 Steel,"Oil Quenched From 885C (1625F), 650C (1200F) Temper, 50 mm (2 In.) Round",951.0,600.0,21.0,6,Quenched (oil) & tempered – high-strength structural steel
961,2,"962,2027",AISI 51B60H Steel,Annealed 815C (1500F),724.0,275.0,17.0,7,Annealed – easy-to-machine – round annealed stock
962,2,"963,2500",AISI E9310 Steel,"Annealed At 845C (1550F), 25 mm (1 In.) Round",820.0,450.0,17.0,7,Annealed – easy-to-machine – round annealed stock
963,2,"964,2504",AISI E9310 Steel,"Normalized, Machined To 13.7 mm Rounds, Pseudocarburized, 775C (1430F) Reheat, 150C (300F) Temper",1069.0,896.0,15.0,0,Carburized – quenched (oil) – wear-resistant surface steel
964,2,"965,2471",AISI 8622 Steel,"Heat Treated, Machined To 25 mm (1 In.) Rounds, Pseudocarburized, 150C (300F) Temper",1314.0,928.0,12.0,0,Carburized – quenched (oil) – wear-resistant surface steel
965,2,"966,3122",AISI 8740 Steel,"Oil Quenched 830C (1525F), 540C (1000F) Temper, 50 mm (2 In.) Round",1180.0,1060.0,15.0,6,Quenched (oil) & tempered – high-strength structural steel
966,2,"967,2506",AISI 8622 Steel,"Heat Treated, Machined To 25 mm (1 In.) Rounds, Pseudocarburized, 775C (1430F) Reheat, 150C (300F) Temper",1176.0,654.0,12.0,0,Carburized – quenched (oil) – wear-resistant surface steel
967,2,"968,2604",AISI E9310H Steel,"Mock Carburized, 790C (1450F) Reheat, 150C (300F) Temper, 25 mm (1 In.) Round",1096.0,848.0,15.0,8,Carburized – quenched (oil) – wear-resistant surface steel (variant)
968,2,"969,2588",AISI 8822H Steel,"Normalized, Machined To 25 mm (1 In.) Rounds, Pseudocarburized, 775C (1430F) Reheat, 150C (300F) Temper",1176.0,654.0,12.0,0,Carburized – quenched (oil) – wear-resistant surface steel
969,2,"970,3060",AISI 8640 Steel,"Oil Quenched 845C (1550F), 650C (1200F) Temper, 25 mm (1 In.) Round",972.0,827.0,16.0,6,Quenched (oil) & tempered – high-strength structural steel
970,2,"971,2626",AISI E9310 Steel,"Normalized, Machined To 25 mm (1 In.) Rounds, Pseudocarburized, 800C (1470F) Reheat, 150C (300F) Temper",1076.0,917.0,15.0,0,Carburized – quenched (oil) – wear-resistant surface steel
971,2,"972,2532",AISI E9310H Steel,"Normalized, Machined To 25 mm (1 In.) Rounds, Pseudocarburized, 775C (1430F) Reheat, 150C (300F) Temper",1000.0,814.0,15.0,0,Carburized – quenched (oil) – wear-resistant surface steel
972,2,"973,2545",AISI E9310H Steel,"Normalized At 890C (1635F), 25 mm (1 In.) Round",910.0,570.0,18.0,4,Normalized (air cooled) – general-purpose steel
973,2,"974,2534",AISI E9310H Steel,"Single Quenched And Tempered At 150C (300F), 1.2 mm Case Depth",1193.0,931.0,15.0,5,Carburized – quenched (oil) – wear-resistant surface steel (variant)
974,2,"975,3111",AISI 86B50 Steel,"Annealed, 25 mm (1 In.) Round",1255.0,1076.0,22.0,3,Normalized – easy-to-machine stock (cold drawn)
975,2,"976,2514",AISI E9310 Steel,"Normalized, Machined To 13.7 mm Rounds, Pseudocarburized, 800C (1470F) Reheat, 150C (300F) Temper",1131.0,965.0,16.0,0,Carburized – quenched (oil) – wear-resistant surface steel
976,2,"977,3230",AISI 9255 Steel,"Oil Quenched From 885C (1625F), 595C (1100F) Temper, 50 mm (2 In.) Round",1005.0,635.0,20.0,6,Quenched (oil) & tempered – high-strength structural steel
977,2,"978,2581",AISI E9310 Steel,"Mock Carburized, 790C (1450F) Reheat, 230C (450F) Temper, 25 mm (1 In.) Round",1089.0,848.0,16.0,8,Carburized – quenched (oil) – wear-resistant surface steel (variant)
978,2,"979,3106",AISI 86B50 Steel,"Normalized, 100 mm (4 In.) Round",958.0,640.0,15.0,9,Normalized – general-purpose steel (round normalized stock)
979,2,"980,2572",AISI E9310 Steel,"Normalized, Machined To 25 mm (1 In.) Rounds, Pseudocarburized, 150C (300F) Temper",1200.0,1034.0,15.0,0,Carburized – quenched (oil) – wear-resistant surface steel
980,2,"981,2485",AISI E9310 Steel,"Single Quenched And Tempered At 230C (450F), 1.2 mm Case Depth",1158.0,948.0,15.0,5,Carburized – quenched (oil) – wear-resistant surface steel (variant)
981,2,"982,2557",AISI E9310H Steel,"Direct Quenched From Pot, Tempered At 150C (300F), 0.99 mm Case Depth",1238.0,993.0,15.0,5,Carburized – quenched (oil) – wear-resistant surface steel (variant)
982,2,"983,2051",AISI 51B60 Steel,"Oil Quenched From 830C (1525F), 595C (1100F) Temper, 25 mm (1 In.) Round",1000.0,869.0,18.0,6,Quenched (oil) & tempered – high-strength structural steel
983,2,"984,2611",AISI E9310H Steel,"Normalized, Machined To 13.7 mm Rounds, Pseudocarburized, 150C (300F) Temper",1289.0,1117.0,15.0,0,Carburized – quenched (oil) – wear-resistant surface steel
984,2,"985,2562",AISI E9310 Steel,"Normalized, Machined To 13.7 mm Rounds, Pseudocarburized, 150C (300F) Temper",1289.0,1117.0,15.0,0,Carburized – quenched (oil) – wear-resistant surface steel
985,2,"986,2512",AISI E9310H Steel,"Normalized At 890C (1635F), 13 mm (0.5 In.) Round",917.0,605.0,20.0,4,Normalized (air cooled) – general-purpose steel
986,2,"987,2555",AISI E9310H Steel,"Mock Carburized, 790C (1450F) Reheat, 230C (450F) Temper, 100 mm (4 In.) Round",910.0,660.0,20.0,8,Carburized – quenched (oil) – wear-resistant surface steel (variant)
987,2,"988,2571",AISI E9310H Steel,"Mock Carburized, 790C (1450F) Reheat, 230C (450F) Temper, 13 mm (0.5 In.) Round",1227.0,979.0,15.0,8,Carburized – quenched (oil) – wear-resistant surface steel (variant)
988,2,"989,3201",AISI 9255 Steel,"Normalized At 900C (1650F), 25 mm (1 In.) Round",931.0,580.0,19.0,4,Normalized (air cooled) – general-purpose steel
989,2,"990,2558",AISI E9310H Steel,"Normalized, Machined To 13.7 mm Rounds, Pseudocarburized, 775C (1430F) Reheat, 150C (300F) Temper",1069.0,896.0,15.0,0,Carburized – quenched (oil) – wear-resistant surface steel
990,2,"991,2519",AISI E9310 Steel,"Normalized At 890C (1635F), 100 mm (4 In.) Round",862.0,565.0,19.0,4,Normalized (air cooled) – general-purpose steel
991,2,"992,3020",AISI 6150H Steel,"Oil Quenched 845C (1550F), 595C (1100F) Temper, 13 mm (0.5 In.) Round",1105.0,1090.0,16.0,6,Quenched (oil) & tempered – high-strength structural steel
992,2,"993,2550",AISI E9310H Steel,"Normalized At 890C (1635F), 100 mm (4 In.) Round",862.0,565.0,19.0,4,Normalized (air cooled) – general-purpose steel
993,2,"994,2553",AISI E9310H Steel,"Annealed At 845C (1550F), 25 mm (1 In.) Round",820.0,450.0,17.0,7,Annealed – easy-to-machine – round annealed stock
994,2,"995,2624",AISI 8822H Steel,"Normalized, Machined To 13.7 mm Rounds, Pseudocarburized, 775C (1430F) Reheat, 150C (300F) Temper",1198.0,693.0,11.0,0,Carburized – quenched (oil) – wear-resistant surface steel
995,2,"996,3193",AISI 8740 Steel,"Normalized 870C (1600F), 25 mm (1 In.) Round",931.0,605.0,16.0,4,Normalized (air cooled) – general-purpose steel
996,2,"997,3221",AISI 9840 Steel,"595C (1100F) Temper, 25 mm (1 In.) Round",1105.0,965.0,16.0,0,Carburized – quenched (oil) – wear-resistant surface steel
997,2,"998,3166",AISI 8650H Steel,"Normalized, 13 mm (0.5 In.) Round",1255.0,903.0,10.0,9,Normalized – general-purpose steel (round normalized stock)
998,2,"999,2538",AISI E9310H Steel,"Normalized, Machined To 13.7 mm Rounds, Pseudocarburized, 830C (1525F) Reheat, 150C (300F) Temper",1200.0,1055.0,16.0,0,Carburized – quenched (oil) – wear-resistant surface steel
999,2,"1000,2548",AISI E9310H Steel,"Single Quenched And Tempered At 230C (450F), 1.2 mm Case Depth",1158.0,948.0,15.0,5,Carburized – quenched (oil) – wear-resistant surface steel (variant)
1000,2,"1001,2549",AISI E9310 Steel,"Normalized At 890C (1635F), 50 mm (2 In.) Round",903.0,565.0,19.0,4,Normalized (air cooled) – general-purpose steel
1001,2,"1002,3068",AISI 8630 Steel,"Water Quenched 845C (1550F), 595C (1100F) Temper, 50 mm (2 In.) Round",765.0,615.0,22.0,10,Quenched (water) & tempered – high-strength structural steel
1002,2,"1003,3153",AISI 9255 Steel,"Oil Quenched From 885C (1625F), 650C (1200F) Temper, 100 mm (4 In.) Round",910.0,565.0,21.0,6,Quenched (oil) & tempered – high-strength structural steel
1003,2,"1004,2585",AISI E9310 Steel,"Single Quenched And Tempered At 150C (300F), 1.2 mm Case Depth",1193.0,931.0,15.0,5,Carburized – quenched (oil) – wear-resistant surface steel (variant)
1004,2,"1005,2569",AISI E9310H Steel,"Normalized At 890C (1635F), 50 mm (2 In.) Round",903.0,565.0,19.0,4,Normalized (air cooled) – general-purpose steel
1005,2,"1006,3090",AISI 8650 Steel,"Oil Quenched 800C (1470F), 595C (1100F) Temper, 50 mm (2 In.) Round",1000.0,903.0,20.0,6,Quenched (oil) & tempered – high-strength structural steel
1006,2,"1007,3147",AISI 9255 Steel,"Oil Quenched From 885C (1625F), 540C (1000F) Temper, 13 mm (0.5 In.) Round",1170.0,1007.0,14.0,6,Quenched (oil) & tempered – high-strength structural steel
1007,2,"1008,2505",AISI E9310 Steel,Annealed At 845C (1550F),820.0,440.0,17.0,7,Annealed – easy-to-machine – round annealed stock
1008,2,"1009,3208",AISI 9255 Steel,"Annealed At 845C (1550F), 25 mm (1 In.) Round",779.0,485.0,21.0,7,Annealed – easy-to-machine – round annealed stock
1009,2,"1010,2507",AISI E9310 Steel,"Mock Carburized, 790C (1450F) Reheat, 150C (300F) Temper, 100 mm (4 In.) Round",938.0,655.0,19.0,8,Carburized – quenched (oil) – wear-resistant surface steel (variant)
1010,2,"1011,3152",AISI 9840 Steel,"540C (1000F) Temper, 25 mm (1 In.) Round",1240.0,1105.0,15.0,0,Carburized – quenched (oil) – wear-resistant surface steel
1011,2,"1012,3017",AISI 8630 Steel,"Water Quenched 845C (1550F), 540C (1000F) Temper, 100 mm (4 In.) Round",738.0,565.0,23.0,10,Quenched (water) & tempered – high-strength structural steel
1012,2,"1013,2551",AISI E9310 Steel,"Mock Carburized, 790C (1450F) Reheat, 150C (300F) Temper, 13 mm (0.5 In.) Round",1234.0,986.0,15.0,8,Carburized – quenched (oil) – wear-resistant surface steel (variant)
1013,2,"1014,2503",AISI 8822 Steel,"Normalized, Machined To 25 mm (1 In.) Rounds, Pseudocarburized, 820C (1510F) Reheat, 150C (300F) Temper",1204.0,805.0,14.0,0,Carburized – quenched (oil) – wear-resistant surface steel
1014,2,"1015,1923",AISI 1340 Steel,"Oil Quenched From 830C (1525F), 540C (1000F) Temper, 50 mm (2 In.) Round",827.0,579.0,21.0,6,Quenched (oil) & tempered – high-strength structural steel
1015,2,"1016,2642",AISI E9310 Steel,"Normalized At 890C (1635F), 25 mm (1 In.) Round",910.0,570.0,18.0,4,Normalized (air cooled) – general-purpose steel
1016,2,"1017,1910",AISI 1340 Steel,"Oil Quenched From 830C (1525F), 540C (1000F) Temper, 13 mm (0.5 In.) Round",979.0,910.0,18.0,6,Quenched (oil) & tempered – high-strength structural steel
1017,2,"1018,3139",AISI 9255 Steel,Normalized At 900C (1650F),930.0,580.0,19.0,4,Normalized (air cooled) – general-purpose steel
1018,2,"1019,2000",AISI 1340H Steel,"Oil Quenched From 830C (1525F), 540C (1000F) Temper, 25 mm (1 In.) Round",951.0,834.0,19.0,6,Quenched (oil) & tempered – high-strength structural steel
1019,2,"1020,2536",AISI E9310H Steel,"Mock Carburized, 790C (1450F) Reheat, 150C (300F) Temper, 13 mm (0.5 In.) Round",1234.0,986.0,15.0,8,Carburized – quenched (oil) – wear-resistant surface steel (variant)
1020,2,"1021,1983",AISI 1340 Steel,"Annealed At 800C, Furnace Cooled 11C/Hour To 600C, Air Cooled, 25 mm (1 In.) Round",703.0,434.0,25.0,7,Annealed – easy-to-machine – round annealed stock
1021,2,"1022,3149",AISI 8650 Steel,"Oil Quenched 800C (1470F), 650C (1200F) Temper, 25 mm (1 In.) Round",972.0,910.0,19.0,6,Quenched (oil) & tempered – high-strength structural steel
1022,2,"1023,2372",AISI 8617H Steel,"Heat Treated, Machined, Pseudocarburized, 150C (300F) Temper",883.0,650.0,19.0,0,Carburized – quenched (oil) – wear-resistant surface steel
1023,2,"1024,1874",AISI 1340 Steel,"Oil Quenched From 830C (1525F), 650C (1200F) Temper, 13 mm (0.5 In.) Round",814.0,745.0,22.0,6,Quenched (oil) & tempered – high-strength structural steel
1024,2,"1025,2108",AISI Grade 18Ni (200) Maraging Steel,"Aged, 32 mm Round Bar, Tested In Longitudinal Direction",1844.0,1780.0,11.0,2,Quenched (oil) – general-purpose steel (tested)
1025,2,"1026,3215",AISI 8740H Steel,Normalized 870C (1600F),930.0,550.0,16.0,4,Normalized (air cooled) – general-purpose steel
1026,2,"1027,3225",AISI 9255 Steel,"Oil Quenched From 885C (1625F), 540C (1000F) Temper, 100 mm (4 In.) Round",1025.0,650.0,19.0,6,Quenched (oil) & tempered – high-strength structural steel
1027,2,"1028,2003",AISI 1340H Steel,"Oil Quenched From 830C (1525F), 595C (1100F) Temper, 25 mm (1 In.) Round",814.0,676.0,21.0,6,Quenched (oil) & tempered – high-strength structural steel
1028,2,"1029,3185",AISI 86B30H Steel,"Water Quenched 845C (1550F), 595C (1100F) Temper, 25 mm (1 In.) Round",814.0,695.0,18.0,10,Quenched (water) & tempered – high-strength structural steel
1029,2,"1030,1906",AISI 1340 Steel,"Oil Quenched From 830C (1525F), 595C (1100F) Temper, 13 mm (0.5 In.) Round",876.0,814.0,21.0,6,Quenched (oil) & tempered – high-strength structural steel
1030,2,"1031,1938",AISI 1340H Steel,"Normalized At 870C (1600F), Air Cooled, 50 mm (2 In.) Round",827.0,524.0,23.0,4,Normalized (air cooled) – general-purpose steel
1031,2,"1032,1895",AISI 1340 Steel,"Normalized At 870C (1600F), Air Cooled, 100 mm (4 In.) Round",827.0,496.0,21.0,4,Normalized (air cooled) – general-purpose steel
1032,2,"1033,3115",AISI 8650H Steel,"Normalized, 50 mm (2 In.) Round",993.0,660.0,15.0,9,Normalized – general-purpose steel (round normalized stock)
1033,2,"1034,2135",AISI Grade 18Ni (200) Maraging Steel,"Aged, 6 mm Square Bar, Tested In Transverse Direction",1874.0,1830.0,8.0,2,Quenched (oil) – general-purpose steel (tested)
1034,2,"1035,3191",AISI 9255 Steel,Annealed At 845C (1550F),770.0,490.0,21.0,7,Annealed – easy-to-machine – round annealed stock
1035,2,"1036,2654",AISI E9310 Steel,Normalized At 890C (1635F),910.0,570.0,18.0,4,Normalized (air cooled) – general-purpose steel
1036,2,"1037,1928",AISI 1340H Steel,"Oil Quenched From 830C (1525F), 540C (1000F) Temper, 100 mm (4 In.) Round",800.0,572.0,21.0,6,Quenched (oil) & tempered – high-strength structural steel
1037,2,"1038,2083",AISI Grade 18Ni (250) Maraging Steel,"Aged, 75 mm Round Bar, Tested Longitudinal",1750.0,1712.0,11.0,2,Quenched (oil) – general-purpose steel (tested)
1038,2,"1039,1971",AISI 1340 Steel,"Oil Quenched From 830C (1525F), 650C (1200F) Temper, 25 mm (1 In.) Round",772.0,662.0,23.0,6,Quenched (oil) & tempered – high-strength structural steel
1039,2,"1040,2621",AISI E9310 Steel,"Mock Carburized, 790C (1450F) Reheat, 230C (450F) Temper, 13 mm (0.5 In.) Round",1227.0,979.0,15.0,8,Carburized – quenched (oil) – wear-resistant surface steel (variant)
1040,2,"1041,2574",AISI E9310H Steel,Normalized At 890C (1635F),910.0,570.0,18.0,4,Normalized (air cooled) – general-purpose steel
1041,2,"1042,1891",AISI 1340 Steel,"Oil Quenched From 830C (1525F), 540C (1000F) Temper, 100 mm (4 In.) Round",800.0,572.0,21.0,6,Quenched (oil) & tempered – high-strength structural steel
1042,2,"1043,2525",AISI 8620H Steel,"Mock Carburized, Reheated And Oil Quenched, 150C (300F) Temper, 25 mm (1 In.) Round",876.0,580.0,20.0,8,Carburized – quenched (oil) – wear-resistant surface steel (variant)
1043,2,"1044,1884",AISI 1340H Steel,"Oil Quenched From 830C (1525F), 595C (1100F) Temper, 13 mm (0.5 In.) Round",876.0,814.0,21.0,6,Quenched (oil) & tempered – high-strength structural steel
1044,2,"1045,3047",AISI 86B30H Steel,"Water Quenched 845C (1550F), 540C (1000F) Temper, 50 mm (2 In.) Round",827.0,689.0,21.0,10,Quenched (water) & tempered – high-strength structural steel
1045,2,"1046,2101",AISI Grade 18Ni (350) Maraging Steel,"Aged, At Rt, Tested Longitudinal, Round Bar 75 mm",2359.0,2320.0,6.0,2,Quenched (oil) – general-purpose steel (tested)
1046,2,"1047,2089",AISI Grade 18Ni (250) Maraging Steel,"3.18 mm Thick Sheet, Solution Annealed At 815C (1500F) For 30 Minutes, Air Cooled, Aged At 480C (900F) For 1 Hour",1824.0,1769.0,4.0,0,Carburized – quenched (oil) – wear-resistant surface steel
1047,2,"1048,2136",AISI Grade 18Ni (250) Maraging Steel,Nominal Annealed Properties,965.0,655.0,17.0,7,Annealed – easy-to-machine – round annealed stock
1048,2,"1049,2595",AISI E9310H Steel,Annealed At 845C (1550F),820.0,440.0,17.0,7,Annealed – easy-to-machine – round annealed stock
1049,2,"1050,2646",AISI E9310H Steel,"Double Quenched And Tempered At 230C (450F), 1.4 mm Case Depth",1169.0,951.0,14.0,5,Carburized – quenched (oil) – wear-resistant surface steel (variant)
1050,2,"1051,1885",AISI 1340H Steel,"Oil Quenched From 830C (1525F), 650C (1200F) Temper, 13 mm (0.5 In.) Round",814.0,745.0,22.0,6,Quenched (oil) & tempered – high-strength structural steel
1051,2,"1052,1880",AISI 1340H Steel,"Annealed At 800C, Furnace Cooled 11C/Hour To 600C, Air Cooled, 25 mm (1 In.) Round",703.0,434.0,25.0,7,Annealed – easy-to-machine – round annealed stock
1052,2,"1053,1890",AISI 1340H Steel,"Normalized At 870C (1600F), Air Cooled, 13 mm (0.5 In.) Round",910.0,565.0,20.0,4,Normalized (air cooled) – general-purpose steel
1053,2,"1054,2499",AISI 8822H Steel,"Normalized, Machined To 13.7 mm Rounds, Pseudocarburized, 865C (1590F) Reheat, 150C (300F) Temper",1510.0,1093.0,13.0,0,Carburized – quenched (oil) – wear-resistant surface steel
1054,2,"1055,2137",AISI Grade 18Ni (350) Maraging Steel,"Aged, At Rt, Tested Longitudinal, Round Bar 32 mm",2391.0,2348.0,7.0,2,Quenched (oil) – general-purpose steel (tested)
1055,2,"1056,1904",AISI 1340 Steel,"Oil Quenched From 830C (1525F), 650C (1200F) Temper, 100 mm (4 In.) Round",703.0,496.0,26.0,6,Quenched (oil) & tempered – high-strength structural steel
1056,2,"1057,2128",AISI Grade 18Ni (200) Maraging Steel,"Aged, 150 mm (2 In.) Round Bar, Tested In Longitudinal Direction",1731.0,1690.0,10.0,2,Quenched (oil) – general-purpose steel (tested)
1057,2,"1058,2560",AISI E9310 Steel,"Normalized At 890C (1635F), 13 mm (0.5 In.) Round",917.0,605.0,20.0,4,Normalized (air cooled) – general-purpose steel
1058,2,"1059,1924",AISI 1340 Steel,"Oil Quenched From 830C (1525F), 540C (1000F) Temper, 25 mm (1 In.) Round",951.0,834.0,19.0,6,Quenched (oil) & tempered – high-strength structural steel
1059,2,"1060,2039",AISI 1340 Steel,"Normalized At 870C (1600F), Air Cooled, 25 mm (1 In.) Round",834.0,558.0,22.0,4,Normalized (air cooled) – general-purpose steel
1060,2,"1061,1949",AISI 1340H Steel,"Oil Quenched From 830C (1525F), 540C (1000F) Temper, 13 mm (0.5 In.) Round",979.0,910.0,18.0,6,Quenched (oil) & tempered – high-strength structural steel
1061,2,"1062,1966",AISI 1340H Steel,"Oil Quenched From 830C (1525F), 650C (1200F) Temper, 25 mm (1 In.) Round",772.0,662.0,23.0,6,Quenched (oil) & tempered – high-strength structural steel
1062,2,"1063,3209",AISI 9255 Steel,"Oil Quenched From 885C (1625F), 650C (1200F) Temper, 25 mm (1 In.) Round",951.0,731.0,21.0,6,Quenched (oil) & tempered – high-strength structural steel
1063,2,"1064,2518",AISI E9310 Steel,"Normalized, Machined To 13.7 mm Rounds, Pseudocarburized, 830C (1525F) Reheat, 150C (300F) Temper",1200.0,1055.0,16.0,0,Carburized – quenched (oil) – wear-resistant surface steel
1064,2,"1065,2106",AISI Grade 18Ni (200) Maraging Steel,Annealed,965.0,660.0,17.0,7,Annealed – easy-to-machine – round annealed stock
1065,2,"1066,2544",AISI E9310H Steel,"Normalized, Machined To 25 mm (1 In.) Rounds, Pseudocarburized, 150C (300F) Temper",1200.0,1034.0,15.0,0,Carburized – quenched (oil) – wear-resistant surface steel
1066,2,"1067,2009",AISI 1340 Steel,"Oil Quenched From 830C (1525F), 650C (1200F) Temper, 50 mm (2 In.) Round",731.0,552.0,25.0,6,Quenched (oil) & tempered – high-strength structural steel
1067,2,"1068,1869",AISI 1340 Steel,"Normalized At 870C (1600F), Air Cooled, 13 mm (0.5 In.) Round",910.0,565.0,20.0,4,Normalized (air cooled) – general-purpose steel
1068,2,"1069,1879",AISI 1340H Steel,"Normalized At 870C (1600F), Air Cooled, 100 mm (4 In.) Round",827.0,496.0,21.0,4,Normalized (air cooled) – general-purpose steel
1069,2,"1070,2070",AISI 1340H Steel,"Oil Quenched From 830C (1525F), 650C (1200F) Temper, 50 mm (2 In.) Round",731.0,552.0,25.0,6,Quenched (oil) & tempered – high-strength structural steel
1070,2,"1071,3231",AISI 9840 Steel,"650C (1200F) Temper, 25 mm (1 In.) Round",965.0,825.0,19.0,0,Carburized – quenched (oil) – wear-resistant surface steel
1071,2,"1072,2542",AISI Grade 18Ni (200) Maraging Steel,"Aged, 150 mm Square Bar, Tested In Transverse Direction",1723.0,1690.0,8.0,2,Quenched (oil) – general-purpose steel (tested)
1072,2,"1073,2575",AISI E9310H Steel,"Mock Carburized, 790C (1450F) Reheat, 230C (450F) Temper, 50 mm (2 In.) Round",993.0,731.0,17.0,8,Carburized – quenched (oil) – wear-resistant surface steel (variant)
1073,2,"1074,3226",AISI 8740H Steel,"Oil Quenched 830C (1525F), 650C (1200F) Temper, 13 mm (0.5 In.) Round",965.0,876.0,19.0,6,Quenched (oil) & tempered – high-strength structural steel
1074,2,"1075,2092",AISI Grade 18Ni (200) Maraging Steel,"Aged, 75 mm Round Bar, Tested In Longitudinal Direction",1750.0,1710.0,11.0,2,Quenched (oil) – general-purpose steel (tested)
1075,2,"1076,3220",AISI 8740H Steel,Annealed 815C (1500F),695.0,415.0,22.0,7,Annealed – easy-to-machine – round annealed stock
1076,2,"1077,3216",AISI 9255 Steel,"Oil Quenched From 885C (1625F), 595C (1100F) Temper, 25 mm (1 In.) Round",1035.0,814.0,19.0,6,Quenched (oil) & tempered – high-strength structural steel
1077,2,"1078,2526",AISI E9310H Steel,"Normalized, Machined To 25 mm (1 In.) Rounds, Pseudocarburized, 800C (1470F) Reheat, 150C (300F) Temper",1076.0,917.0,15.0,0,Carburized – quenched (oil) – wear-resistant surface steel
1078,2,"1079,2699",AISI E9310 Steel,"Mock Carburized, 790C (1450F) Reheat, 230C (450F) Temper, 100 mm (4 In.) Round",910.0,660.0,20.0,8,Carburized – quenched (oil) – wear-resistant surface steel (variant)
1079,2,"1080,2117",AISI Grade 18Ni (350) Maraging Steel,"Aged, At Rt, Tested Longitudinal, Round Bar 16 mm",2415.0,2363.0,7.0,2,Quenched (oil) – general-purpose steel (tested)
1080,2,"1081,2543",AISI E9310H Steel,"Mock Carburized, 790C (1450F) Reheat, 230C (450F) Temper, 25 mm (1 In.) Round",1089.0,848.0,16.0,8,Carburized – quenched (oil) – wear-resistant surface steel (variant)
1081,2,"1082,1889",AISI 1340H Steel,"Oil Quenched From 830C (1525F), 595C (1100F) Temper, 100 mm (4 In.) Round",710.0,490.0,25.0,6,Quenched (oil) & tempered – high-strength structural steel
1082,2,"1083,2516",AISI E9310H Steel,"Direct Quenched From Pot, Tempered At 230C (450F), 0.99 mm Case Depth",1227.0,1010.0,15.0,5,Carburized – quenched (oil) – wear-resistant surface steel (variant)
1083,2,"1084,2523",AISI E9310H Steel,"Mock Carburized, 790C (1450F) Reheat, 150C (300F) Temper, 50 mm (2 In.) Round",1000.0,745.0,18.0,8,Carburized – quenched (oil) – wear-resistant surface steel (variant)
1084,2,"1085,2097",AISI Grade 18Ni (250) Maraging Steel,"Aged, 32 mm Round Bar, Tested Longitudinal",1844.0,1784.0,11.0,2,Quenched (oil) – general-purpose steel (tested)
1085,2,"1086,2133",AISI Grade 18Ni (250) Maraging Steel,"3.18 mm Thick Sheet, Solution Annealed At 815C (1500F) For 30 Minutes, Air Cooled, Aged At 510C (950F) For 3 Hours",1865.0,1809.0,4.0,0,Carburized – quenched (oil) – wear-resistant surface steel
1086,2,"1087,2080",AISI Grade 18Ni (350) Maraging Steel,"Aged, At Rt, Tested Transverse, Sheet 6 mm Thick",2451.0,2395.0,3.0,2,Quenched (oil) – general-purpose steel (tested)
1087,2,"1088,2131",AISI Grade 18Ni (250) Maraging Steel,"Aged, 16 mm Round Bar, Tested Longitudinal",1824.0,1764.0,11.0,2,Quenched (oil) – general-purpose steel (tested)
1088,2,"1089,2049",AISI 1340H Steel,"Oil Quenched From 830C (1525F), 650C (1200F) Temper, 100 mm (4 In.) Round",703.0,496.0,26.0,6,Quenched (oil) & tempered – high-strength structural steel
1089,2,"1090,1897",AISI 1340 Steel,"Oil Quenched From 830C (1525F), 595C (1100F) Temper, 50 mm (2 In.) Round",752.0,565.0,24.0,6,Quenched (oil) & tempered – high-strength structural steel
1090,2,"1091,2527",AISI E9310 Steel,"Double Quenched And Tempered At 150C (300F), 1.4 mm Case Depth",1203.0,958.0,15.0,5,Carburized – quenched (oil) – wear-resistant surface steel (variant)
1091,2,"1092,3175",AISI 8740H Steel,"Normalized 870C (1600F), 25 mm (1 In.) Round",931.0,605.0,16.0,4,Normalized (air cooled) – general-purpose steel
1092,2,"1093,2079",AISI Grade 18Ni (250) Maraging Steel,"3.18 mm Thick Sheet, Solution Annealed At 815C (1500F) For 30 Minutes, Air Cooled, Aged At 480C (900F) For 6 Hours",1931.0,1844.0,4.0,0,Carburized – quenched (oil) – wear-resistant surface steel
1093,2,"1094,1868",AISI 1340 Steel,"Normalized At 870C (1600F), Air Cooled, 50 mm (2 In.) Round",827.0,524.0,23.0,4,Normalized (air cooled) – general-purpose steel
1094,2,"1095,2046",AISI 1340H Steel,"Oil Quenched From 830C (1525F), 595C (1100F) Temper, 50 mm (2 In.) Round",752.0,565.0,24.0,6,Quenched (oil) & tempered – high-strength structural steel
1095,2,"1096,2359",AISI Grade 18Ni (250) Maraging Steel,"3.18 mm Thick Sheet, Solution Annealed At 815C (1500F) For 30 Minutes, Air Cooled, Aged At 455C (850F) For 3 Hours",1810.0,1770.0,4.0,0,Carburized – quenched (oil) – wear-resistant surface steel
1096,2,"1097,2085",AISI Grade 18Ni (200) Maraging Steel,"Aged, 16 mm Round Bar, Tested In Longitudinal Direction",1824.0,1760.0,12.0,2,Quenched (oil) – general-purpose steel (tested)
1097,2,"1098,2077",AISI Grade 18Ni (250) Maraging Steel,"Aged, 150 mm Square Bar, Tested Longitudinal",1731.0,1693.0,10.0,2,Quenched (oil) – general-purpose steel (tested)
1098,2,"1099,2155",AISI Grade 18Ni (250) Maraging Steel,"3.18 mm Thick Sheet, Solution Annealed At 815C (1500F) For 30 Minutes, Air Cooled, Aged At 480C (900F) For 3 Hours",1979.0,1932.0,4.0,0,Carburized – quenched (oil) – wear-resistant surface steel
1099,2,"1100,3086",AISI 8640 Steel,"Oil Quenched 845C (1550F), 650C (1200F) Temper, 50 mm (2 In.) Round",848.0,717.0,19.0,6,Quenched (oil) & tempered – high-strength structural steel
1100,2,"1101,2078",AISI Grade 18Ni (250) Maraging Steel,"Aged, 6 mm Sheet, Tested Transverse",1874.0,1832.0,8.0,2,Quenched (oil) – general-purpose steel (tested)
1101,2,"1102,1961",AISI 1340H Steel,"Oil Quenched From 830C (1525F), 540C (1000F) Temper, 50 mm (2 In.) Round",827.0,579.0,21.0,6,Quenched (oil) & tempered – high-strength structural steel
1102,2,"1103,2556",AISI E9310H Steel,"Normalized, Machined To 25 mm (1 In.) Rounds, Pseudocarburized, 830C (1525F) Reheat, 150C (300F) Temper",1200.0,1034.0,15.0,0,Carburized – quenched (oil) – wear-resistant surface steel
1103,2,"1104,2577",AISI E9310H Steel,"Normalized, Machined To 13.7 mm Rounds, Pseudocarburized, 800C (1470F) Reheat, 150C (300F) Temper",1131.0,965.0,16.0,0,Carburized – quenched (oil) – wear-resistant surface steel
1104,2,"1105,1952",AISI 1340 Steel,"Oil Quenched From 830C (1525F), 595C (1100F) Temper, 25 mm (1 In.) Round",814.0,676.0,21.0,6,Quenched (oil) & tempered – high-strength structural steel
1105,2,"1106,1941",AISI 1340H Steel,"Normalized At 870C (1600F), Air Cooled, 25 mm (1 In.) Round",834.0,558.0,22.0,4,Normalized (air cooled) – general-purpose steel
1106,2,"1107,2124",AISI Grade 18Ni (250) Maraging Steel,"Aged, 150 mm Square Bar, Tested Transverse",1723.0,1690.0,8.0,2,Quenched (oil) – general-purpose steel (tested)
1107,2,"1108,2720",AISI E9310H Steel,"Mock Carburized, 790C (1450F) Reheat, 150C (300F) Temper, 100 mm (4 In.) Round",938.0,655.0,19.0,8,Carburized – quenched (oil) – wear-resistant surface steel (variant)
1108,2,"1109,1932",AISI 1340 Steel,"Oil Quenched From 830C (1525F), 595C (1100F) Temper, 100 mm (4 In.) Round",710.0,490.0,25.0,6,Quenched (oil) & tempered – high-strength structural steel
1125,2,"1134,2602",ASTM A285,Grade B,345.0,185.0,25.0,1,Hot rolled – general construction steel
1127,2,"1138,1360",ASTM A553 Alloy Steel,Grade I,690.0,585.0,20.0,1,Hot rolled – general construction steel
1130,2,"1163,2593",ASTM A285,Grade A,310.0,165.0,27.0,1,Hot rolled – general construction steel
1131,2,"1164,1346",ASTM A553 Alloy Steel,Grade Ii,690.0,585.0,20.0,1,Hot rolled – general construction steel
1132,2,"1165,2601",ASTM A285,Grade C,380.0,205.0,23.0,1,Hot rolled – general construction steel
1133,2,"1166,2589",ASTM A135 Steel,Grade A,330.0,205.0,35.0,1,Hot rolled – general construction steel
1134,2,"1167,2652",ASTM A139 Steel,Grade D,415.0,315.0,23.0,1,Hot rolled – general construction steel
1135,2,"1173,2663",ASTM A131 Steel,Grade Dh32,470.0,315.0,19.0,1,Hot rolled – general construction steel
1136,2,"1174,2617",ASTM A424 Steel,"Type Ii, Composition A, Drawing Quality",295.0,200.0,38.0,2,Quenched (oil) – general-purpose steel (tested)
1137,2,"1175,2594",ASTM A424 Steel,"Type I, Direct Cover Coat",310.0,170.0,42.0,2,Quenched (oil) – general-purpose steel (tested)
1138,2,"1177,3196",ASTM A446 Steel,Grade D,450.0,345.0,12.0,1,Hot rolled – general construction steel
1139,2,"1179,2583",ASTM A131 Steel,Grade Dh36,490.0,350.0,19.0,1,Hot rolled – general construction steel
1140,2,"1180,2598",ASTM A139 Steel,Grade B,415.0,240.0,30.0,1,Hot rolled – general construction steel
1141,2,"1181,2723",ASTM A182,"Grade F11, Class 1",520.0,310.0,20.0,1,Hot rolled – general construction steel
1142,2,"1182,3156",ASTM A446 Steel,Grade F,485.0,345.0,12.0,1,Hot rolled – general construction steel
1143,2,"1183,2627",ASTM A500 Steel,"Grade C, Shaped Structural Tubing",425.0,345.0,21.0,2,Quenched (oil) – general-purpose steel (tested)
1144,2,"1185,2707",ASTM A500 Steel,"Grade A, Round Structural Tubing",310.0,230.0,25.0,2,Quenched (oil) – general-purpose steel (tested)
1145,2,"1187,2635",ASTM A500 Steel,"Grade C, Round Structural Tubing",425.0,315.0,21.0,2,Quenched (oil) – general-purpose steel (tested)
1147,2,"1189,2607",ASTM A131 Steel,Grade A,400.0,220.0,21.0,1,Hot rolled – general construction steel
1148,2,"1190,2616",ASTM A514 Steel,"Grade F, Plate Thickness _ 19 mm",760.0,690.0,18.0,11,plate – no special treatment – general-purpose steel
1149,2,"1191,2633",ASTM A131 Steel,Grade B,400.0,220.0,21.0,1,Hot rolled – general construction steel
1150,2,"1192,2631",ASTM A283 Steel,Grade B,345.0,185.0,25.0,1,Hot rolled – general construction steel
1152,2,"1195,2592",ASTM A182,"Grade F11, Class 2",485.0,275.0,20.0,1,Hot rolled – general construction steel
1153,2,"1196,2637",ASTM A139 Steel,Grade E,455.0,360.0,22.0,1,Hot rolled – general construction steel
1154,2,"1198,2738",ASTM A514 Steel,"Grade A, Plate Thickness 19-32 mm (0.75-1.25 In)",760.0,690.0,18.0,11,plate – no special treatment – general-purpose steel
1155,2,"1200,2639",ASTM A570 Steel,Grade 30,340.0,205.0,17.0,1,Hot rolled – general construction steel
1156,2,"1203,2681",ASTM A570 Steel,Grade 36,365.0,250.0,17.0,1,Hot rolled – general construction steel
1157,2,"1204,2615",ASTM A424 Steel,"Type Ii, Composition A, Commercial Quality",345.0,240.0,28.0,2,Quenched (oil) – general-purpose steel (tested)
1158,2,"1205,2733",ASTM A131 Steel,Grade E,400.0,220.0,21.0,1,Hot rolled – general construction steel
1159,2,"1206,2649",ASTM A283 Steel,Grade C,380.0,205.0,22.0,1,Hot rolled – general construction steel
1160,2,"1207,2703",ASTM A514 Steel,"Grade J, Plate Thickness 19 - 64 mm",760.0,690.0,18.0,11,plate – no special treatment – general-purpose steel
1161,2,"1208,2695",ASTM A514 Steel,"Grade M, Plate Thickness 19-64 mm",760.0,690.0,18.0,11,plate – no special treatment – general-purpose steel
1162,2,"1210,2682",ASTM A514 Steel,"Grade N, Plate Thickness _ 19 mm",760.0,690.0,18.0,11,plate – no special treatment – general-purpose steel
1163,2,"1211,2623",ASTM A139 Steel,Grade A,330.0,205.0,35.0,1,Hot rolled – general construction steel
1164,2,"1212,2671",ASTM A424 Steel,"Type I, Commercial Quality",295.0,230.0,37.0,2,Quenched (oil) – general-purpose steel (tested)
1165,2,"1214,2634",ASTM A135 Steel,Grade B,415.0,240.0,30.0,1,Hot rolled – general construction steel
1166,2,"1215,2675",ASTM A514 Steel,"Grade B, Plate Thickness 19-32 mm (0.75-1.25 In)",760.0,690.0,18.0,11,plate – no special treatment – general-purpose steel
1167,2,"1217,2618",ASTM A514 Steel,"Grade F, Plate Thickness 64 - 150 mm",690.0,620.0,16.0,11,plate – no special treatment – general-purpose steel
1168,2,"1218,2752",ASTM A570 Steel,Grade 40,380.0,275.0,14.0,1,Hot rolled – general construction steel
1169,2,"1219,2697",ASTM A131 Steel,Grade Eh36,490.0,350.0,19.0,1,Hot rolled – general construction steel
1170,2,"1221,2737",ASTM A500 Steel,"Grade B, Round Structural Tubing",400.0,290.0,23.0,2,Quenched (oil) – general-purpose steel (tested)
1171,2,"1222,2659",ASTM A514 Steel,"Grade H, Plate Thickness 19 - 64 mm",760.0,690.0,18.0,11,plate – no special treatment – general-purpose steel
1172,2,"1223,2643",ASTM A514 Steel,"Grade E, Plate Thickness 19 - 64 mm",760.0,690.0,18.0,11,plate – no special treatment – general-purpose steel
1173,2,"1224,2748",ASTM A514 Steel,"Grade G, Plate Thickness 19 - 64 mm",760.0,690.0,18.0,11,plate – no special treatment – general-purpose steel
1174,2,"1225,2704",ASTM A283 Steel,Grade D,415.0,230.0,20.0,1,Hot rolled – general construction steel
1175,2,"1227,2636",ASTM A446 Steel,Grade C,380.0,275.0,16.0,1,Hot rolled – general construction steel
1176,2,"1228,2662",ASTM A131 Steel,Grade Ah32,470.0,315.0,19.0,1,Hot rolled – general construction steel
1177,2,"1229,2730",ASTM A709 Steel,"Grade 50, High-Strength, Low Alloy Steel (_ 50 mm)",450.0,345.0,18.0,2,Quenched (oil) – general-purpose steel (tested)
1178,2,"1230,2622",ASTM A514 Steel,"Grade K, Plate Thickness 19 - 64 mm",760.0,690.0,18.0,11,plate – no special treatment – general-purpose steel
1179,2,"1231,2632",ASTM A514 Steel,"Grade H, Plate Thickness _ 19 mm",760.0,690.0,18.0,11,plate – no special treatment – general-purpose steel
1180,2,"1233,2728",ASTM A514 Steel,"Grade G, Plate Thickness _ 19 mm",760.0,690.0,18.0,11,plate – no special treatment – general-purpose steel
1181,2,"1234,2705",ASTM A203 Low Alloy Steel,Grade D,450.0,255.0,19.0,1,Hot rolled – general construction steel
1182,2,"1235,2597",ASTM A424 Steel,"Type Ii, Composition B, Drawing Quality",295.0,200.0,38.0,2,Quenched (oil) – general-purpose steel (tested)
1183,2,"1236,2725",ASTM A203 Low Alloy Steel,Grade A,450.0,255.0,19.0,1,Hot rolled – general construction steel
1184,2,"1237,2696",ASTM A446 Steel,Grade B,360.0,255.0,18.0,1,Hot rolled – general construction steel
1185,2,"1238,2690",ASTM A131 Steel,Grade Ds,400.0,220.0,21.0,1,Hot rolled – general construction steel
1186,2,"1239,2650",ASTM A514 Steel,"Grade F, Plate Thickness 19 - 64 mm",760.0,690.0,18.0,11,plate – no special treatment – general-purpose steel
1187,2,"1240,2693",ASTM A709 Steel,"Grade 36, Carbon Steel Plate (> 200 mm Wide)",400.0,220.0,20.0,2,Quenched (oil) – general-purpose steel (tested)
1188,2,"1241,2724",ASTM A514 Steel,"Grade C, Plate Thickness 19-32 mm",760.0,690.0,18.0,11,plate – no special treatment – general-purpose steel
1189,2,"1242,2692",ASTM A131 Steel,Grade Cs,400.0,220.0,21.0,1,Hot rolled – general construction steel
1190,2,"1245,2727",ASTM A570 Steel,Grade 45,415.0,310.0,12.0,1,Hot rolled – general construction steel
1191,2,"1247,2655",ASTM A570 Steel,Grade 33,360.0,230.0,16.0,1,Hot rolled – general construction steel
1192,2,"1248,2687",ASTM A284 Steel,Grade D,415.0,230.0,21.0,1,Hot rolled – general construction steel
1193,2,"1249,2665",ASTM A500 Steel,"Grade B, Shaped Structural Tubing",400.0,315.0,23.0,2,Quenched (oil) – general-purpose steel (tested)
1194,2,"1250,2674",ASTM A302 Alloy Steel,Grade B,550.0,345.0,15.0,1,Hot rolled – general construction steel
1195,2,"1251,2658",ASTM A131 Steel,Grade Ah36,490.0,350.0,19.0,1,Hot rolled – general construction steel
1196,2,"1253,2679",ASTM A302 Alloy Steel,Grade D,550.0,345.0,17.0,1,Hot rolled – general construction steel
1197,2,"1254,2667",ASTM A514 Steel,"Grade B, Plate Thickness _ 19 mm",760.0,690.0,18.0,11,plate – no special treatment – general-purpose steel
1198,2,"1255,2680",ASTM A573 Steel,Grade 65,450.0,240.0,20.0,1,Hot rolled – general construction steel
1199,2,"1256,2661",ASTM A514 Steel,"Grade L, Plate Thickness _ 19 mm",760.0,690.0,18.0,11,plate – no special treatment – general-purpose steel
1200,2,"1257,2676",ASTM A36 Steel,Flange,400.0,250.0,20.0,2,Quenched (oil) – general-purpose steel (tested)
1201,2,"1258,2709",ASTM A302 Alloy Steel,Grade A,515.0,310.0,15.0,1,Hot rolled – general construction steel
1202,2,"1259,2653",ASTM A678 Steel,Grade B,550.0,415.0,22.0,1,Hot rolled – general construction steel
1203,2,"1260,2691",ASTM A387 Alloy Steel,"Grade 11, Class 1",415.0,240.0,19.0,1,Hot rolled – general construction steel
1204,2,"1261,2708",ASTM A242 Steel,"Type 1, 19 mm Thick",435.0,290.0,18.0,2,Quenched (oil) – general-purpose steel (tested)
1206,2,"1263,2669",ASTM A678 Steel,"Grade C, Plate Thickness 38 - 51 mm",585.0,450.0,19.0,11,plate – no special treatment – general-purpose steel
1207,2,"1264,2714",ASTM A204 Low Alloy Steel,Grade C,515.0,295.0,16.0,1,Hot rolled – general construction steel
1208,2,"1265,2590",ASTM A131 Steel,Grade Eh32,470.0,315.0,19.0,1,Hot rolled – general construction steel
1209,2,"1266,2742",ASTM A387 Alloy Steel,"Grade 2, Class 2",485.0,310.0,18.0,1,Hot rolled – general construction steel
1210,2,"1267,2756",ASTM A699 Steel,Class 4,585.0,515.0,18.0,1,Hot rolled – general construction steel
1211,2,"1268,2743",ASTM A225 Low Alloy Steel,Grade D,515.0,380.0,19.0,1,Hot rolled – general construction steel
1212,2,"1269,2745",ASTM A678 Steel,Grade C,585.0,450.0,19.0,1,Hot rolled – general construction steel
1213,2,"1270,2684",ASTM A709 Steel,"Grade 36, Carbon Steel Shapes (> 634 Kg/M)",400.0,250.0,19.0,2,Quenched (oil) – general-purpose steel (tested)
1214,2,"1272,2700",ASTM A611 Steel,Grade B,310.0,205.0,24.0,1,Hot rolled – general construction steel
1215,2,"1273,2715",ASTM A442 Carbon Steel,Grade 55,380.0,205.0,21.0,1,Hot rolled – general construction steel
1216,2,"1274,2694",ASTM A387 Alloy Steel,"Grade 2, Class 1",380.0,230.0,18.0,1,Hot rolled – general construction steel
1217,2,"1275,2712",ASTM A678 Steel,"Grade C, Plate Thickness 19 - 38 mm",620.0,485.0,19.0,11,plate – no special treatment – general-purpose steel
1218,2,"1276,2629",ASTM A514 Steel,"Grade A, Plate Thickness _ 19 mm",760.0,690.0,18.0,11,plate – no special treatment – general-purpose steel
1219,2,"1277,2726",ASTM A204 Low Alloy Steel,Grade B,485.0,275.0,17.0,1,Hot rolled – general construction steel
1220,2,"1278,2755",ASTM A440 Steel,"Plate, Bar, And Shapes Under 19 mm Thick",485.0,345.0,18.0,2,Quenched (oil) – general-purpose steel (tested)
1221,2,"1279,2735",ASTM A203 Low Alloy Steel,Grade E,485.0,275.0,17.0,1,Hot rolled – general construction steel
1222,2,"1280,2698",ASTM A709 Steel,"Grade 36, Carbon Steel Plate (_ 200 M)",400.0,250.0,20.0,2,Quenched (oil) – general-purpose steel (tested)
1223,2,"1281,2596",ASTM A424 Steel,"Type Ii, Composition B, Commercial Quality",345.0,240.0,28.0,2,Quenched (oil) – general-purpose steel (tested)
1224,2,"1282,2722",ASTM A36 Steel,Plate,400.0,250.0,20.0,2,Quenched (oil) – general-purpose steel (tested)
1225,2,"1284,2614",ASTM A424 Steel,"Type I, Drawing Quality",275.0,170.0,45.0,2,Quenched (oil) – general-purpose steel (tested)
1226,2,"1286,2666",ASTM A573 Steel,Grade 70,485.0,290.0,18.0,1,Hot rolled – general construction steel
1227,2,"1288,2630",ASTM A514 Steel,"Grade L, Plate Thickness 19 - 64 mm",760.0,690.0,18.0,11,plate – no special treatment – general-purpose steel
1228,2,"1289,2670",ASTM A514 Steel,"Grade J, Plate Thickness _ 19 mm",760.0,690.0,18.0,11,plate – no special treatment – general-purpose steel
1229,2,"1290,2729",ASTM A299 Carbon Steel,Manganese Silicon Alloy,515.0,275.0,16.0,2,Quenched (oil) – general-purpose steel (tested)
1230,2,"1291,2701",ASTM A387 Alloy Steel,"Grade 12, Class 1",380.0,230.0,18.0,1,Hot rolled – general construction steel
1231,2,"1292,2638",ASTM A514 Steel,"Grade C, Plate Thickness _ 19 mm",760.0,690.0,18.0,11,plate – no special treatment – general-purpose steel
1232,2,"1296,2586",ASTM A131 Steel,Grade D,400.0,220.0,21.0,1,Hot rolled – general construction steel
1233,2,"1299,2683",ASTM A699 Steel,Class 2,620.0,515.0,18.0,1,Hot rolled – general construction steel
1234,2,"1302,2685",ASTM A202 Low Alloy Steel,Grade A,515.0,310.0,16.0,1,Hot rolled – general construction steel
1235,2,"1304,2717",ASTM A709 Steel,"Grade 36, Carbon Steel Shapes (_ 634 Kg/M)",400.0,250.0,20.0,2,Quenched (oil) – general-purpose steel (tested)
1236,2,"1309,2688",ASTM A387 Alloy Steel,"Grade 22, Class 1",415.0,205.0,18.0,1,Hot rolled – general construction steel
1237,2,"1312,2610",ASTM A500 Steel,"Grade A, Shaped Structural Tubing",310.0,270.0,25.0,2,Quenched (oil) – general-purpose steel (tested)
1238,2,"1315,2736",ASTM A611 Steel,Grade A,290.0,170.0,26.0,1,Hot rolled – general construction steel
1239,2,"1317,2741",ASTM A514 Steel,"Grade M, Plate Thickness _ 19 mm",760.0,690.0,18.0,11,plate – no special treatment – general-purpose steel
1240,2,"1318,2689",ASTM A699 Steel,Class 3,585.0,485.0,18.0,1,Hot rolled – general construction steel
1241,2,"1319,2747",ASTM A36 Steel,Bar,400.0,250.0,20.0,2,Quenched (oil) – general-purpose steel (tested)
1242,2,"1325,2716",ASTM A387 Alloy Steel,"Grade 21, Class 1",415.0,205.0,18.0,1,Hot rolled – general construction steel
1243,2,"1326,2678",ASTM A514 Steel,"Grade K, Plate Thickness _ 19 mm",760.0,690.0,18.0,11,plate – no special treatment – general-purpose steel
1244,2,"1327,2686",ASTM A387 Alloy Steel,"Grade 12, Class 2",450.0,275.0,19.0,1,Hot rolled – general construction steel
1245,2,"1328,2672",ASTM A203 Low Alloy Steel,Grade F,515.0,345.0,20.0,1,Hot rolled – general construction steel
1246,2,"1330,2750",ASTM A225 Low Alloy Steel,Grade C,725.0,485.0,20.0,1,Hot rolled – general construction steel
1247,2,"1334,2625",ASTM A514 Steel,"Grade E, Plate Thickness 64 - 150 mm",690.0,620.0,16.0,11,plate – no special treatment – general-purpose steel
1248,2,"1339,2740",ASTM A699 Steel,Class 1,620.0,485.0,18.0,1,Hot rolled – general construction steel
1249,2,"1344,2657",ASTM A202 Low Alloy Steel,Grade B,585.0,325.0,15.0,1,Hot rolled – general construction steel
1250,2,"1347,2744",ASTM A441 Steel,19 mm Thick,485.0,345.0,18.0,2,Quenched (oil) – general-purpose steel (tested)
1251,2,"1349,2656",ASTM A203 Low Alloy Steel,Grade B,485.0,275.0,17.0,1,Hot rolled – general construction steel
1252,2,"1354,2710",ASTM A387 Alloy Steel,"Grade 11, Class 2",515.0,310.0,18.0,1,Hot rolled – general construction steel
1253,2,"1355,2677",ASTM A611 Steel,Grade C,330.0,230.0,22.0,1,Hot rolled – general construction steel
1254,2,"1356,2648",ASTM A573 Steel,Grade 58,400.0,220.0,21.0,1,Hot rolled – general construction steel
1255,2,"1357,2664",ASTM A611 Steel,Grade D,275.0,360.0,20.0,1,Hot rolled – general construction steel
1256,2,"1365,2706",ASTM A446 Steel,Grade A,310.0,230.0,20.0,1,Hot rolled – general construction steel
1257,2,"1369,2628",ASTM A514 Steel,"Grade E, Plate Thickness _ 19 mm",760.0,690.0,18.0,11,plate – no special treatment – general-purpose steel
1258,2,"1375,2758",ASTM A709 Steel,"Grade 36, Carbon Steel Bar (Diam _ 200 mm)",400.0,250.0,20.0,2,Quenched (oil) – general-purpose steel (tested)
1259,2,"1377,2713",ASTM A709 Steel,"Grade 36, Carbon Steel Bar (Diam. > 200 mm)",400.0,220.0,20.0,2,Quenched (oil) – general-purpose steel (tested)
1260,2,"1380,2641",ASTM A678 Steel,Grade A,485.0,345.0,22.0,1,Hot rolled – general construction steel
1261,2,"1399,2660",ASTM A570 Steel,Grade 50,450.0,345.0,10.0,1,Hot rolled – general construction steel
1262,2,"1403,2749",ASTM A442 Carbon Steel,Grade 60,415.0,220.0,20.0,1,Hot rolled – general construction steel
1263,2,"1406,2620",ASTM A514 Steel,"Grade D, Plate Thickness _ 19 mm",760.0,690.0,18.0,11,plate – no special treatment – general-purpose steel
1264,2,"1407,2702",ASTM A710 Steel,"Grade A, Class 1, 6.4 - 8.0 mm Thick",620.0,585.0,20.0,1,Hot rolled – general construction steel
1265,2,"1408,2668",ASTM A204 Low Alloy Steel,Grade A,450.0,255.0,19.0,1,Hot rolled – general construction steel
1266,2,"1433,2754",ASTM A387 Alloy Steel,"Grade 21, Class 2",515.0,310.0,18.0,1,Hot rolled – general construction steel
1267,2,"1455,2640",ASTM A139 Steel,Grade C,415.0,290.0,25.0,1,Hot rolled – general construction steel
1268,2,"1481,2718",ASTM A387 Alloy Steel,"Grade 22, Class 2",515.0,310.0,18.0,1,Hot rolled – general construction steel
1269,2,"1607,2644",ASTM A283 Steel,Grade A,310.0,165.0,27.0,1,Hot rolled – general construction steel
