DOIs,Files,problem,status,Table_topic,title,abstract,Material,Tensile_name,Tensile_value,Tensile_unit,Yield_name,Yield_value,Yield_unit,Elongation_name,Elongation_value,Elongation_unit,H,B,C,N,O,F,Na,Mg,Al,Si,P,S,Cl,Ca,Ti,V,Cr,Mn,Fe,Co,Ni,Cu,Zn,As,Y,Zr,Nb,Mo,Sn,Sb,La,Ce,Ta,W,Pb,Bi,Other_ele,Text_addition,Text,actions,source_entry,cluster_number,cluster_label,cluster_number_0_to_11
,,,1,Steel database with labelled clusters,,,AISI 1022 Steel,Ultimate tensile strength,615.0,MPa,Yield strength,380.0,MPa,Ductility,25.0,%,0.0,0.0,0.2,0.0,0.0,0.0,0.0,0.0,0.0,0.0,0.04,0.05,0.0,0.0,0.0,0.0,0.0,0.85,98.86,0.0,0.0,0.0,0.0,0.0,0.0,0.0,0.0,0.0,0.0,0.0,0.0,0.0,0.0,0.0,0.0,0.0,,,"Mock Carburized At 910C (1670F) For 8 Hours, 775C (1430F) Reheat, Water Quenched, 175C (350F) Temper, 25 mm (1 In.) Round","Mock Carburized At 910C (1670F) For 8 Hours, 775C (1430F) Reheat, Water Quenched, 175C (350F) Temper, 25 mm (1 In.) Round",1634,8,Carburized – quenched (oil) – wear-resistant surface steel (variant),8
,,,1,Steel database with labelled clusters,,,ASTM A387 Alloy Steel,Ultimate tensile strength,450.0,MPa,Yield strength,275.0,MPa,Ductility,22.0,%,0.0,0.0,0.11,0.0,0.0,0.0,0.0,0.0,0.0,0.275,0.035,0.035,0.0,0.0,0.0,0.0,0.975,0.525,97.52,0.0,0.0,0.0,0.0,0.0,0.0,0.0,0.0,0.525,0.0,0.0,0.0,0.0,0.0,0.0,0.0,0.0,,,"Grade 12, Chromium Molybdenum","Grade 12, Chromium Molybdenum",1425,2,Quenched (oil) – general-purpose steel (tested),2
,,,1,Steel database with labelled clusters,,,AISI 1030 Steel,Ultimate tensile strength,525.0,MPa,Yield strength,440.0,MPa,Ductility,12.0,%,0.0,0.0,0.305,0.0,0.0,0.0,0.0,0.0,0.0,0.0,0.04,0.05,0.0,0.0,0.0,0.0,0.0,0.75,98.855,0.0,0.0,0.0,0.0,0.0,0.0,0.0,0.0,0.0,0.0,0.0,0.0,0.0,0.0,0.0,0.0,0.0,,,"Cold Drawn, 19-32 mm (0.75-1.25 In) Round","Cold Drawn, 19-32 mm (0.75-1.25 In) Round",1742,3,Normalized – easy-to-machine stock (cold drawn),3
,,,1,Steel database with labelled clusters,,,AISI Grade 18Ni (350) Maraging Steel,Ultimate tensile strength,2391.0,MPa,Yield strength,2348.0,MPa,Ductility,7.0,%,0.0,0.0,0.03,0.0,0.0,0.0,0.0,0.0,0.1,0.1,0.01,0.01,0.0,0.0,1.4,0.0,0.0,0.1,62.94,12.0,18.5,0.0,0.0,0.0,0.0,0.01,0.0,4.8,0.0,0.0,0.0,0.0,0.0,0.0,0.0,0.0,,,"Aged, At Rt, Tested Longitudinal, Round Bar 32 mm","Aged, At Rt, Tested Longitudinal, Round Bar 32 mm",1055,2,Quenched (oil) – general-purpose steel (tested),2
,,,1,Steel database with labelled clusters,,,AISI E4340 Steel,Ultimate tensile strength,1282.0,MPa,Yield strength,862.0,MPa,Ductility,12.0,%,0.0,0.0,0.405,0.0,0.0,0.0,0.0,0.0,0.0,0.2249999999999999,0.025,0.02,0.0,0.0,0.0,0.0,0.8,0.75,95.7,0.0,1.825,0.0,0.0,0.0,0.0,0.0,0.0,0.25,0.0,0.0,0.0,0.0,0.0,0.0,0.0,0.0,,,"Normalized, 25 mm Round","Normalized, 25 mm Round",308,9,Normalized – general-purpose steel (round normalized stock),9
,,,1,Steel database with labelled clusters,,,AISI 4320H Steel,Ultimate tensile strength,1040.0,MPa,Yield strength,869.0,MPa,Ductility,15.0,%,0.0,0.0,0.2,0.0,0.0,0.0,0.0,0.0,0.0,0.2249999999999999,0.035,0.04,0.0,0.0,0.0,0.0,0.5,0.55,96.425,0.0,1.775,0.0,0.0,0.0,0.0,0.0,0.0,0.25,0.0,0.0,0.0,0.0,0.0,0.0,0.0,0.0,,,"Normalized 925C (1700F), Pseudocarburized At 925C (1700F) For 8 Hrs., Reheated To 775C (1425F) And Oil Quenched, 150C (300F) Temper; Tested In 12.8 mm Rounds","Normalized 925C (1700F), Pseudocarburized At 925C (1700F) For 8 Hrs., Reheated To 775C (1425F) And Oil Quenched, 150C (300F) Temper; Tested In 12.8 mm Rounds",433,0,Carburized – quenched (oil) – wear-resistant surface steel,0
,,,1,Steel database with labelled clusters,,,AISI 1026 Steel,Ultimate tensile strength,440.0,MPa,Yield strength,240.0,MPa,Ductility,24.0,%,0.0,0.0,0.25,0.0,0.0,0.0,0.0,0.0,0.0,0.0,0.04,0.05,0.0,0.0,0.0,0.0,0.0,0.75,98.91,0.0,0.0,0.0,0.0,0.0,0.0,0.0,0.0,0.0,0.0,0.0,0.0,0.0,0.0,0.0,0.0,0.0,,,"Hot Rolled, 19-32 mm (0.75-1.25 In) Round","Hot Rolled, 19-32 mm (0.75-1.25 In) Round",1694,3,Normalized – easy-to-machine stock (cold drawn),3
,,,1,Steel database with labelled clusters,,,AISI 5160 Steel,Ultimate tensile strength,1170.0,MPa,Yield strength,1070.0,MPa,Ductility,14.0,%,0.0,0.0,0.6000000000000001,0.0,0.0,0.0,0.0,0.0,0.0,0.2249999999999999,0.035,0.04,0.0,0.0,0.0,0.0,0.8,0.875,97.425,0.0,0.0,0.0,0.0,0.0,0.0,0.0,0.0,0.0,0.0,0.0,0.0,0.0,0.0,0.0,0.0,0.0,,,"Oil Quenched From 830C (1525F), 540C (1000F) Temper, 13 mm (0.5 In.) Round","Oil Quenched From 830C (1525F), 540C (1000F) Temper, 13 mm (0.5 In.) Round",599,6,Quenched (oil) & tempered – high-strength structural steel,6
,,,1,Steel database with labelled clusters,,,AISI 1080 Steel,Ultimate tensile strength,1130.0,MPa,Yield strength,710.0,MPa,Ductility,15.0,%,0.0,0.0,0.815,0.0,0.0,0.0,0.0,0.0,0.0,0.0,0.04,0.05,0.0,0.0,0.0,0.0,0.0,0.75,98.345,0.0,0.0,0.0,0.0,0.0,0.0,0.0,0.0,0.0,0.0,0.0,0.0,0.0,0.0,0.0,0.0,0.0,,,"Oil Quenched From 815C (1500F), 540C (1000F) Temper, 50 mm (2 In.) Round","Oil Quenched From 815C (1500F), 540C (1000F) Temper, 50 mm (2 In.) Round",1835,6,Quenched (oil) & tempered – high-strength structural steel,6
,,,1,Steel database with labelled clusters,,,AISI E4340 Steel,Ultimate tensile strength,1005.0,MPa,Yield strength,938.0,MPa,Ductility,20.0,%,0.0,0.0,0.405,0.0,0.0,0.0,0.0,0.0,0.0,0.2249999999999999,0.025,0.02,0.0,0.0,0.0,0.0,0.8,0.75,95.7,0.0,1.825,0.0,0.0,0.0,0.0,0.0,0.0,0.25,0.0,0.0,0.0,0.0,0.0,0.0,0.0,0.0,,,"Oil Quenched 845C, 650C (1200F) Temper","Oil Quenched 845C, 650C (1200F) Temper",306,6,Quenched (oil) & tempered – high-strength structural steel,6
,,,1,Steel database with labelled clusters,,,AISI 4620H Steel,Ultimate tensile strength,795.0,MPa,Yield strength,531.0,MPa,Ductility,22.0,%,0.0,0.0,0.2,0.0,0.0,0.0,0.0,0.0,0.0,0.25,0.035,0.04,0.0,0.0,0.0,0.0,0.0,0.55,96.9,0.0,1.775,0.0,0.0,0.0,0.0,0.0,0.0,0.25,0.0,0.0,0.0,0.0,0.0,0.0,0.0,0.0,,,"Double Quenched And Tempered, Carburized, Oil Quenched, 230C (450F) Temper","Double Quenched And Tempered, Carburized, Oil Quenched, 230C (450F) Temper",368,5,Carburized – quenched (oil) – wear-resistant surface steel (variant),5
,,,1,Steel database with labelled clusters,,,AISI 1019 Steel,Ultimate tensile strength,455.0,MPa,Yield strength,379.0,MPa,Ductility,15.0,%,0.0,0.0,0.17,0.0,0.0,0.0,0.0,0.0,0.0,0.0,0.04,0.05,0.0,0.0,0.0,0.0,0.0,0.85,98.89,0.0,0.0,0.0,0.0,0.0,0.0,0.0,0.0,0.0,0.0,0.0,0.0,0.0,0.0,0.0,0.0,0.0,,,Cold Drawn,Cold Drawn,1632,2,Quenched (oil) – general-purpose steel (tested),2
,,,1,Steel database with labelled clusters,,,AISI 1026 Steel,Ultimate tensile strength,490.0,MPa,Yield strength,415.0,MPa,Ductility,15.0,%,0.0,0.0,0.25,0.0,0.0,0.0,0.0,0.0,0.0,0.0,0.04,0.05,0.0,0.0,0.0,0.0,0.0,0.75,98.91,0.0,0.0,0.0,0.0,0.0,0.0,0.0,0.0,0.0,0.0,0.0,0.0,0.0,0.0,0.0,0.0,0.0,,,"Cold Drawn, 19-32 mm (0.75-1.25 In) Round","Cold Drawn, 19-32 mm (0.75-1.25 In) Round",1534,3,Normalized – easy-to-machine stock (cold drawn),3
,,,1,Steel database with labelled clusters,,,AISI 1215 Steel,Ultimate tensile strength,385.0,MPa,Yield strength,230.0,MPa,Ductility,25.0,%,0.0,0.0,0.09,0.0,0.0,0.0,0.0,0.0,0.0,0.0,0.065,0.305,0.0,0.0,0.0,0.0,0.0,0.9,98.64,0.0,0.0,0.0,0.0,0.0,0.0,0.0,0.0,0.0,0.0,0.0,0.0,0.0,0.0,0.0,0.0,0.0,,,"Turned And Polished, 19-38 mm Round","Turned And Polished, 19-38 mm Round",1902,3,Normalized – easy-to-machine stock (cold drawn),3
,,,1,Steel database with labelled clusters,,,AISI Grade 18Ni (250) Maraging Steel,Ultimate tensile strength,1723.0,MPa,Yield strength,1690.0,MPa,Ductility,8.0,%,0.0,0.0,0.03,0.0,0.0,0.0,0.0,0.0,0.1,0.1,0.01,0.01,0.0,0.0,0.4,0.0,0.0,0.1,68.44,7.5,18.5,0.0,0.0,0.0,0.0,0.01,0.0,4.8,0.0,0.0,0.0,0.0,0.0,0.0,0.0,0.0,,,"Aged, 150 mm Square Bar, Tested Transverse","Aged, 150 mm Square Bar, Tested Transverse",1107,2,Quenched (oil) – general-purpose steel (tested),2
,,,1,Steel database with labelled clusters,,,ASTM A709 Steel,Ultimate tensile strength,400.0,MPa,Yield strength,250.0,MPa,Ductility,20.0,%,0.0,0.0,0.275,0.0,0.0,0.0,0.0,0.0,0.0,0.275,0.04,0.05,0.0,0.0,0.0,0.0,0.0,1.0,98.36,0.0,0.0,0.0,0.0,0.0,0.0,0.0,0.0,0.0,0.0,0.0,0.0,0.0,0.0,0.0,0.0,0.0,,,"Grade 36, Carbon Steel Bar (Diam _ 200 mm)","Grade 36, Carbon Steel Bar (Diam _ 200 mm)",1375,2,Quenched (oil) – general-purpose steel (tested),2
,,,1,Steel database with labelled clusters,,,AISI 4118 Steel,Ultimate tensile strength,617.0,MPa,Yield strength,296.0,MPa,Ductility,28.0,%,0.0,0.0,0.205,0.0,0.0,0.0,0.0,0.0,0.0,0.25,0.035,0.04,0.0,0.0,0.0,0.0,0.5,0.8,98.055,0.0,0.0,0.0,0.0,0.0,0.0,0.0,0.0,0.1149999999999999,0.0,0.0,0.0,0.0,0.0,0.0,0.0,0.0,,,"Mock Carburized At 925C (1700F) For 8 Hours, Reheated To 830C (1525F), Oil Quenched, 150C (300F) Temper, 230C (450F) Temper, 100 mm (4 In.) Round","Mock Carburized At 925C (1700F) For 8 Hours, Reheated To 830C (1525F), Oil Quenched, 150C (300F) Temper, 230C (450F) Temper, 100 mm (4 In.) Round",70,8,Carburized – quenched (oil) – wear-resistant surface steel (variant),8
,,,1,Steel database with labelled clusters,,,AISI 1050 Steel,Ultimate tensile strength,585.0,MPa,Yield strength,485.0,MPa,Ductility,15.0,%,0.0,0.0,0.51,0.0,0.0,0.0,0.0,0.0,0.0,0.0,0.04,0.05,0.0,0.0,0.0,0.0,0.0,0.75,98.65,0.0,0.0,0.0,0.0,0.0,0.0,0.0,0.0,0.0,0.0,0.0,0.0,0.0,0.0,0.0,0.0,0.0,,,"Cold Drawn, High Temperature, Stress Relieved, 32-50 mm (1.25-2 In) Round","Cold Drawn, High Temperature, Stress Relieved, 32-50 mm (1.25-2 In) Round",1628,0,Carburized – quenched (oil) – wear-resistant surface steel,0
,,,1,Steel database with labelled clusters,,,AISI 4820H Steel,Ultimate tensile strength,1322.0,MPa,Yield strength,1021.0,MPa,Ductility,12.0,%,0.0,0.0,0.2,0.0,0.0,0.0,0.0,0.0,0.0,0.2249999999999999,0.035,0.04,0.0,0.0,0.0,0.0,0.0,0.6000000000000001,95.15,0.0,3.5,0.0,0.0,0.0,0.0,0.0,0.0,0.25,0.0,0.0,0.0,0.0,0.0,0.0,0.0,0.0,,,"Heat Treated, Machined To 13.7 mm, Pseudocarburized, Reheated To 835C, 150C (300F) Temper","Heat Treated, Machined To 13.7 mm, Pseudocarburized, Reheated To 835C, 150C (300F) Temper",439,0,Carburized – quenched (oil) – wear-resistant surface steel,0
,,,1,Steel database with labelled clusters,,,AISI 4140H Steel,Ultimate tensile strength,1020.0,MPa,Yield strength,675.0,MPa,Ductility,17.0,%,0.0,0.0,0.405,0.0,0.0,0.0,0.0,0.0,0.0,0.2249999999999999,0.035,0.04,0.0,0.0,0.0,0.0,0.975,0.875,97.22,0.0,0.0,0.0,0.0,0.0,0.0,0.0,0.0,0.2249999999999999,0.0,0.0,0.0,0.0,0.0,0.0,0.0,0.0,,,"Normalized At 870C (1600F), Air Cooled, 13 mm (0.5 In.) Round","Normalized At 870C (1600F), Air Cooled, 13 mm (0.5 In.) Round",136,4,Normalized (air cooled) – general-purpose steel,4
,,,1,Steel database with labelled clusters,,,AISI 5150 Steel,Ultimate tensile strength,876.0,MPa,Yield strength,600.0,MPa,Ductility,20.0,%,0.0,0.0,0.505,0.0,0.0,0.0,0.0,0.0,0.0,0.2249999999999999,0.035,0.04,0.0,0.0,0.0,0.0,0.8,0.8,97.595,0.0,0.0,0.0,0.0,0.0,0.0,0.0,0.0,0.0,0.0,0.0,0.0,0.0,0.0,0.0,0.0,0.0,,,"Oil Quenched From 830C (1525F), 595C (1100F) Temper, 50 mm (2 In.) Round","Oil Quenched From 830C (1525F), 595C (1100F) Temper, 50 mm (2 In.) Round",556,6,Quenched (oil) & tempered – high-strength structural steel,6
,,,1,Steel database with labelled clusters,,,AISI 4140 Steel,Ultimate tensile strength,1020.0,MPa,Yield strength,910.0,MPa,Ductility,19.0,%,0.0,0.0,0.405,0.0,0.0,0.0,0.0,0.0,0.0,0.25,0.035,0.04,0.0,0.0,0.0,0.0,0.95,0.875,97.245,0.0,0.0,0.0,0.0,0.0,0.0,0.0,0.0,0.2,0.0,0.0,0.0,0.0,0.0,0.0,0.0,0.0,,,"Normalized At 870C (1600F), Reheated To 845C (1550F), Oil Quenched, 595C (1100F) Temper, 25 mm (1 In.) Round","Normalized At 870C (1600F), Reheated To 845C (1550F), Oil Quenched, 595C (1100F) Temper, 25 mm (1 In.) Round",100,0,Carburized – quenched (oil) – wear-resistant surface steel,0
,,,1,Steel database with labelled clusters,,,AISI 8822H Steel,Ultimate tensile strength,1510.0,MPa,Yield strength,1093.0,MPa,Ductility,13.0,%,0.0,0.0,0.22,0.0,0.0,0.0,0.0,0.0,0.0,0.2249999999999999,0.035,0.04,0.0,0.0,0.0,0.0,0.5,0.875,97.205,0.0,0.55,0.0,0.0,0.0,0.0,0.0,0.0,0.35,0.0,0.0,0.0,0.0,0.0,0.0,0.0,0.0,,,"Normalized, Machined To 13.7 mm Rounds, Pseudocarburized, 865C (1590F) Reheat, 150C (300F) Temper","Normalized, Machined To 13.7 mm Rounds, Pseudocarburized, 865C (1590F) Reheat, 150C (300F) Temper",1054,0,Carburized – quenched (oil) – wear-resistant surface steel,0
,,,1,Steel database with labelled clusters,,,AISI 1035 Steel,Ultimate tensile strength,485.0,MPa,Yield strength,415.0,MPa,Ductility,10.0,%,0.0,0.0,0.345,0.0,0.0,0.0,0.0,0.0,0.0,0.0,0.04,0.05,0.0,0.0,0.0,0.0,0.0,0.75,98.815,0.0,0.0,0.0,0.0,0.0,0.0,0.0,0.0,0.0,0.0,0.0,0.0,0.0,0.0,0.0,0.0,0.0,,,"As Cold Drawn, 50-75 mm (2-3 In) Round","As Cold Drawn, 50-75 mm (2-3 In) Round",1778,3,Normalized – easy-to-machine stock (cold drawn),3
,,,1,Steel database with labelled clusters,,,AISI 8622 Steel,Ultimate tensile strength,1524.0,MPa,Yield strength,1149.0,MPa,Ductility,13.0,%,0.0,0.0,0.225,0.0,0.0,0.0,0.0,0.0,0.0,0.2249999999999999,0.035,0.04,0.0,0.0,0.0,0.0,0.5,0.8,97.425,0.0,0.55,0.0,0.0,0.0,0.0,0.0,0.0,0.2,0.0,0.0,0.0,0.0,0.0,0.0,0.0,0.0,,,"Heat Treated, Machined To 13.7 mm Rounds, Pseudocarburized, 150C (300F) Temper","Heat Treated, Machined To 13.7 mm Rounds, Pseudocarburized, 150C (300F) Temper",737,0,Carburized – quenched (oil) – wear-resistant surface steel,0
,,,1,Steel database with labelled clusters,,,AISI 1144 Steel,Ultimate tensile strength,795.0,MPa,Yield strength,725.0,MPa,Ductility,10.0,%,0.0,0.0,0.44,0.0,0.0,0.0,0.0,0.0,0.0,0.0,0.04,0.285,0.0,0.0,0.0,0.0,0.0,1.5,97.735,0.0,0.0,0.0,0.0,0.0,0.0,0.0,0.0,0.0,0.0,0.0,0.0,0.0,0.0,0.0,0.0,0.0,,,"Cold Drawn, Low Temperature, Stress Relieved, 16-22 mm (0.625-0.875 In) Round","Cold Drawn, Low Temperature, Stress Relieved, 16-22 mm (0.625-0.875 In) Round",1901,0,Carburized – quenched (oil) – wear-resistant surface steel,0
,,,1,Steel database with labelled clusters,,,AISI 4320 Steel,Ultimate tensile strength,814.0,MPa,Yield strength,515.0,MPa,Ductility,22.0,%,0.0,0.0,0.195,0.0,0.0,0.0,0.0,0.0,0.0,0.2249999999999999,0.035,0.04,0.0,0.0,0.0,0.0,0.5,0.55,96.38,0.0,1.825,0.0,0.0,0.0,0.0,0.0,0.0,0.25,0.0,0.0,0.0,0.0,0.0,0.0,0.0,0.0,,,"Mock Carburized 925C (1700F) For 8 Hrs., Reheated To 815C (1500F), Oil Quenched, 230C (450F) Temper, 100 mm (4 In.) Round","Mock Carburized 925C (1700F) For 8 Hrs., Reheated To 815C (1500F), Oil Quenched, 230C (450F) Temper, 100 mm (4 In.) Round",248,8,Carburized – quenched (oil) – wear-resistant surface steel (variant),8
,,,1,Steel database with labelled clusters,,,AISI E4340 H Steel,Ultimate tensile strength,1448.0,MPa,Yield strength,972.0,MPa,Ductility,12.0,%,0.0,0.0,0.405,0.0,0.0,0.0,0.0,0.0,0.0,0.2249999999999999,0.025,0.02,0.0,0.0,0.0,0.0,0.8,0.7749999999999999,95.725,0.0,1.775,0.0,0.0,0.0,0.0,0.0,0.0,0.25,0.0,0.0,0.0,0.0,0.0,0.0,0.0,0.0,,,"Normalized, 13 mm (0.5 In.) Round","Normalized, 13 mm (0.5 In.) Round",352,9,Normalized – general-purpose steel (round normalized stock),9
,,,1,Steel database with labelled clusters,,,AISI 1040 Steel,Ultimate tensile strength,693.0,MPa,Yield strength,479.0,MPa,Ductility,27.0,%,0.0,0.0,0.405,0.0,0.0,0.0,0.0,0.0,0.0,0.0,0.04,0.05,0.0,0.0,0.0,0.0,0.0,0.75,98.755,0.0,0.0,0.0,0.0,0.0,0.0,0.0,0.0,0.0,0.0,0.0,0.0,0.0,0.0,0.0,0.0,0.0,,,"Oil Quenched From 855C (1570F), 595C (1100F) Temper, 13 mm (0.5 In.) Round","Oil Quenched From 855C (1570F), 595C (1100F) Temper, 13 mm (0.5 In.) Round",1756,6,Quenched (oil) & tempered – high-strength structural steel,6
,,,1,Steel database with labelled clusters,,,AISI 4023 Steel,Ultimate tensile strength,965.0,MPa,Yield strength,655.0,MPa,Ductility,15.0,%,0.0,0.0,0.225,0.0,0.0,0.0,0.0,0.0,0.0,0.25,0.035,0.04,0.0,0.0,0.0,0.0,0.0,0.8,98.4,0.0,0.0,0.0,0.0,0.0,0.0,0.0,0.0,0.25,0.0,0.0,0.0,0.0,0.0,0.0,0.0,0.0,,,"Normalized At 925C (1700F), Machined To 13.7 mm (0.540 In.) Rounds, Pseudocarburized At 925C (1700F), Box Cooled To Rt, Reheated To 800C (1470F) And Oil Quenched, 150C (300F) Temper","Normalized At 925C (1700F), Machined To 13.7 mm (0.540 In.) Rounds, Pseudocarburized At 925C (1700F), Box Cooled To Rt, Reheated To 800C (1470F) And Oil Quenched, 150C (300F) Temper",57,0,Carburized – quenched (oil) – wear-resistant surface steel,0
,,,1,Steel database with labelled clusters,,,AISI 1137 Steel,Ultimate tensile strength,655.0,MPa,Yield strength,585.0,MPa,Ductility,11.0,%,0.0,0.0,0.355,0.0,0.0,0.0,0.0,0.0,0.0,0.0,0.04,0.105,0.0,0.0,0.0,0.0,0.0,1.5,98.0,0.0,0.0,0.0,0.0,0.0,0.0,0.0,0.0,0.0,0.0,0.0,0.0,0.0,0.0,0.0,0.0,0.0,,,"As Cold Drawn, 22-32 mm (0.875-1.25 In) Round","As Cold Drawn, 22-32 mm (0.875-1.25 In) Round",1881,3,Normalized – easy-to-machine stock (cold drawn),3
,,,1,Steel database with labelled clusters,,,ASTM A213 T11 Alloy Steel,Ultimate tensile strength,415.0,MPa,Yield strength,205.0,MPa,Ductility,30.0,%,0.0,0.0,0.1,0.0,0.0,0.0,0.0,0.0,0.0,0.75,0.025,0.025,0.0,0.0,0.0,0.0,1.25,0.4499999999999999,96.855,0.0,0.0,0.0,0.0,0.0,0.0,0.0,0.0,0.545,0.0,0.0,0.0,0.0,0.0,0.0,0.0,0.0,,,"Chromium Molybdenum, F11-1","Chromium Molybdenum, F11-1",1465,2,Quenched (oil) – general-purpose steel (tested),2
,,,1,Steel database with labelled clusters,,,ASTM A678 Steel,Ultimate tensile strength,585.0,MPa,Yield strength,450.0,MPa,Ductility,19.0,%,0.0,0.0,0.22,0.0,0.0,0.0,0.0,0.0,0.0,0.35,0.04,0.05,0.0,0.0,0.0,0.0,0.25,1.3,97.185,0.0,0.25,0.275,0.0,0.0,0.0,0.0,0.0,0.08,0.0,0.0,0.0,0.0,0.0,0.0,0.0,0.0,,,"Grade C, Plate Thickness 38 - 51 mm","Grade C, Plate Thickness 38 - 51 mm",1263,11,plate – no special treatment – general-purpose steel,11
,,,1,Steel database with labelled clusters,,,AISI 1022 Steel,Ultimate tensile strength,510.0,MPa,Yield strength,293.0,MPa,Ductility,32.0,%,0.0,0.0,0.2,0.0,0.0,0.0,0.0,0.0,0.0,0.0,0.04,0.05,0.0,0.0,0.0,0.0,0.0,0.85,98.86,0.0,0.0,0.0,0.0,0.0,0.0,0.0,0.0,0.0,0.0,0.0,0.0,0.0,0.0,0.0,0.0,0.0,,,"Mock Carburized At 910C (1670F) For 8 Hours, 775C (1430F) Reheat, Water Quenched, 175C (350F) Temper, 100 mm (4 In.) Round","Mock Carburized At 910C (1670F) For 8 Hours, 775C (1430F) Reheat, Water Quenched, 175C (350F) Temper, 100 mm (4 In.) Round",1653,8,Carburized – quenched (oil) – wear-resistant surface steel (variant),8
,,,1,Steel database with labelled clusters,,,AISI 8640 Steel,Ultimate tensile strength,793.0,MPa,Yield strength,655.0,MPa,Ductility,21.0,%,0.0,0.0,0.405,0.0,0.0,0.0,0.0,0.0,0.0,0.2249999999999999,0.035,0.04,0.0,0.0,0.0,0.0,0.5,0.875,97.17,0.0,0.55,0.0,0.0,0.0,0.0,0.0,0.0,0.2,0.0,0.0,0.0,0.0,0.0,0.0,0.0,0.0,,,"Oil Quenched 845C (1550F), 650C (1200F) Temper, 75 mm Round","Oil Quenched 845C (1550F), 650C (1200F) Temper, 75 mm Round",908,6,Quenched (oil) & tempered – high-strength structural steel,6
,,,1,Steel database with labelled clusters,,,AISI Grade 18Ni (200) Maraging Steel,Ultimate tensile strength,1874.0,MPa,Yield strength,1830.0,MPa,Ductility,8.0,%,0.0,0.0,0.03,0.0,0.0,0.0,0.0,0.0,0.1,0.1,0.01,0.01,0.0,0.0,0.2,0.0,0.0,0.1,69.19,8.5,18.5,0.0,0.0,0.0,0.0,0.01,0.0,3.25,0.0,0.0,0.0,0.0,0.0,0.0,0.0,0.0,,,"Aged, 6 mm Square Bar, Tested In Transverse Direction","Aged, 6 mm Square Bar, Tested In Transverse Direction",1034,2,Quenched (oil) – general-purpose steel (tested),2
,,,1,Steel database with labelled clusters,,,AISI 4027 Steel,Ultimate tensile strength,896.0,MPa,Yield strength,800.0,MPa,Ductility,20.0,%,0.0,0.0,0.275,0.0,0.0,0.0,0.0,0.0,0.0,0.25,0.035,0.04,0.0,0.0,0.0,0.0,0.0,0.8,98.35,0.0,0.0,0.0,0.0,0.0,0.0,0.0,0.0,0.25,0.0,0.0,0.0,0.0,0.0,0.0,0.0,0.0,,,"Water Quenched 865C (1590F), 595C (1100F) Temper, 14 mm (0.55 In.) Round","Water Quenched 865C (1590F), 595C (1100F) Temper, 14 mm (0.55 In.) Round",112,10,Quenched (water) & tempered – high-strength structural steel,10
,,,1,Steel database with labelled clusters,,,Cast Stainless Steel CF8,Ultimate tensile strength,485.0,MPa,Yield strength,205.0,MPa,Ductility,35.0,%,0.0,0.0,0.08,0.0,0.0,0.0,0.0,0.0,0.0,2.0,0.04,0.04,0.0,0.0,0.0,0.0,19.5,1.5,67.34,0.0,9.5,0.0,0.0,0.0,0.0,0.0,0.0,0.0,0.0,0.0,0.0,0.0,0.0,0.0,0.0,0.0,,,Astm A744,Astm A744,1148,2,Quenched (oil) – general-purpose steel (tested),2
,,,1,Steel database with labelled clusters,,,AISI 8620H Steel,Ultimate tensile strength,660.0,MPa,Yield strength,370.0,MPa,Ductility,26.0,%,0.0,0.0,0.205,0.0,0.0,0.0,0.0,0.0,0.0,0.25,0.035,0.04,0.0,0.0,0.0,0.0,0.5,0.7749999999999999,97.445,0.0,0.55,0.0,0.0,0.0,0.0,0.0,0.0,0.2,0.0,0.0,0.0,0.0,0.0,0.0,0.0,0.0,,,"Normalized (Heated To 915C Air Cooled), 13 mm (0.5 In.) Round","Normalized (Heated To 915C Air Cooled), 13 mm (0.5 In.) Round",768,4,Normalized (air cooled) – general-purpose steel,4
,,,1,Steel database with labelled clusters,,,ASTM A424 Steel,Ultimate tensile strength,310.0,MPa,Yield strength,170.0,MPa,Ductility,42.0,%,0.0,0.0,0.008,0.0,0.0,0.0,0.0,0.0,0.0,0.0,0.0,0.04,0.0,0.0,0.0,0.0,0.0,0.6,99.352,0.0,0.0,0.0,0.0,0.0,0.0,0.0,0.0,0.0,0.0,0.0,0.0,0.0,0.0,0.0,0.0,0.0,,,"Type I, Direct Cover Coat","Type I, Direct Cover Coat",1175,2,Quenched (oil) – general-purpose steel (tested),2
,,,1,Steel database with labelled clusters,,,AISI 1022 Steel,Ultimate tensile strength,560.0,MPa,Yield strength,355.0,MPa,Ductility,31.0,%,0.0,0.0,0.2,0.0,0.0,0.0,0.0,0.0,0.0,0.0,0.04,0.05,0.0,0.0,0.0,0.0,0.0,0.85,98.86,0.0,0.0,0.0,0.0,0.0,0.0,0.0,0.0,0.0,0.0,0.0,0.0,0.0,0.0,0.0,0.0,0.0,,,"Heat Treated, Reheated To 775C, 25 mm (1 In.) Round","Heat Treated, Reheated To 775C, 25 mm (1 In.) Round",1535,0,Carburized – quenched (oil) – wear-resistant surface steel,0
,,,1,Steel database with labelled clusters,,,ASTM A734 Low Alloy Steel,Ultimate tensile strength,530.0,MPa,Yield strength,450.0,MPa,Ductility,20.0,%,0.0,0.0,0.17,0.03,0.0,0.0,0.0,0.0,0.06,0.4,0.04,0.02,0.0,0.0,0.0,0.11,0.0,1.6,96.67,0.0,0.35,0.25,0.0,0.0,0.0,0.0,0.05,0.25,0.0,0.0,0.0,0.0,0.0,0.0,0.0,0.0,,,Grade B,Grade B,1359,1,Hot rolled – general construction steel,1
,,,1,Steel database with labelled clusters,,,AISI 4118 Steel,Ultimate tensile strength,869.0,MPa,Yield strength,440.0,MPa,Ductility,21.0,%,0.0,0.0,0.205,0.0,0.0,0.0,0.0,0.0,0.0,0.25,0.035,0.04,0.0,0.0,0.0,0.0,0.5,0.8,98.055,0.0,0.0,0.0,0.0,0.0,0.0,0.0,0.0,0.1149999999999999,0.0,0.0,0.0,0.0,0.0,0.0,0.0,0.0,,,"Double Quenched And Tempered, Carburized, 150C (300F) Temper","Double Quenched And Tempered, Carburized, 150C (300F) Temper",71,5,Carburized – quenched (oil) – wear-resistant surface steel (variant),5
,,,1,Steel database with labelled clusters,,,ASTM A515 Carbon Steel,Ultimate tensile strength,380.0,MPa,Yield strength,205.0,MPa,Ductility,23.0,%,0.0,0.0,0.28,0.0,0.0,0.0,0.0,0.0,0.0,0.275,0.04,0.04,0.0,0.0,0.0,0.0,0.0,0.9,98.465,0.0,0.0,0.0,0.0,0.0,0.0,0.0,0.0,0.0,0.0,0.0,0.0,0.0,0.0,0.0,0.0,0.0,,,Grade 55,Grade 55,1337,1,Hot rolled – general construction steel,1
,,,1,Steel database with labelled clusters,,,AISI Grade 18Ni (350) Maraging Steel,Ultimate tensile strength,2415.0,MPa,Yield strength,2363.0,MPa,Ductility,7.0,%,0.0,0.0,0.03,0.0,0.0,0.0,0.0,0.0,0.1,0.1,0.01,0.01,0.0,0.0,1.4,0.0,0.0,0.1,62.94,12.0,18.5,0.0,0.0,0.0,0.0,0.01,0.0,4.8,0.0,0.0,0.0,0.0,0.0,0.0,0.0,0.0,,,"Aged, At Rt, Tested Longitudinal, Round Bar 16 mm","Aged, At Rt, Tested Longitudinal, Round Bar 16 mm",1080,2,Quenched (oil) – general-purpose steel (tested),2
,,,1,Steel database with labelled clusters,,,AISI 1137 Steel,Ultimate tensile strength,585.0,MPa,Yield strength,345.0,MPa,Ductility,27.0,%,0.0,0.0,0.355,0.0,0.0,0.0,0.0,0.0,0.0,0.0,0.04,0.105,0.0,0.0,0.0,0.0,0.0,1.5,98.0,0.0,0.0,0.0,0.0,0.0,0.0,0.0,0.0,0.0,0.0,0.0,0.0,0.0,0.0,0.0,0.0,0.0,,,Annealed At 790C (1450F),Annealed At 790C (1450F),1789,7,Annealed – easy-to-machine – round annealed stock,7
,,,1,Steel database with labelled clusters,,,AISI 1095 Steel,Ultimate tensile strength,910.0,MPa,Yield strength,400.0,MPa,Ductility,9.0,%,0.0,0.0,0.965,0.0,0.0,0.0,0.0,0.0,0.0,0.0,0.04,0.05,0.0,0.0,0.0,0.0,0.0,0.4,98.545,0.0,0.0,0.0,0.0,0.0,0.0,0.0,0.0,0.0,0.0,0.0,0.0,0.0,0.0,0.0,0.0,0.0,,,"Normalized At 900C (1650F), Air Cooled, 50 mm (2 In.) Round","Normalized At 900C (1650F), Air Cooled, 50 mm (2 In.) Round",1772,4,Normalized (air cooled) – general-purpose steel,4
,,,1,Steel database with labelled clusters,,,ASTM A131 Steel,Ultimate tensile strength,470.0,MPa,Yield strength,315.0,MPa,Ductility,19.0,%,0.0,0.0,0.18,0.0,0.0,0.0,0.0,0.0,0.0,0.3,0.04,0.05,0.0,0.0,0.0,0.1,0.25,1.25,96.95,0.0,0.4,0.35,0.0,0.0,0.0,0.0,0.05,0.08,0.0,0.0,0.0,0.0,0.0,0.0,0.0,0.0,,,Grade Eh32,Grade Eh32,1265,1,Hot rolled – general construction steel,1
,,,1,Steel database with labelled clusters,,,AISI 1012 Steel,Ultimate tensile strength,330.0,MPa,Yield strength,185.0,MPa,Ductility,28.0,%,0.0,0.0,0.125,0.0,0.0,0.0,0.0,0.0,0.0,0.0,0.04,0.05,0.0,0.0,0.0,0.0,0.0,0.4499999999999999,99.335,0.0,0.0,0.0,0.0,0.0,0.0,0.0,0.0,0.0,0.0,0.0,0.0,0.0,0.0,0.0,0.0,0.0,,,"Hot Rolled Bar, 19-32 mm (0.75-1.25 In) Round Or Thickness","Hot Rolled Bar, 19-32 mm (0.75-1.25 In) Round Or Thickness",1456,2,Quenched (oil) – general-purpose steel (tested),2
,,,1,Steel database with labelled clusters,,,ASTM A572 Steel,Ultimate tensile strength,415.0,MPa,Yield strength,310.0,MPa,Ductility,22.0,%,0.0,0.0,0.22,0.0,0.0,0.0,0.0,0.0,0.0,0.4,0.04,0.05,0.0,0.0,0.0,0.0,0.0,1.35,97.94,0.0,0.0,0.0,0.0,0.0,0.0,0.0,0.0,0.0,0.0,0.0,0.0,0.0,0.0,0.0,0.0,0.0,,,Grade 45,Grade 45,1514,1,Hot rolled – general construction steel,1
,,,1,Steel database with labelled clusters,,,AISI Grade 18Ni (250) Maraging Steel,Ultimate tensile strength,965.0,MPa,Yield strength,655.0,MPa,Ductility,17.0,%,0.0,0.0,0.03,0.0,0.0,0.0,0.0,0.0,0.1,0.1,0.01,0.01,0.0,0.0,0.4,0.0,0.0,0.1,68.44,7.5,18.5,0.0,0.0,0.0,0.0,0.01,0.0,4.8,0.0,0.0,0.0,0.0,0.0,0.0,0.0,0.0,,,Nominal Annealed Properties,Nominal Annealed Properties,1048,7,Annealed – easy-to-machine – round annealed stock,7
,,,1,Steel database with labelled clusters,,,AISI 8620 Steel,Ultimate tensile strength,1296.0,MPa,Yield strength,1035.0,MPa,Ductility,11.0,%,0.0,0.0,0.205,0.0,0.0,0.0,0.0,0.0,0.0,0.25,0.035,0.04,0.0,0.0,0.0,0.0,0.5,0.8,97.42,0.0,0.55,0.0,0.0,0.0,0.0,0.0,0.0,0.2,0.0,0.0,0.0,0.0,0.0,0.0,0.0,0.0,,,"Cooled In Carburizing Box, Reheated And Quenched, 13 mm (0.5 In.) Round","Cooled In Carburizing Box, Reheated And Quenched, 13 mm (0.5 In.) Round",681,8,Carburized – quenched (oil) – wear-resistant surface steel (variant),8
,,,1,Steel database with labelled clusters,,,ASTM A570 Steel,Ultimate tensile strength,360.0,MPa,Yield strength,230.0,MPa,Ductility,16.0,%,0.0,0.0,0.25,0.0,0.0,0.0,0.0,0.0,0.0,0.0,0.04,0.05,0.0,0.0,0.0,0.0,0.0,0.9,98.56,0.0,0.0,0.2,0.0,0.0,0.0,0.0,0.0,0.0,0.0,0.0,0.0,0.0,0.0,0.0,0.0,0.0,,,Grade 33,Grade 33,1247,1,Hot rolled – general construction steel,1
,,,1,Steel database with labelled clusters,,,ASTM A710 Steel,Ultimate tensile strength,450.0,MPa,Yield strength,380.0,MPa,Ductility,20.0,%,0.0,0.0,0.07,0.0,0.0,0.0,0.0,0.0,0.0,0.4,0.025,0.025,0.0,0.0,0.0,0.0,0.75,0.55,95.96,0.0,0.85,1.15,0.0,0.0,0.0,0.0,0.02,0.2,0.0,0.0,0.0,0.0,0.0,0.0,0.0,0.0,,,"Grade A, Class 2, Thickness > 50 mm","Grade A, Class 2, Thickness > 50 mm",1121,1,Hot rolled – general construction steel,1
,,,1,Steel database with labelled clusters,,,AISI 4419 Steel,Ultimate tensile strength,595.0,MPa,Yield strength,365.0,MPa,Ductility,27.0,%,0.0,0.0,0.205,0.0,0.0,0.0,0.0,0.0,0.0,0.25,0.035,0.04,0.0,0.0,0.0,0.0,0.0,0.55,98.395,0.0,0.0,0.0,0.0,0.0,0.0,0.0,0.0,0.525,0.0,0.0,0.0,0.0,0.0,0.0,0.0,0.0,,,"Mock Carburized, 150C (300F) Temper, 100 mm (4 In.) Round","Mock Carburized, 150C (300F) Temper, 100 mm (4 In.) Round",211,8,Carburized – quenched (oil) – wear-resistant surface steel (variant),8
,,,1,Steel database with labelled clusters,,,AISI 4820 Steel,Ultimate tensile strength,772.0,MPa,Yield strength,495.0,MPa,Ductility,26.0,%,0.0,0.0,0.205,0.0,0.0,0.0,0.0,0.0,0.0,0.2249999999999999,0.035,0.04,0.0,0.0,0.0,0.0,0.0,0.6,95.145,0.0,3.5,0.0,0.0,0.0,0.0,0.0,0.0,0.25,0.0,0.0,0.0,0.0,0.0,0.0,0.0,0.0,,,"Normalized 860C (1580F), 13 mm (0.5 In.) Round","Normalized 860C (1580F), 13 mm (0.5 In.) Round",486,4,Normalized (air cooled) – general-purpose steel,4
,,,1,Steel database with labelled clusters,,,AISI 4718 Steel,Ultimate tensile strength,1096.0,MPa,Yield strength,724.0,MPa,Ductility,16.0,%,0.0,0.0,0.185,0.0,0.0,0.0,0.0,0.0,0.0,0.275,0.04,0.04,0.0,0.0,0.0,0.0,0.45,0.8,96.81,0.0,1.05,0.0,0.0,0.0,0.0,0.0,0.0,0.35,0.0,0.0,0.0,0.0,0.0,0.0,0.0,0.0,,,"Pseudocarburized, Reheated To 850C (1560F) And Oil Quenched, 150C (300F) Temper, 25 mm Round","Pseudocarburized, Reheated To 850C (1560F) And Oil Quenched, 150C (300F) Temper, 25 mm Round",412,0,Carburized – quenched (oil) – wear-resistant surface steel,0
,,,1,Steel database with labelled clusters,,,AISI 5120H Steel,Ultimate tensile strength,910.0,MPa,Yield strength,717.0,MPa,Ductility,15.0,%,0.0,0.0,0.2,0.0,0.0,0.0,0.0,0.0,0.0,0.2249999999999999,0.035,0.04,0.0,0.0,0.0,0.0,0.8,0.8,97.9,0.0,0.0,0.0,0.0,0.0,0.0,0.0,0.0,0.0,0.0,0.0,0.0,0.0,0.0,0.0,0.0,0.0,,,"Heat Treated, Machined To 13.7 mm, Pseudocarburized, Reheated To 800C (1470F), 150C (300F) Temper","Heat Treated, Machined To 13.7 mm, Pseudocarburized, Reheated To 800C (1470F), 150C (300F) Temper",610,0,Carburized – quenched (oil) – wear-resistant surface steel,0
,,,1,Steel database with labelled clusters,,,AISI 5140H Steel,Ultimate tensile strength,807.0,MPa,Yield strength,650.0,MPa,Ductility,22.0,%,0.0,0.0,0.405,0.0,0.0,0.0,0.0,0.0,0.0,0.2249999999999999,0.035,0.04,0.0,0.0,0.0,0.0,0.8,0.8,97.695,0.0,0.0,0.0,0.0,0.0,0.0,0.0,0.0,0.0,0.0,0.0,0.0,0.0,0.0,0.0,0.0,0.0,,,"Oil Quenched 845C (1550F), 650C (1200F) Temper, 25 mm (1 In.) Round","Oil Quenched 845C (1550F), 650C (1200F) Temper, 25 mm (1 In.) Round",527,6,Quenched (oil) & tempered – high-strength structural steel,6
,,,1,Steel database with labelled clusters,,,ASTM A607 Steel,Ultimate tensile strength,450.0,MPa,Yield strength,345.0,MPa,Ductility,22.0,%,0.0,0.0,0.23,0.0,0.0,0.0,0.0,0.0,0.0,0.0,0.04,0.05,0.0,0.0,0.0,0.0,0.0,1.35,98.33,0.0,0.0,0.0,0.0,0.0,0.0,0.0,0.0,0.0,0.0,0.0,0.0,0.0,0.0,0.0,0.0,0.0,,,"Grade 50, Hot Rolled","Grade 50, Hot Rolled",1473,1,Hot rolled – general construction steel,1
,,,1,Steel database with labelled clusters,,,AISI 1144 Steel,Ultimate tensile strength,670.0,MPa,Yield strength,400.0,MPa,Ductility,21.0,%,0.0,0.0,0.44,0.0,0.0,0.0,0.0,0.0,0.0,0.0,0.04,0.285,0.0,0.0,0.0,0.0,0.0,1.5,97.735,0.0,0.0,0.0,0.0,0.0,0.0,0.0,0.0,0.0,0.0,0.0,0.0,0.0,0.0,0.0,0.0,0.0,,,Normalized At 900C (1650F),Normalized At 900C (1650F),1997,4,Normalized (air cooled) – general-purpose steel,4
,,,1,Steel database with labelled clusters,,,AISI 1050 Steel,Ultimate tensile strength,635.0,MPa,Yield strength,365.0,MPa,Ductility,24.0,%,0.0,0.0,0.51,0.0,0.0,0.0,0.0,0.0,0.0,0.0,0.04,0.05,0.0,0.0,0.0,0.0,0.0,0.75,98.65,0.0,0.0,0.0,0.0,0.0,0.0,0.0,0.0,0.0,0.0,0.0,0.0,0.0,0.0,0.0,0.0,0.0,,,Annealed At 790C (1450F),Annealed At 790C (1450F),1627,7,Annealed – easy-to-machine – round annealed stock,7
,,,1,Steel database with labelled clusters,,,ASTM A500 Steel,Ultimate tensile strength,310.0,MPa,Yield strength,230.0,MPa,Ductility,25.0,%,0.0,0.0,0.3,0.0,0.0,0.0,0.0,0.0,0.0,0.0,0.05,0.063,0.0,0.0,0.0,0.0,0.0,0.0,99.407,0.0,0.0,0.18,0.0,0.0,0.0,0.0,0.0,0.0,0.0,0.0,0.0,0.0,0.0,0.0,0.0,0.0,,,"Grade A, Round Structural Tubing","Grade A, Round Structural Tubing",1185,2,Quenched (oil) – general-purpose steel (tested),2
,,,1,Steel database with labelled clusters,,,AISI 1039 Steel,Ultimate tensile strength,545.0,MPa,Yield strength,300.0,MPa,Ductility,16.0,%,0.0,0.0,0.4,0.0,0.0,0.0,0.0,0.0,0.0,0.0,0.04,0.05,0.0,0.0,0.0,0.0,0.0,0.85,98.66,0.0,0.0,0.0,0.0,0.0,0.0,0.0,0.0,0.0,0.0,0.0,0.0,0.0,0.0,0.0,0.0,0.0,,,"Hot Rolled, 19-32 mm (0.75-1.25 In) Round","Hot Rolled, 19-32 mm (0.75-1.25 In) Round",1563,3,Normalized – easy-to-machine stock (cold drawn),3
,,,1,Steel database with labelled clusters,,,AISI 6150 Steel,Ultimate tensile strength,1020.0,MPa,Yield strength,910.0,MPa,Ductility,17.0,%,0.0,0.0,0.505,0.0,0.0,0.0,0.0,0.0,0.0,0.2249999999999999,0.035,0.04,0.0,0.0,0.0,0.15,0.95,0.8,97.295,0.0,0.0,0.0,0.0,0.0,0.0,0.0,0.0,0.0,0.0,0.0,0.0,0.0,0.0,0.0,0.0,0.0,,,"Oil Quenched 845C (1550F), 595C (1100F) Temper, 50 mm (2 In.) Round","Oil Quenched 845C (1550F), 595C (1100F) Temper, 50 mm (2 In.) Round",708,6,Quenched (oil) & tempered – high-strength structural steel,6
,,,1,Steel database with labelled clusters,,,AISI 5140 Steel,Ultimate tensile strength,793.0,MPa,Yield strength,475.0,MPa,Ductility,22.0,%,0.0,0.0,0.405,0.0,0.0,0.0,0.0,0.0,0.0,0.2249999999999999,0.035,0.04,0.0,0.0,0.0,0.0,0.8,0.8,97.695,0.0,0.0,0.0,0.0,0.0,0.0,0.0,0.0,0.0,0.0,0.0,0.0,0.0,0.0,0.0,0.0,0.0,,,Normalized 870C (1600F),Normalized 870C (1600F),553,4,Normalized (air cooled) – general-purpose steel,4
,,,1,Steel database with labelled clusters,,,AISI 4150H Steel,Ultimate tensile strength,931.0,MPa,Yield strength,814.0,MPa,Ductility,20.0,%,0.0,0.0,0.505,0.0,0.0,0.0,0.0,0.0,0.0,0.2249999999999999,0.035,0.04,0.0,0.0,0.0,0.0,0.975,0.875,97.145,0.0,0.0,0.0,0.0,0.0,0.0,0.0,0.0,0.2,0.0,0.0,0.0,0.0,0.0,0.0,0.0,0.0,,,"Oil Quenched 830C (1525F), 650C (1200F) Temper, 50 mm (2 In.) Round","Oil Quenched 830C (1525F), 650C (1200F) Temper, 50 mm (2 In.) Round",345,6,Quenched (oil) & tempered – high-strength structural steel,6
,,,1,Steel database with labelled clusters,,,AISI 9255 Steel,Ultimate tensile strength,1170.0,MPa,Yield strength,1007.0,MPa,Ductility,14.0,%,0.0,0.0,0.55,0.0,0.0,0.0,0.0,0.0,0.0,2.0,0.035,0.04,0.0,0.0,0.0,0.0,0.0,0.825,96.55,0.0,0.0,0.0,0.0,0.0,0.0,0.0,0.0,0.0,0.0,0.0,0.0,0.0,0.0,0.0,0.0,0.0,,,"Oil Quenched From 885C (1625F), 540C (1000F) Temper, 13 mm (0.5 In.) Round","Oil Quenched From 885C (1625F), 540C (1000F) Temper, 13 mm (0.5 In.) Round",1007,6,Quenched (oil) & tempered – high-strength structural steel,6
,,,1,Steel database with labelled clusters,,,AISI E9310H Steel,Ultimate tensile strength,1227.0,MPa,Yield strength,979.0,MPa,Ductility,15.0,%,0.0,0.0,0.1,0.0,0.0,0.0,0.0,0.0,0.0,0.2249999999999999,0.0,0.05,0.0,0.0,0.0,0.0,1.225,0.55,94.485,0.0,3.25,0.0,0.0,0.0,0.0,0.0,0.0,0.1149999999999999,0.0,0.0,0.0,0.0,0.0,0.0,0.0,0.0,,,"Mock Carburized, 790C (1450F) Reheat, 230C (450F) Temper, 13 mm (0.5 In.) Round","Mock Carburized, 790C (1450F) Reheat, 230C (450F) Temper, 13 mm (0.5 In.) Round",988,8,Carburized – quenched (oil) – wear-resistant surface steel (variant),8
,,,1,Steel database with labelled clusters,,,ASTM A699 Steel,Ultimate tensile strength,620.0,MPa,Yield strength,485.0,MPa,Ductility,18.0,%,0.0,0.0,0.06,0.0,0.0,0.0,0.0,0.0,0.0,0.0,0.04,0.025,0.0,0.0,0.0,0.0,0.0,1.55,97.965,0.0,0.0,0.0,0.0,0.0,0.0,0.0,0.06,0.3,0.0,0.0,0.0,0.0,0.0,0.0,0.0,0.0,,,Class 1,Class 1,1339,1,Hot rolled – general construction steel,1
,,,1,Steel database with labelled clusters,,,AISI 1022 Steel,Ultimate tensile strength,484.0,MPa,Yield strength,360.0,MPa,Ductility,33.0,%,0.0,0.0,0.2,0.0,0.0,0.0,0.0,0.0,0.0,0.0,0.04,0.05,0.0,0.0,0.0,0.0,0.0,0.85,98.86,0.0,0.0,0.0,0.0,0.0,0.0,0.0,0.0,0.0,0.0,0.0,0.0,0.0,0.0,0.0,0.0,0.0,,,"Cold Rolled, 25 mm (1 In.) Round","Cold Rolled, 25 mm (1 In.) Round",1496,3,Normalized – easy-to-machine stock (cold drawn),3
,,,1,Steel database with labelled clusters,,,AISI 1055 Steel,Ultimate tensile strength,660.0,MPa,Yield strength,560.0,MPa,Ductility,10.0,%,0.0,0.0,0.55,0.0,0.0,0.0,0.0,0.0,0.0,0.0,0.04,0.05,0.0,0.0,0.0,0.0,0.0,0.75,98.61,0.0,0.0,0.0,0.0,0.0,0.0,0.0,0.0,0.0,0.0,0.0,0.0,0.0,0.0,0.0,0.0,0.0,,,"Cold Drawn, Annealed, 19-32 mm (0.75-1.25 In) Round","Cold Drawn, Annealed, 19-32 mm (0.75-1.25 In) Round",1616,3,Normalized – easy-to-machine stock (cold drawn),3
,,,1,Steel database with labelled clusters,,,AISI 1141 Steel,Ultimate tensile strength,725.0,MPa,Yield strength,655.0,MPa,Ductility,11.0,%,0.0,0.0,0.41,0.0,0.0,0.0,0.0,0.0,0.0,0.0,0.04,0.105,0.0,0.0,0.0,0.0,0.0,1.5,97.945,0.0,0.0,0.0,0.0,0.0,0.0,0.0,0.0,0.0,0.0,0.0,0.0,0.0,0.0,0.0,0.0,0.0,,,"As Cold Drawn, 16-22 mm (0.625-0.875 In) Round","As Cold Drawn, 16-22 mm (0.625-0.875 In) Round",1925,3,Normalized – easy-to-machine stock (cold drawn),3
,,,1,Steel database with labelled clusters,,,AISI 4130 Steel,Ultimate tensile strength,560.0,MPa,Yield strength,360.0,MPa,Ductility,28.0,%,0.0,0.0,0.305,0.0,0.0,0.0,0.0,0.0,0.0,0.2249999999999999,0.035,0.04,0.0,0.0,0.0,0.0,0.95,0.5,97.745,0.0,0.0,0.0,0.0,0.0,0.0,0.0,0.0,0.2,0.0,0.0,0.0,0.0,0.0,0.0,0.0,0.0,,,Annealed At 865C (1590F),Annealed At 865C (1590F),121,7,Annealed – easy-to-machine – round annealed stock,7
,,,1,Steel database with labelled clusters,,,ASTM A500 Steel,Ultimate tensile strength,400.0,MPa,Yield strength,315.0,MPa,Ductility,23.0,%,0.0,0.0,0.3,0.0,0.0,0.0,0.0,0.0,0.0,0.0,0.05,0.063,0.0,0.0,0.0,0.0,0.0,0.0,99.407,0.0,0.0,0.18,0.0,0.0,0.0,0.0,0.0,0.0,0.0,0.0,0.0,0.0,0.0,0.0,0.0,0.0,,,"Grade B, Shaped Structural Tubing","Grade B, Shaped Structural Tubing",1249,2,Quenched (oil) – general-purpose steel (tested),2
,,,1,Steel database with labelled clusters,,,AISI 1020 Steel,Ultimate tensile strength,475.0,MPa,Yield strength,275.0,MPa,Ductility,38.0,%,0.0,0.0,0.2,0.0,0.0,0.0,0.0,0.0,0.0,0.0,0.04,0.05,0.0,0.0,0.0,0.0,0.0,0.4499999999999999,99.26,0.0,0.0,0.0,0.0,0.0,0.0,0.0,0.0,0.0,0.0,0.0,0.0,0.0,0.0,0.0,0.0,0.0,,,"Hot Rolled, Quenched And Tempered, 0.2% Offset, 19-32 mm (0.75-1.25 In) Round","Hot Rolled, Quenched And Tempered, 0.2% Offset, 19-32 mm (0.75-1.25 In) Round",1487,2,Quenched (oil) – general-purpose steel (tested),2
,,,1,Steel database with labelled clusters,,,AISI 1050 Steel,Ultimate tensile strength,743.0,MPa,Yield strength,472.0,MPa,Ductility,24.0,%,0.0,0.0,0.51,0.0,0.0,0.0,0.0,0.0,0.0,0.0,0.04,0.05,0.0,0.0,0.0,0.0,0.0,0.75,98.65,0.0,0.0,0.0,0.0,0.0,0.0,0.0,0.0,0.0,0.0,0.0,0.0,0.0,0.0,0.0,0.0,0.0,,,"Water Quenched From 830C (1525F), 650C (1200F) Temper, 50 mm (2 In.) Round","Water Quenched From 830C (1525F), 650C (1200F) Temper, 50 mm (2 In.) Round",1792,10,Quenched (water) & tempered – high-strength structural steel,10
,,,1,Steel database with labelled clusters,,,AISI 1340H Steel,Ultimate tensile strength,827.0,MPa,Yield strength,496.0,MPa,Ductility,21.0,%,0.0,0.0,0.405,0.0,0.0,0.0,0.0,0.0,0.0,0.25,0.035,0.04,0.0,0.0,0.0,0.0,0.0,1.75,97.52,0.0,0.0,0.0,0.0,0.0,0.0,0.0,0.0,0.0,0.0,0.0,0.0,0.0,0.0,0.0,0.0,0.0,,,"Normalized At 870C (1600F), Air Cooled, 100 mm (4 In.) Round","Normalized At 870C (1600F), Air Cooled, 100 mm (4 In.) Round",1069,4,Normalized (air cooled) – general-purpose steel,4
,,,1,Steel database with labelled clusters,,,AISI 4320H Steel,Ultimate tensile strength,1005.0,MPa,Yield strength,650.0,MPa,Ductility,21.0,%,0.0,0.0,0.2,0.0,0.0,0.0,0.0,0.0,0.0,0.2249999999999999,0.035,0.04,0.0,0.0,0.0,0.0,0.5,0.55,96.425,0.0,1.775,0.0,0.0,0.0,0.0,0.0,0.0,0.25,0.0,0.0,0.0,0.0,0.0,0.0,0.0,0.0,,,"Double Quenched And Tempered: (Carburized 925C (1700F) For 8 Hrs., Pot Cooled, Reheated To 815C (1500F), Quenched In Agitated Oil, Reheated To 775C (1425F), Quenched In Agitated Oil, 230C (450F) Temper); 1.9 mm Case Depth","Double Quenched And Tempered: (Carburized 925C (1700F) For 8 Hrs., Pot Cooled, Reheated To 815C (1500F), Quenched In Agitated Oil, Reheated To 775C (1425F), Quenched In Agitated Oil, 230C (450F) Temper); 1.9 mm Case Depth",240,5,Carburized – quenched (oil) – wear-resistant surface steel (variant),5
,,,1,Steel database with labelled clusters,,,AISI 5160 Steel,Ultimate tensile strength,724.0,MPa,Yield strength,275.0,MPa,Ductility,17.0,%,0.0,0.0,0.6000000000000001,0.0,0.0,0.0,0.0,0.0,0.0,0.2249999999999999,0.035,0.04,0.0,0.0,0.0,0.0,0.8,0.875,97.425,0.0,0.0,0.0,0.0,0.0,0.0,0.0,0.0,0.0,0.0,0.0,0.0,0.0,0.0,0.0,0.0,0.0,,,"Annealed, 25 mm (1 In.) Round","Annealed, 25 mm (1 In.) Round",747,3,Normalized – easy-to-machine stock (cold drawn),3
,,,1,Steel database with labelled clusters,,,AISI Grade 18Ni (250) Maraging Steel,Ultimate tensile strength,1844.0,MPa,Yield strength,1784.0,MPa,Ductility,11.0,%,0.0,0.0,0.03,0.0,0.0,0.0,0.0,0.0,0.1,0.1,0.01,0.01,0.0,0.0,0.4,0.0,0.0,0.1,68.44,7.5,18.5,0.0,0.0,0.0,0.0,0.01,0.0,4.8,0.0,0.0,0.0,0.0,0.0,0.0,0.0,0.0,,,"Aged, 32 mm Round Bar, Tested Longitudinal","Aged, 32 mm Round Bar, Tested Longitudinal",1085,2,Quenched (oil) – general-purpose steel (tested),2
,,,1,Steel database with labelled clusters,,,AISI 1137 Steel,Ultimate tensile strength,690.0,MPa,Yield strength,620.0,MPa,Ductility,11.0,%,0.0,0.0,0.355,0.0,0.0,0.0,0.0,0.0,0.0,0.0,0.04,0.105,0.0,0.0,0.0,0.0,0.0,1.5,98.0,0.0,0.0,0.0,0.0,0.0,0.0,0.0,0.0,0.0,0.0,0.0,0.0,0.0,0.0,0.0,0.0,0.0,,,"As Cold Drawn, 16-22 mm (0.625-0.875 In) Round","As Cold Drawn, 16-22 mm (0.625-0.875 In) Round",1802,3,Normalized – easy-to-machine stock (cold drawn),3
,,,1,Steel database with labelled clusters,,,AISI 5160 Steel,Ultimate tensile strength,889.0,MPa,Yield strength,765.0,MPa,Ductility,20.0,%,0.0,0.0,0.6000000000000001,0.0,0.0,0.0,0.0,0.0,0.0,0.2249999999999999,0.035,0.04,0.0,0.0,0.0,0.0,0.8,0.875,97.425,0.0,0.0,0.0,0.0,0.0,0.0,0.0,0.0,0.0,0.0,0.0,0.0,0.0,0.0,0.0,0.0,0.0,,,"Oil Quenched From 830C (1525F), 650C (1200F) Temper, 25 mm (1 In.) Round","Oil Quenched From 830C (1525F), 650C (1200F) Temper, 25 mm (1 In.) Round",631,6,Quenched (oil) & tempered – high-strength structural steel,6
,,,1,Steel database with labelled clusters,,,ASTM A302 Alloy Steel,Ultimate tensile strength,550.0,MPa,Yield strength,345.0,MPa,Ductility,15.0,%,0.0,0.0,0.25,0.0,0.0,0.0,0.0,0.0,0.0,0.275,0.04,0.04,0.0,0.0,0.0,0.0,0.0,1.325,97.545,0.0,0.0,0.0,0.0,0.0,0.0,0.0,0.0,0.525,0.0,0.0,0.0,0.0,0.0,0.0,0.0,0.0,,,Grade B,Grade B,1250,1,Hot rolled – general construction steel,1
,,,1,Steel database with labelled clusters,,,AISI 8650 Steel,Ultimate tensile strength,1255.0,MPa,Yield strength,1076.0,MPa,Ductility,22.0,%,0.0,0.0,0.505,0.0,0.0,0.0,0.0,0.0,0.0,0.2249999999999999,0.035,0.045,0.0,0.0,0.0,0.0,0.5,0.875,97.065,0.0,0.55,0.0,0.0,0.0,0.0,0.0,0.0,0.2,0.0,0.0,0.0,0.0,0.0,0.0,0.0,0.0,,,"Annealed, 25 mm (1 In.) Round","Annealed, 25 mm (1 In.) Round",844,3,Normalized – easy-to-machine stock (cold drawn),3
,,,1,Steel database with labelled clusters,,,AISI 8822 Steel,Ultimate tensile strength,1204.0,MPa,Yield strength,805.0,MPa,Ductility,14.0,%,0.0,0.0,0.225,0.0,0.0,0.0,0.0,0.0,0.0,0.2249999999999999,0.035,0.04,0.0,0.0,0.0,0.0,0.5,0.875,97.2,0.0,0.55,0.0,0.0,0.0,0.0,0.0,0.0,0.35,0.0,0.0,0.0,0.0,0.0,0.0,0.0,0.0,,,"Normalized, Machined To 25 mm (1 In.) Rounds, Pseudocarburized, 820C (1510F) Reheat, 150C (300F) Temper","Normalized, Machined To 25 mm (1 In.) Rounds, Pseudocarburized, 820C (1510F) Reheat, 150C (300F) Temper",1014,0,Carburized – quenched (oil) – wear-resistant surface steel,0
,,,1,Steel database with labelled clusters,,,AISI 4150 Steel,Ultimate tensile strength,1170.0,MPa,Yield strength,1076.0,MPa,Ductility,14.0,%,0.0,0.0,0.505,0.0,0.0,0.0,0.0,0.0,0.0,0.2249999999999999,0.035,0.04,0.0,0.0,0.0,0.0,0.95,0.875,97.17,0.0,0.0,0.0,0.0,0.0,0.0,0.0,0.0,0.2,0.0,0.0,0.0,0.0,0.0,0.0,0.0,0.0,,,"Oil Quenched 830C (1525F), 595C (1100F) Temper, 13 mm (0.5 In.) Round","Oil Quenched 830C (1525F), 595C (1100F) Temper, 13 mm (0.5 In.) Round",351,6,Quenched (oil) & tempered – high-strength structural steel,6
,,,1,Steel database with labelled clusters,,,AISI E9310 Steel,Ultimate tensile strength,820.0,MPa,Yield strength,450.0,MPa,Ductility,17.0,%,0.0,0.0,0.105,0.0,0.0,0.0,0.0,0.0,0.0,0.275,0.025,0.025,0.0,0.0,0.0,0.0,1.2,0.55,94.455,0.0,3.25,0.0,0.0,0.0,0.0,0.0,0.0,0.1149999999999999,0.0,0.0,0.0,0.0,0.0,0.0,0.0,0.0,,,"Annealed At 845C (1550F), 25 mm (1 In.) Round","Annealed At 845C (1550F), 25 mm (1 In.) Round",963,7,Annealed – easy-to-machine – round annealed stock,7
,,,1,Steel database with labelled clusters,,,AISI 8620 Steel,Ultimate tensile strength,807.0,MPa,Yield strength,505.0,MPa,Ductility,23.0,%,0.0,0.0,0.205,0.0,0.0,0.0,0.0,0.0,0.0,0.25,0.035,0.04,0.0,0.0,0.0,0.0,0.5,0.8,97.42,0.0,0.55,0.0,0.0,0.0,0.0,0.0,0.0,0.2,0.0,0.0,0.0,0.0,0.0,0.0,0.0,0.0,,,"Mock Carburized, Reheated And Quenched, 150C (300F) Temper, 50 mm (2 In.) Round","Mock Carburized, Reheated And Quenched, 150C (300F) Temper, 50 mm (2 In.) Round",706,8,Carburized – quenched (oil) – wear-resistant surface steel (variant),8
,,,1,Steel database with labelled clusters,,,AISI 8630 Steel,Ultimate tensile strength,827.0,MPa,Yield strength,689.0,MPa,Ductility,21.0,%,0.0,0.0,0.305,0.0,0.0,0.0,0.0,0.0,0.0,0.2249999999999999,0.035,0.04,0.0,0.0,0.0,0.0,0.5,0.8,97.345,0.0,0.55,0.0,0.0,0.0,0.0,0.0,0.0,0.2,0.0,0.0,0.0,0.0,0.0,0.0,0.0,0.0,,,"Water Quenched 845C (1550F), 540C (1000F) Temper, 50 mm (2 In.) Round","Water Quenched 845C (1550F), 540C (1000F) Temper, 50 mm (2 In.) Round",808,10,Quenched (water) & tempered – high-strength structural steel,10
,,,1,Steel database with labelled clusters,,,AISI 5140H Steel,Ultimate tensile strength,800.0,MPa,Yield strength,510.0,MPa,Ductility,22.0,%,0.0,0.0,0.405,0.0,0.0,0.0,0.0,0.0,0.0,0.2249999999999999,0.035,0.04,0.0,0.0,0.0,0.0,0.8,0.8,97.695,0.0,0.0,0.0,0.0,0.0,0.0,0.0,0.0,0.0,0.0,0.0,0.0,0.0,0.0,0.0,0.0,0.0,,,"Oil Quenched 845C (1550F), 595C (1100F) Temper, 100 mm (4 In.) Round","Oil Quenched 845C (1550F), 595C (1100F) Temper, 100 mm (4 In.) Round",632,6,Quenched (oil) & tempered – high-strength structural steel,6
,,,1,Steel database with labelled clusters,,,AISI 1045 Steel,Ultimate tensile strength,655.0,MPa,Yield strength,515.0,MPa,Ductility,15.0,%,0.0,0.0,0.4599999999999999,0.0,0.0,0.0,0.0,0.0,0.0,0.0,0.04,0.05,0.0,0.0,0.0,0.0,0.0,0.75,98.7,0.0,0.0,0.0,0.0,0.0,0.0,0.0,0.0,0.0,0.0,0.0,0.0,0.0,0.0,0.0,0.0,0.0,,,"Cold Drawn, High Temperature Stress Relieved, 22-32 mm (0.875-1.25 In) Round","Cold Drawn, High Temperature Stress Relieved, 22-32 mm (0.875-1.25 In) Round",1589,0,Carburized – quenched (oil) – wear-resistant surface steel,0
,,,1,Steel database with labelled clusters,,,AISI 8650H Steel,Ultimate tensile strength,1255.0,MPa,Yield strength,903.0,MPa,Ductility,10.0,%,0.0,0.0,0.505,0.0,0.0,0.0,0.0,0.0,0.0,0.25,0.035,0.045,0.0,0.0,0.0,0.0,0.5,0.875,97.04,0.0,0.55,0.0,0.0,0.0,0.0,0.0,0.0,0.2,0.0,0.0,0.0,0.0,0.0,0.0,0.0,0.0,,,"Normalized, 13 mm (0.5 In.) Round","Normalized, 13 mm (0.5 In.) Round",998,9,Normalized – general-purpose steel (round normalized stock),9
,,,1,Steel database with labelled clusters,,,AISI 8622 Steel,Ultimate tensile strength,1314.0,MPa,Yield strength,928.0,MPa,Ductility,12.0,%,0.0,0.0,0.225,0.0,0.0,0.0,0.0,0.0,0.0,0.2249999999999999,0.035,0.04,0.0,0.0,0.0,0.0,0.5,0.8,97.425,0.0,0.55,0.0,0.0,0.0,0.0,0.0,0.0,0.2,0.0,0.0,0.0,0.0,0.0,0.0,0.0,0.0,,,"Heat Treated, Machined To 25 mm (1 In.) Rounds, Pseudocarburized, 150C (300F) Temper","Heat Treated, Machined To 25 mm (1 In.) Rounds, Pseudocarburized, 150C (300F) Temper",965,0,Carburized – quenched (oil) – wear-resistant surface steel,0
,,,1,Steel database with labelled clusters,,,AISI 4140 Steel,Ultimate tensile strength,1150.0,MPa,Yield strength,1050.0,MPa,Ductility,17.0,%,0.0,0.0,0.405,0.0,0.0,0.0,0.0,0.0,0.0,0.25,0.035,0.04,0.0,0.0,0.0,0.0,0.95,0.875,97.245,0.0,0.0,0.0,0.0,0.0,0.0,0.0,0.0,0.2,0.0,0.0,0.0,0.0,0.0,0.0,0.0,0.0,,,"Normalized At 870C (1600F), Reheated To 845C (1550F), Oil Quenched, 540C (1000F) Temper, 25 mm (1 In.) Round","Normalized At 870C (1600F), Reheated To 845C (1550F), Oil Quenched, 540C (1000F) Temper, 25 mm (1 In.) Round",66,0,Carburized – quenched (oil) – wear-resistant surface steel,0
,,,1,Steel database with labelled clusters,,,AISI 8630 Steel,Ultimate tensile strength,765.0,MPa,Yield strength,615.0,MPa,Ductility,22.0,%,0.0,0.0,0.305,0.0,0.0,0.0,0.0,0.0,0.0,0.2249999999999999,0.035,0.04,0.0,0.0,0.0,0.0,0.5,0.8,97.345,0.0,0.55,0.0,0.0,0.0,0.0,0.0,0.0,0.2,0.0,0.0,0.0,0.0,0.0,0.0,0.0,0.0,,,"Water Quenched 845C (1550F), 595C (1100F) Temper, 50 mm (2 In.) Round","Water Quenched 845C (1550F), 595C (1100F) Temper, 50 mm (2 In.) Round",1002,10,Quenched (water) & tempered – high-strength structural steel,10
,,,1,Steel database with labelled clusters,,,AISI 1086 Steel,Ultimate tensile strength,669.0,MPa,Yield strength,510.0,MPa,Ductility,10.0,%,0.0,0.0,0.865,0.0,0.0,0.0,0.0,0.0,0.0,0.0,0.04,0.05,0.0,0.0,0.0,0.0,0.0,0.4,98.645,0.0,0.0,0.0,0.0,0.0,0.0,0.0,0.0,0.0,0.0,0.0,0.0,0.0,0.0,0.0,0.0,0.0,,,Spheroidized Annealed And Cold Drawn Bar (Uns G10860),Spheroidized Annealed And Cold Drawn Bar (Uns G10860),1823,2,Quenched (oil) – general-purpose steel (tested),2
,,,1,Steel database with labelled clusters,,,AISI 1040 Steel,Ultimate tensile strength,590.0,MPa,Yield strength,374.0,MPa,Ductility,28.0,%,0.0,0.0,0.405,0.0,0.0,0.0,0.0,0.0,0.0,0.0,0.04,0.05,0.0,0.0,0.0,0.0,0.0,0.75,98.755,0.0,0.0,0.0,0.0,0.0,0.0,0.0,0.0,0.0,0.0,0.0,0.0,0.0,0.0,0.0,0.0,0.0,,,"Normalized At 900C (1650F), Air Cooled, 25 mm (1 In.) Round","Normalized At 900C (1650F), Air Cooled, 25 mm (1 In.) Round",1639,4,Normalized (air cooled) – general-purpose steel,4
,,,1,Steel database with labelled clusters,,,ASTM A736 Low Alloy Steel,Ultimate tensile strength,415.0,MPa,Yield strength,345.0,MPa,Ductility,20.0,%,0.0,0.0,0.07,0.0,0.0,0.0,0.0,0.0,0.0,0.4,0.03,0.03,0.0,0.0,0.0,0.0,0.75,0.55,96.15,0.0,0.85,1.15,0.0,0.0,0.0,0.0,0.02,0.0,0.0,0.0,0.0,0.0,0.0,0.0,0.0,0.0,,,"Grade A, Class 2","Grade A, Class 2",1404,1,Hot rolled – general construction steel,1
,,,1,Steel database with labelled clusters,,,AISI 4140 Steel,Ultimate tensile strength,883.0,MPa,Yield strength,685.0,MPa,Ductility,19.0,%,0.0,0.0,0.405,0.0,0.0,0.0,0.0,0.0,0.0,0.2249999999999999,0.035,0.04,0.0,0.0,0.0,0.0,0.95,0.875,97.27,0.0,0.0,0.0,0.0,0.0,0.0,0.0,0.0,0.2,0.0,0.0,0.0,0.0,0.0,0.0,0.0,0.0,,,"Oil Quenched, 100 mm (4 In.) Round [845C (1550F) Quench, 540C (1000F) Temper]","Oil Quenched, 100 mm (4 In.) Round [845C (1550F) Quench, 540C (1000F) Temper]",30,6,Quenched (oil) & tempered – high-strength structural steel,6
,,,1,Steel database with labelled clusters,,,AISI 1015 Steel,Ultimate tensile strength,420.0,MPa,Yield strength,315.0,MPa,Ductility,39.0,%,0.0,0.0,0.155,0.0,0.0,0.0,0.0,0.0,0.0,0.0,0.04,0.05,0.0,0.0,0.0,0.0,0.0,0.4499999999999999,99.305,0.0,0.0,0.0,0.0,0.0,0.0,0.0,0.0,0.0,0.0,0.0,0.0,0.0,0.0,0.0,0.0,0.0,,,As Rolled,As Rolled,1529,2,Quenched (oil) – general-purpose steel (tested),2
,,,1,Steel database with labelled clusters,,,AISI 8620 Steel,Ultimate tensile strength,917.0,MPa,Yield strength,572.0,MPa,Ductility,20.0,%,0.0,0.0,0.205,0.0,0.0,0.0,0.0,0.0,0.0,0.25,0.035,0.04,0.0,0.0,0.0,0.0,0.5,0.8,97.42,0.0,0.55,0.0,0.0,0.0,0.0,0.0,0.0,0.2,0.0,0.0,0.0,0.0,0.0,0.0,0.0,0.0,,,"Double Quenched And Tempered (150C (300F)), Carburized","Double Quenched And Tempered (150C (300F)), Carburized",679,5,Carburized – quenched (oil) – wear-resistant surface steel (variant),5
,,,1,Steel database with labelled clusters,,,AISI 1049 Steel,Ultimate tensile strength,600.0,MPa,Yield strength,331.0,MPa,Ductility,15.0,%,0.0,0.0,0.495,0.0,0.0,0.0,0.0,0.0,0.0,0.0,0.04,0.05,0.0,0.0,0.0,0.0,0.0,0.75,98.665,0.0,0.0,0.0,0.0,0.0,0.0,0.0,0.0,0.0,0.0,0.0,0.0,0.0,0.0,0.0,0.0,0.0,,,Hot Rolled Bar (Uns G10490),Hot Rolled Bar (Uns G10490),1580,2,Quenched (oil) – general-purpose steel (tested),2
,,,1,Steel database with labelled clusters,,,AISI 1040 Steel,Ultimate tensile strength,485.0,MPa,Yield strength,450.0,MPa,Ductility,12.0,%,0.0,0.0,0.405,0.0,0.0,0.0,0.0,0.0,0.0,0.0,0.04,0.05,0.0,0.0,0.0,0.0,0.0,0.75,98.755,0.0,0.0,0.0,0.0,0.0,0.0,0.0,0.0,0.0,0.0,0.0,0.0,0.0,0.0,0.0,0.0,0.0,,,"Cold Drawn, High Temperature, Stress Relieved, 50-75 mm (2-3 In) Round","Cold Drawn, High Temperature, Stress Relieved, 50-75 mm (2-3 In) Round",1646,0,Carburized – quenched (oil) – wear-resistant surface steel,0
,,,1,Steel database with labelled clusters,,,AISI 86B30H Steel,Ultimate tensile strength,650.0,MPa,Yield strength,425.0,MPa,Ductility,23.0,%,0.0,0.00175,0.3,0.0,0.0,0.0,0.0,0.0,0.0,0.2249999999999999,0.035,0.04,0.0,0.0,0.0,0.0,0.5,0.8,97.34825,0.0,0.55,0.0,0.0,0.0,0.0,0.0,0.0,0.2,0.0,0.0,0.0,0.0,0.0,0.0,0.0,0.0,,,"Normalized, 25 mm (1 In.) Round","Normalized, 25 mm (1 In.) Round",814,9,Normalized – general-purpose steel (round normalized stock),9
,,,1,Steel database with labelled clusters,,,AISI 1212 Steel,Ultimate tensile strength,540.0,MPa,Yield strength,415.0,MPa,Ductility,10.0,%,0.0,0.0,0.13,0.0,0.0,0.0,0.0,0.0,0.0,0.0,0.095,0.195,0.0,0.0,0.0,0.0,0.0,0.85,98.73,0.0,0.0,0.0,0.0,0.0,0.0,0.0,0.0,0.0,0.0,0.0,0.0,0.0,0.0,0.0,0.0,0.0,,,"Cold Drawn, 19-38 mm Round","Cold Drawn, 19-38 mm Round",1900,3,Normalized – easy-to-machine stock (cold drawn),3
,,,1,Steel database with labelled clusters,,,AISI 4340 Steel,Ultimate tensile strength,1255.0,MPa,Yield strength,1165.0,MPa,Ductility,13.0,%,0.0,0.0,0.4,0.0,0.0,0.0,0.0,0.0,0.0,0.2249999999999999,0.035,0.04,0.0,0.0,0.0,0.0,0.8,0.7,95.725,0.0,1.825,0.0,0.0,0.0,0.0,0.0,0.0,0.25,0.0,0.0,0.0,0.0,0.0,0.0,0.0,0.0,,,"Oil Quenched 800C (1470F), 540C (1000F) Temper, 13 mm (0.5 In.) Round","Oil Quenched 800C (1470F), 540C (1000F) Temper, 13 mm (0.5 In.) Round",304,6,Quenched (oil) & tempered – high-strength structural steel,6
,,,1,Steel database with labelled clusters,,,ASTM A514 Steel,Ultimate tensile strength,760.0,MPa,Yield strength,690.0,MPa,Ductility,18.0,%,0.0,0.0,0.165,0.0,0.0,0.0,0.0,0.0,0.0,0.28,0.0,0.0,0.0,0.0,0.07,0.0,1.0,0.55,97.435,0.0,0.0,0.3,0.0,0.0,0.0,0.0,0.0,0.2,0.0,0.0,0.0,0.0,0.0,0.0,0.0,0.0,,,"Grade D, Plate Thickness _ 19 mm","Grade D, Plate Thickness _ 19 mm",1406,11,plate – no special treatment – general-purpose steel,11
,,,1,Steel database with labelled clusters,,,AISI 4130 Steel,Ultimate tensile strength,703.0,MPa,Yield strength,540.0,MPa,Ductility,24.0,%,0.0,0.0,0.305,0.0,0.0,0.0,0.0,0.0,0.0,0.2249999999999999,0.035,0.04,0.0,0.0,0.0,0.0,0.95,0.5,97.745,0.0,0.0,0.0,0.0,0.0,0.0,0.0,0.0,0.2,0.0,0.0,0.0,0.0,0.0,0.0,0.0,0.0,,,"Water Quenched 855C (1570F), 595C (1100F) Temper, 100 mm (4 In.) Round","Water Quenched 855C (1570F), 595C (1100F) Temper, 100 mm (4 In.) Round",129,10,Quenched (water) & tempered – high-strength structural steel,10
,,,1,Steel database with labelled clusters,,,AISI 4620 Steel,Ultimate tensile strength,585.0,MPa,Yield strength,360.0,MPa,Ductility,29.0,%,0.0,0.0,0.195,0.0,0.0,0.0,0.0,0.0,0.0,0.25,0.035,0.04,0.0,0.0,0.0,0.0,0.0,0.55,96.855,0.0,1.825,0.0,0.0,0.0,0.0,0.0,0.0,0.25,0.0,0.0,0.0,0.0,0.0,0.0,0.0,0.0,,,"Mock Carburized, 150C (300F) Temper, 100 mm (4 In.) Round","Mock Carburized, 150C (300F) Temper, 100 mm (4 In.) Round",353,8,Carburized – quenched (oil) – wear-resistant surface steel (variant),8
,,,1,Steel database with labelled clusters,,,ASTM A284 Steel,Ultimate tensile strength,415.0,MPa,Yield strength,230.0,MPa,Ductility,21.0,%,0.0,0.0,0.35,0.0,0.0,0.0,0.0,0.0,0.0,0.275,0.04,0.05,0.0,0.0,0.0,0.0,0.0,0.9,98.385,0.0,0.0,0.0,0.0,0.0,0.0,0.0,0.0,0.0,0.0,0.0,0.0,0.0,0.0,0.0,0.0,0.0,,,Grade D,Grade D,1248,1,Hot rolled – general construction steel,1
,,,1,Steel database with labelled clusters,,,AISI 4620 Steel,Ultimate tensile strength,814.0,MPa,Yield strength,560.0,MPa,Ductility,21.0,%,0.0,0.0,0.195,0.0,0.0,0.0,0.0,0.0,0.0,0.25,0.035,0.04,0.0,0.0,0.0,0.0,0.0,0.55,96.855,0.0,1.825,0.0,0.0,0.0,0.0,0.0,0.0,0.25,0.0,0.0,0.0,0.0,0.0,0.0,0.0,0.0,,,"Mock Carburized, 230C (450F) Temper, 13 mm (0.5 In.) Round","Mock Carburized, 230C (450F) Temper, 13 mm (0.5 In.) Round",383,8,Carburized – quenched (oil) – wear-resistant surface steel (variant),8
,,,1,Steel database with labelled clusters,,,ASTM A440 Steel,Ultimate tensile strength,460.0,MPa,Yield strength,315.0,MPa,Ductility,21.0,%,0.0,0.0,0.28,0.0,0.0,0.0,0.0,0.0,0.0,0.0,0.04,0.05,0.0,0.0,0.0,0.0,0.0,1.4,98.03,0.0,0.0,0.2,0.0,0.0,0.0,0.0,0.0,0.0,0.0,0.0,0.0,0.0,0.0,0.0,0.0,0.0,,,"Plate, Bar, And Shapes 19-38 mm Thick","Plate, Bar, And Shapes 19-38 mm Thick",1417,2,Quenched (oil) – general-purpose steel (tested),2
,,,1,Steel database with labelled clusters,,,ASTM A514 Steel,Ultimate tensile strength,760.0,MPa,Yield strength,690.0,MPa,Ductility,18.0,%,0.0,0.0025,0.18,0.0,0.0,0.0,0.0,0.0,0.0,0.7,0.0,0.0,0.0,0.0,0.0,0.0,0.7,0.95,96.8875,0.0,0.0,0.0,0.0,0.0,0.0,0.08,0.0,0.5,0.0,0.0,0.0,0.0,0.0,0.0,0.0,0.0,,,"Grade G, Plate Thickness _ 19 mm","Grade G, Plate Thickness _ 19 mm",1233,11,plate – no special treatment – general-purpose steel,11
,,,1,Steel database with labelled clusters,,,AISI 5160H Steel,Ultimate tensile strength,1145.0,MPa,Yield strength,1005.0,MPa,Ductility,14.0,%,0.0,0.0,0.6000000000000001,0.0,0.0,0.0,0.0,0.0,0.0,0.2249999999999999,0.035,0.04,0.0,0.0,0.0,0.0,0.8,0.875,97.425,0.0,0.0,0.0,0.0,0.0,0.0,0.0,0.0,0.0,0.0,0.0,0.0,0.0,0.0,0.0,0.0,0.0,,,"Oil Quenched From 830C (1525F), 540C (1000F) Temper, 25 mm (1 In.) Round","Oil Quenched From 830C (1525F), 540C (1000F) Temper, 25 mm (1 In.) Round",585,6,Quenched (oil) & tempered – high-strength structural steel,6
,,,1,Steel database with labelled clusters,,,AISI 6150H Steel,Ultimate tensile strength,1145.0,MPa,Yield strength,1000.0,MPa,Ductility,14.0,%,0.0,0.0,0.505,0.0,0.0,0.0,0.0,0.0,0.0,0.2249999999999999,0.035,0.04,0.0,0.0,0.0,0.15,0.975,0.8,97.27,0.0,0.0,0.0,0.0,0.0,0.0,0.0,0.0,0.0,0.0,0.0,0.0,0.0,0.0,0.0,0.0,0.0,,,"Oil Quenched 845C (1550F), 540C (1000F) Temper, 50 mm (2 In.) Round","Oil Quenched 845C (1550F), 540C (1000F) Temper, 50 mm (2 In.) Round",858,6,Quenched (oil) & tempered – high-strength structural steel,6
,,,1,Steel database with labelled clusters,,,AISI E9310 Steel,Ultimate tensile strength,1200.0,MPa,Yield strength,1055.0,MPa,Ductility,16.0,%,0.0,0.0,0.105,0.0,0.0,0.0,0.0,0.0,0.0,0.275,0.025,0.025,0.0,0.0,0.0,0.0,1.2,0.55,94.455,0.0,3.25,0.0,0.0,0.0,0.0,0.0,0.0,0.1149999999999999,0.0,0.0,0.0,0.0,0.0,0.0,0.0,0.0,,,"Normalized, Machined To 13.7 mm Rounds, Pseudocarburized, 830C (1525F) Reheat, 150C (300F) Temper","Normalized, Machined To 13.7 mm Rounds, Pseudocarburized, 830C (1525F) Reheat, 150C (300F) Temper",1064,0,Carburized – quenched (oil) – wear-resistant surface steel,0
,,,1,Steel database with labelled clusters,,,ASTM A514 Steel,Ultimate tensile strength,760.0,MPa,Yield strength,690.0,MPa,Ductility,18.0,%,0.0,0.0,0.15,0.0,0.0,0.0,0.0,0.0,0.0,0.25,0.0,0.0,0.0,0.0,0.0,0.0,0.0,1.3,97.8,0.0,0.0,0.0,0.0,0.0,0.0,0.0,0.0,0.5,0.0,0.0,0.0,0.0,0.0,0.0,0.0,0.0,,,"Grade K, Plate Thickness _ 19 mm","Grade K, Plate Thickness _ 19 mm",1326,11,plate – no special treatment – general-purpose steel,11
,,,1,Steel database with labelled clusters,,,AISI 4620 Steel,Ultimate tensile strength,1022.0,MPa,Yield strength,802.0,MPa,Ductility,17.0,%,0.0,0.0,0.195,0.0,0.0,0.0,0.0,0.0,0.0,0.25,0.035,0.04,0.0,0.0,0.0,0.0,0.0,0.55,96.855,0.0,1.825,0.0,0.0,0.0,0.0,0.0,0.0,0.25,0.0,0.0,0.0,0.0,0.0,0.0,0.0,0.0,,,"Direct Quench From Pot, Carburized, Oil Quenched, 150C (300F) Temper","Direct Quench From Pot, Carburized, Oil Quenched, 150C (300F) Temper",481,5,Carburized – quenched (oil) – wear-resistant surface steel (variant),5
,,,1,Steel database with labelled clusters,,,AISI 1137 Steel,Ultimate tensile strength,670.0,MPa,Yield strength,400.0,MPa,Ductility,22.0,%,0.0,0.0,0.355,0.0,0.0,0.0,0.0,0.0,0.0,0.0,0.04,0.105,0.0,0.0,0.0,0.0,0.0,1.5,98.0,0.0,0.0,0.0,0.0,0.0,0.0,0.0,0.0,0.0,0.0,0.0,0.0,0.0,0.0,0.0,0.0,0.0,,,Normalized At 900C (1650F),Normalized At 900C (1650F),1911,4,Normalized (air cooled) – general-purpose steel,4
,,,1,Steel database with labelled clusters,,,ASTM A203 Low Alloy Steel,Ultimate tensile strength,485.0,MPa,Yield strength,275.0,MPa,Ductility,17.0,%,0.0,0.0,0.23,0.0,0.0,0.0,0.0,0.0,0.0,0.275,0.04,0.04,0.0,0.0,0.0,0.0,0.0,0.8,95.115,0.0,3.5,0.0,0.0,0.0,0.0,0.0,0.0,0.0,0.0,0.0,0.0,0.0,0.0,0.0,0.0,0.0,,,Grade E,Grade E,1279,1,Hot rolled – general construction steel,1
,,,1,Steel database with labelled clusters,,,AISI 8630H Steel,Ultimate tensile strength,827.0,MPa,Yield strength,689.0,MPa,Ductility,21.0,%,0.0,0.0,0.3,0.0,0.0,0.0,0.0,0.0,0.0,0.2249999999999999,0.035,0.04,0.0,0.0,0.0,0.0,0.5,0.8,97.35,0.0,0.55,0.0,0.0,0.0,0.0,0.0,0.0,0.2,0.0,0.0,0.0,0.0,0.0,0.0,0.0,0.0,,,"Water Quenched 845C (1550F), 540C (1000F) Temper, 50 mm (2 In.) Round","Water Quenched 845C (1550F), 540C (1000F) Temper, 50 mm (2 In.) Round",906,10,Quenched (water) & tempered – high-strength structural steel,10
,,,1,Steel database with labelled clusters,,,ASTM A514 Steel,Ultimate tensile strength,760.0,MPa,Yield strength,690.0,MPa,Ductility,18.0,%,0.0,0.0,0.18,0.0,0.0,0.0,0.0,0.0,0.0,0.65,0.0,0.0,0.0,0.0,0.0,0.0,0.65,0.95,97.24,0.0,0.0,0.0,0.0,0.0,0.0,0.08,0.0,0.25,0.0,0.0,0.0,0.0,0.0,0.0,0.0,0.0,,,"Grade N, Plate Thickness _ 19 mm","Grade N, Plate Thickness _ 19 mm",1210,11,plate – no special treatment – general-purpose steel,11
,,,1,Steel database with labelled clusters,,,AISI Type S2 Tool Steel,Ultimate tensile strength,1050.0,MPa,Yield strength,950.0,MPa,Ductility,19.0,%,0.0,0.0,0.475,0.0,0.0,0.0,0.0,0.0,0.0,1.05,0.03,0.03,0.0,0.0,0.0,0.5,0.0,0.4,97.115,0.0,0.0,0.0,0.0,0.0,0.0,0.0,0.0,0.4,0.0,0.0,0.0,0.0,0.0,0.0,0.0,0.0,,,"Austenitized 845C (1550F), Brine Quenched To 35 Hrc","Austenitized 845C (1550F), Brine Quenched To 35 Hrc",1156,2,Quenched (oil) – general-purpose steel (tested),2
,,,1,Steel database with labelled clusters,,,AISI 1340H Steel,Ultimate tensile strength,951.0,MPa,Yield strength,834.0,MPa,Ductility,19.0,%,0.0,0.0,0.405,0.0,0.0,0.0,0.0,0.0,0.0,0.25,0.035,0.04,0.0,0.0,0.0,0.0,0.0,1.75,97.52,0.0,0.0,0.0,0.0,0.0,0.0,0.0,0.0,0.0,0.0,0.0,0.0,0.0,0.0,0.0,0.0,0.0,,,"Oil Quenched From 830C (1525F), 540C (1000F) Temper, 25 mm (1 In.) Round","Oil Quenched From 830C (1525F), 540C (1000F) Temper, 25 mm (1 In.) Round",1019,6,Quenched (oil) & tempered – high-strength structural steel,6
,,,1,Steel database with labelled clusters,,,AISI 5160 Steel,Ultimate tensile strength,931.0,MPa,Yield strength,635.0,MPa,Ductility,20.0,%,0.0,0.0,0.6000000000000001,0.0,0.0,0.0,0.0,0.0,0.0,0.2249999999999999,0.035,0.04,0.0,0.0,0.0,0.0,0.8,0.875,97.425,0.0,0.0,0.0,0.0,0.0,0.0,0.0,0.0,0.0,0.0,0.0,0.0,0.0,0.0,0.0,0.0,0.0,,,"Oil Quenched From 830C (1525F), 595C (1100F) Temper, 50 mm (2 In.) Round","Oil Quenched From 830C (1525F), 595C (1100F) Temper, 50 mm (2 In.) Round",584,6,Quenched (oil) & tempered – high-strength structural steel,6
,,,1,Steel database with labelled clusters,,,ASTM A517 Low Alloy Steel,Ultimate tensile strength,795.0,MPa,Yield strength,690.0,MPa,Ductility,16.0,%,0.0,0.0,0.1649999999999999,0.0,0.0,0.0,0.0,0.0,0.0,0.275,0.04,0.04,0.0,0.0,0.0,0.0,0.525,1.125,97.08,0.0,0.5,0.0,0.0,0.0,0.0,0.0,0.0,0.25,0.0,0.0,0.0,0.0,0.0,0.0,0.0,0.0,,,Grade H,Grade H,1307,1,Hot rolled – general construction steel,1
,,,1,Steel database with labelled clusters,,,AISI 12L15 Steel,Ultimate tensile strength,395.0,MPa,Yield strength,235.0,MPa,Ductility,22.0,%,0.0,0.0,0.09,0.0,0.0,0.0,0.0,0.0,0.0,0.0,0.065,0.305,0.0,0.0,0.0,0.0,0.0,0.9,98.64,0.0,0.0,0.0,0.0,0.0,0.0,0.0,0.0,0.0,0.0,0.0,0.0,0.0,0.0,0.0,0.0,0.0,,,"Hot Rolled, 19-38 mm Round","Hot Rolled, 19-38 mm Round",1957,3,Normalized – easy-to-machine stock (cold drawn),3
,,,1,Steel database with labelled clusters,,,AISI 1040 Steel,Ultimate tensile strength,702.0,MPa,Yield strength,479.0,MPa,Ductility,24.0,%,0.0,0.0,0.405,0.0,0.0,0.0,0.0,0.0,0.0,0.0,0.04,0.05,0.0,0.0,0.0,0.0,0.0,0.75,98.755,0.0,0.0,0.0,0.0,0.0,0.0,0.0,0.0,0.0,0.0,0.0,0.0,0.0,0.0,0.0,0.0,0.0,,,"Water Quenched From 845C (1550F), 540C (1000F) Temper, 50 mm (2 In.) Round","Water Quenched From 845C (1550F), 540C (1000F) Temper, 50 mm (2 In.) Round",1707,10,Quenched (water) & tempered – high-strength structural steel,10
,,,1,Steel database with labelled clusters,,,AISI 8620 Steel,Ultimate tensile strength,1157.0,MPa,Yield strength,833.0,MPa,Ductility,14.0,%,0.0,0.0,0.205,0.0,0.0,0.0,0.0,0.0,0.0,0.25,0.035,0.04,0.0,0.0,0.0,0.0,0.5,0.8,97.42,0.0,0.55,0.0,0.0,0.0,0.0,0.0,0.0,0.2,0.0,0.0,0.0,0.0,0.0,0.0,0.0,0.0,,,"Single Quenched And Tempered (230C (450F)), Carburized","Single Quenched And Tempered (230C (450F)), Carburized",786,5,Carburized – quenched (oil) – wear-resistant surface steel (variant),5
,,,1,Steel database with labelled clusters,,,Cast Stainless Steel HK30,Ultimate tensile strength,450.0,MPa,Yield strength,240.0,MPa,Ductility,10.0,%,0.0,0.0,0.3,0.0,0.0,0.0,0.0,0.0,0.0,1.75,0.04,0.04,0.0,0.0,0.0,0.0,25.0,1.5,50.37,0.0,20.5,0.0,0.0,0.0,0.0,0.0,0.0,0.5,0.0,0.0,0.0,0.0,0.0,0.0,0.0,0.0,,,Astm A351M,Astm A351M,1169,2,Quenched (oil) – general-purpose steel (tested),2
,,,1,Steel database with labelled clusters,,,AISI 4620H Steel,Ultimate tensile strength,822.0,MPa,Yield strength,576.0,MPa,Ductility,19.0,%,0.0,0.0,0.2,0.0,0.0,0.0,0.0,0.0,0.0,0.25,0.035,0.04,0.0,0.0,0.0,0.0,0.0,0.55,96.9,0.0,1.775,0.0,0.0,0.0,0.0,0.0,0.0,0.25,0.0,0.0,0.0,0.0,0.0,0.0,0.0,0.0,,,"Single Quenched And Tempered, Carburized, Oil Quenched, 150C (300F) Temper","Single Quenched And Tempered, Carburized, Oil Quenched, 150C (300F) Temper",487,5,Carburized – quenched (oil) – wear-resistant surface steel (variant),5
,,,1,Steel database with labelled clusters,,,ASTM A607 Steel,Ultimate tensile strength,515.0,MPa,Yield strength,415.0,MPa,Ductility,16.0,%,0.0,0.0,0.26,0.0,0.0,0.0,0.0,0.0,0.0,0.0,0.04,0.05,0.0,0.0,0.0,0.0,0.0,1.5,98.15,0.0,0.0,0.0,0.0,0.0,0.0,0.0,0.0,0.0,0.0,0.0,0.0,0.0,0.0,0.0,0.0,0.0,,,"Grade 60, Cold Rolled","Grade 60, Cold Rolled",1438,1,Hot rolled – general construction steel,1
,,,1,Steel database with labelled clusters,,,AISI 4140H Steel,Ultimate tensile strength,1020.0,MPa,Yield strength,675.0,MPa,Ductility,17.0,%,0.0,0.0,0.405,0.0,0.0,0.0,0.0,0.0,0.0,0.2249999999999999,0.035,0.04,0.0,0.0,0.0,0.0,0.975,0.875,97.22,0.0,0.0,0.0,0.0,0.0,0.0,0.0,0.0,0.2249999999999999,0.0,0.0,0.0,0.0,0.0,0.0,0.0,0.0,,,"Heat Treated, Tempered 205C (400F), 25 mm (1 In.) Round","Heat Treated, Tempered 205C (400F), 25 mm (1 In.) Round",110,0,Carburized – quenched (oil) – wear-resistant surface steel,0
,,,1,Steel database with labelled clusters,,,AISI 4150H Steel,Ultimate tensile strength,1095.0,MPa,Yield strength,717.0,MPa,Ductility,13.0,%,0.0,0.0,0.505,0.0,0.0,0.0,0.0,0.0,0.0,0.2249999999999999,0.035,0.04,0.0,0.0,0.0,0.0,0.975,0.875,97.145,0.0,0.0,0.0,0.0,0.0,0.0,0.0,0.0,0.2,0.0,0.0,0.0,0.0,0.0,0.0,0.0,0.0,,,"Normalized At 870C (1600F), Air Cooled, 50 mm (2 In.) Round","Normalized At 870C (1600F), Air Cooled, 50 mm (2 In.) Round",276,4,Normalized (air cooled) – general-purpose steel,4
,,,1,Steel database with labelled clusters,,,AISI 4422 Steel,Ultimate tensile strength,758.0,MPa,Yield strength,400.0,MPa,Ductility,18.0,%,0.0,0.0,0.225,0.0,0.0,0.0,0.0,0.0,0.0,0.2249999999999999,0.035,0.04,0.0,0.0,0.0,0.0,0.0,0.75,98.325,0.0,0.0,0.0,0.0,0.0,0.0,0.0,0.0,0.4,0.0,0.0,0.0,0.0,0.0,0.0,0.0,0.0,,,"Heat Treated In 25 mm Rounds, Reheated To 820C (1510F), 150C (300F) Temper","Heat Treated In 25 mm Rounds, Reheated To 820C (1510F), 150C (300F) Temper",395,0,Carburized – quenched (oil) – wear-resistant surface steel,0
,,,1,Steel database with labelled clusters,,,ASTM A514 Steel,Ultimate tensile strength,760.0,MPa,Yield strength,690.0,MPa,Ductility,18.0,%,0.0,0.0025,0.18,0.0,0.0,0.0,0.0,0.0,0.0,0.7,0.0,0.0,0.0,0.0,0.0,0.0,0.7,0.95,96.8875,0.0,0.0,0.0,0.0,0.0,0.0,0.08,0.0,0.5,0.0,0.0,0.0,0.0,0.0,0.0,0.0,0.0,,,"Grade G, Plate Thickness 19 - 64 mm","Grade G, Plate Thickness 19 - 64 mm",1224,11,plate – no special treatment – general-purpose steel,11
,,,1,Steel database with labelled clusters,,,AISI 4150 Steel,Ultimate tensile strength,1340.0,MPa,Yield strength,896.0,MPa,Ductility,10.0,%,0.0,0.0,0.505,0.0,0.0,0.0,0.0,0.0,0.0,0.2249999999999999,0.035,0.04,0.0,0.0,0.0,0.0,0.95,0.875,97.17,0.0,0.0,0.0,0.0,0.0,0.0,0.0,0.0,0.2,0.0,0.0,0.0,0.0,0.0,0.0,0.0,0.0,,,"Normalized At 870C (1600F), Air Cooled, 13 mm (0.5 In.) Round","Normalized At 870C (1600F), Air Cooled, 13 mm (0.5 In.) Round",189,4,Normalized (air cooled) – general-purpose steel,4
,,,1,Steel database with labelled clusters,,,AISI 1030 Steel,Ultimate tensile strength,495.0,MPa,Yield strength,325.0,MPa,Ductility,29.0,%,0.0,0.0,0.305,0.0,0.0,0.0,0.0,0.0,0.0,0.0,0.04,0.05,0.0,0.0,0.0,0.0,0.0,0.75,98.855,0.0,0.0,0.0,0.0,0.0,0.0,0.0,0.0,0.0,0.0,0.0,0.0,0.0,0.0,0.0,0.0,0.0,,,"Normalized At 925C (1700F), Air Cooled, 100 mm (4 In.) Round","Normalized At 925C (1700F), Air Cooled, 100 mm (4 In.) Round",1518,4,Normalized (air cooled) – general-purpose steel,4
,,,1,Steel database with labelled clusters,,,AISI 4140H Steel,Ultimate tensile strength,1150.0,MPa,Yield strength,1050.0,MPa,Ductility,17.0,%,0.0,0.0,0.405,0.0,0.0,0.0,0.0,0.0,0.0,0.2249999999999999,0.035,0.04,0.0,0.0,0.0,0.0,0.975,0.875,97.22,0.0,0.0,0.0,0.0,0.0,0.0,0.0,0.0,0.2249999999999999,0.0,0.0,0.0,0.0,0.0,0.0,0.0,0.0,,,"Heat Treated, Tempered 540C (1000F), 25 mm (1 In.) Round","Heat Treated, Tempered 540C (1000F), 25 mm (1 In.) Round",197,0,Carburized – quenched (oil) – wear-resistant surface steel,0
,,,1,Steel database with labelled clusters,,,AISI 4340 Steel,Ultimate tensile strength,1282.0,MPa,Yield strength,862.0,MPa,Ductility,12.0,%,0.0,0.0,0.4,0.0,0.0,0.0,0.0,0.0,0.0,0.2249999999999999,0.035,0.04,0.0,0.0,0.0,0.0,0.8,0.7,95.725,0.0,1.825,0.0,0.0,0.0,0.0,0.0,0.0,0.25,0.0,0.0,0.0,0.0,0.0,0.0,0.0,0.0,,,"Normalized, 25 mm Round","Normalized, 25 mm Round",255,9,Normalized – general-purpose steel (round normalized stock),9
,,,1,Steel database with labelled clusters,,,AISI E4340 Steel,Ultimate tensile strength,1138.0,MPa,Yield strength,1096.0,MPa,Ductility,16.0,%,0.0,0.0,0.405,0.0,0.0,0.0,0.0,0.0,0.0,0.2249999999999999,0.025,0.02,0.0,0.0,0.0,0.0,0.8,0.75,95.7,0.0,1.825,0.0,0.0,0.0,0.0,0.0,0.0,0.25,0.0,0.0,0.0,0.0,0.0,0.0,0.0,0.0,,,"Oil Quenched 800C (1470F), 595C (1100F) Temper, 25 mm Round","Oil Quenched 800C (1470F), 595C (1100F) Temper, 25 mm Round",298,6,Quenched (oil) & tempered – high-strength structural steel,6
,,,1,Steel database with labelled clusters,,,AISI 6150 Steel,Ultimate tensile strength,1145.0,MPa,Yield strength,1000.0,MPa,Ductility,14.0,%,0.0,0.0,0.505,0.0,0.0,0.0,0.0,0.0,0.0,0.2249999999999999,0.035,0.04,0.0,0.0,0.0,0.15,0.95,0.8,97.295,0.0,0.0,0.0,0.0,0.0,0.0,0.0,0.0,0.0,0.0,0.0,0.0,0.0,0.0,0.0,0.0,0.0,,,"Oil Quenched 845C (1550F), 540C (1000F) Temper, 50 mm (2 In.) Round","Oil Quenched 845C (1550F), 540C (1000F) Temper, 50 mm (2 In.) Round",671,6,Quenched (oil) & tempered – high-strength structural steel,6
,,,1,Steel database with labelled clusters,,,AISI 1035 Steel,Ultimate tensile strength,585.0,MPa,Yield strength,370.0,MPa,Ductility,30.0,%,0.0,0.0,0.345,0.0,0.0,0.0,0.0,0.0,0.0,0.0,0.04,0.05,0.0,0.0,0.0,0.0,0.0,0.75,98.815,0.0,0.0,0.0,0.0,0.0,0.0,0.0,0.0,0.0,0.0,0.0,0.0,0.0,0.0,0.0,0.0,0.0,,,"As Rolled, 19-32 mm (0.75-1.25 In) Round","As Rolled, 19-32 mm (0.75-1.25 In) Round",1543,3,Normalized – easy-to-machine stock (cold drawn),3
,,,1,Steel database with labelled clusters,,,AISI 4820 Steel,Ultimate tensile strength,685.0,MPa,Yield strength,460.0,MPa,Ductility,22.0,%,0.0,0.0,0.205,0.0,0.0,0.0,0.0,0.0,0.0,0.2249999999999999,0.035,0.04,0.0,0.0,0.0,0.0,0.0,0.6,95.145,0.0,3.5,0.0,0.0,0.0,0.0,0.0,0.0,0.25,0.0,0.0,0.0,0.0,0.0,0.0,0.0,0.0,,,Annealed 815C (1500F),Annealed 815C (1500F),484,7,Annealed – easy-to-machine – round annealed stock,7
,,,1,Steel database with labelled clusters,,,ASTM A514 Steel,Ultimate tensile strength,690.0,MPa,Yield strength,620.0,MPa,Ductility,16.0,%,0.0,0.00325,0.15,0.0,0.0,0.0,0.0,0.0,0.0,0.25,0.04,0.04,0.0,0.0,0.0,0.055,0.525,0.8,96.46175,0.0,0.85,0.325,0.0,0.0,0.0,0.0,0.0,0.5,0.0,0.0,0.0,0.0,0.0,0.0,0.0,0.0,,,"Grade F, Plate Thickness 64 - 150 mm","Grade F, Plate Thickness 64 - 150 mm",1217,11,plate – no special treatment – general-purpose steel,11
,,,1,Steel database with labelled clusters,,,AISI 8620 Steel,Ultimate tensile strength,1225.0,MPa,Yield strength,965.0,MPa,Ductility,14.0,%,0.0,0.0,0.205,0.0,0.0,0.0,0.0,0.0,0.0,0.25,0.035,0.04,0.0,0.0,0.0,0.0,0.5,0.8,97.42,0.0,0.55,0.0,0.0,0.0,0.0,0.0,0.0,0.2,0.0,0.0,0.0,0.0,0.0,0.0,0.0,0.0,,,"Mock Carburized, Reheated And Oil Quenched, 230C (450F) Temper, 13 mm (0.5 In.) Round","Mock Carburized, Reheated And Oil Quenched, 230C (450F) Temper, 13 mm (0.5 In.) Round",695,8,Carburized – quenched (oil) – wear-resistant surface steel (variant),8
,,,1,Steel database with labelled clusters,,,AISI E4340 H Steel,Ultimate tensile strength,1595.0,MPa,Yield strength,1475.0,MPa,Ductility,12.0,%,0.0,0.0,0.405,0.0,0.0,0.0,0.0,0.0,0.0,0.2249999999999999,0.025,0.02,0.0,0.0,0.0,0.0,0.8,0.7749999999999999,95.725,0.0,1.775,0.0,0.0,0.0,0.0,0.0,0.0,0.25,0.0,0.0,0.0,0.0,0.0,0.0,0.0,0.0,,,"Oil Quenched 845C, 425C (800F) Temper","Oil Quenched 845C, 425C (800F) Temper",307,6,Quenched (oil) & tempered – high-strength structural steel,6
,,,1,Steel database with labelled clusters,,,AISI 4320H Steel,Ultimate tensile strength,793.0,MPa,Yield strength,460.0,MPa,Ductility,20.0,%,0.0,0.0,0.2,0.0,0.0,0.0,0.0,0.0,0.0,0.2249999999999999,0.035,0.04,0.0,0.0,0.0,0.0,0.5,0.55,96.425,0.0,1.775,0.0,0.0,0.0,0.0,0.0,0.0,0.25,0.0,0.0,0.0,0.0,0.0,0.0,0.0,0.0,,,"Normalized: Heated To 895C (1640F), Air Cooled, 25 mm Round","Normalized: Heated To 895C (1640F), Air Cooled, 25 mm Round",232,4,Normalized (air cooled) – general-purpose steel,4
,,,1,Steel database with labelled clusters,,,AISI 1035 Steel,Ultimate tensile strength,710.0,MPa,Yield strength,615.0,MPa,Ductility,16.0,%,0.0,0.0,0.345,0.0,0.0,0.0,0.0,0.0,0.0,0.0,0.04,0.05,0.0,0.0,0.0,0.0,0.0,0.75,98.815,0.0,0.0,0.0,0.0,0.0,0.0,0.0,0.0,0.0,0.0,0.0,0.0,0.0,0.0,0.0,0.0,0.0,,,"Water Quenched From 845C (1550F), 540C (1000F) Temper","Water Quenched From 845C (1550F), 540C (1000F) Temper",1526,10,Quenched (water) & tempered – high-strength structural steel,10
,,,1,Steel database with labelled clusters,,,AISI 4320H Steel,Ultimate tensile strength,910.0,MPa,Yield strength,595.0,MPa,Ductility,22.0,%,0.0,0.0,0.2,0.0,0.0,0.0,0.0,0.0,0.0,0.2249999999999999,0.035,0.04,0.0,0.0,0.0,0.0,0.5,0.55,96.425,0.0,1.775,0.0,0.0,0.0,0.0,0.0,0.0,0.25,0.0,0.0,0.0,0.0,0.0,0.0,0.0,0.0,,,"Mock Carburized, Oil Quenched, 150C (300F) Temper, 50 mm (2 In.) Round","Mock Carburized, Oil Quenched, 150C (300F) Temper, 50 mm (2 In.) Round",290,8,Carburized – quenched (oil) – wear-resistant surface steel (variant),8
,,,1,Steel database with labelled clusters,,,AISI 1050 Steel,Ultimate tensile strength,905.0,MPa,Yield strength,636.0,MPa,Ductility,20.0,%,0.0,0.0,0.51,0.0,0.0,0.0,0.0,0.0,0.0,0.0,0.04,0.05,0.0,0.0,0.0,0.0,0.0,0.75,98.65,0.0,0.0,0.0,0.0,0.0,0.0,0.0,0.0,0.0,0.0,0.0,0.0,0.0,0.0,0.0,0.0,0.0,,,"Water Quenched From 830C (1525F), 540C (1000F) Temper, 25 mm (1 In.) Round","Water Quenched From 830C (1525F), 540C (1000F) Temper, 25 mm (1 In.) Round",1793,10,Quenched (water) & tempered – high-strength structural steel,10
,,,1,Steel database with labelled clusters,,,AISI 4150H Steel,Ultimate tensile strength,1340.0,MPa,Yield strength,896.0,MPa,Ductility,10.0,%,0.0,0.0,0.505,0.0,0.0,0.0,0.0,0.0,0.0,0.2249999999999999,0.035,0.04,0.0,0.0,0.0,0.0,0.975,0.875,97.145,0.0,0.0,0.0,0.0,0.0,0.0,0.0,0.0,0.2,0.0,0.0,0.0,0.0,0.0,0.0,0.0,0.0,,,"Normalized At 870C (1600F), Air Cooled, 13 mm (0.5 In.) Round","Normalized At 870C (1600F), Air Cooled, 13 mm (0.5 In.) Round",252,4,Normalized (air cooled) – general-purpose steel,4
,,,1,Steel database with labelled clusters,,,AISI 5140H Steel,Ultimate tensile strength,1015.0,MPa,Yield strength,910.0,MPa,Ductility,17.0,%,0.0,0.0,0.405,0.0,0.0,0.0,0.0,0.0,0.0,0.2249999999999999,0.035,0.04,0.0,0.0,0.0,0.0,0.8,0.8,97.695,0.0,0.0,0.0,0.0,0.0,0.0,0.0,0.0,0.0,0.0,0.0,0.0,0.0,0.0,0.0,0.0,0.0,,,"Oil Quenched 845C (1550F), 540C (1000F) Temper, 13 mm (0.5 In.) Round","Oil Quenched 845C (1550F), 540C (1000F) Temper, 13 mm (0.5 In.) Round",549,6,Quenched (oil) & tempered – high-strength structural steel,6
,,,1,Steel database with labelled clusters,,,AISI Type W2 Tool Steel,Ultimate tensile strength,1800.0,MPa,Yield strength,1625.0,MPa,Ductility,7.0,%,0.0,0.0,1.0,0.0,0.0,0.0,0.0,0.0,0.0,0.25,0.03,0.03,0.0,0.0,0.0,0.25,0.15,0.25,98.04,0.0,0.0,0.0,0.0,0.0,0.0,0.0,0.0,0.0,0.0,0.0,0.0,0.0,0.0,0.0,0.0,0.0,,,"Water Quenched At 775C (1425F), And Tempered","Water Quenched At 775C (1425F), And Tempered",2040,10,Quenched (water) & tempered – high-strength structural steel,10
,,,1,Steel database with labelled clusters,,,AISI 1060 Steel,Ultimate tensile strength,965.0,MPa,Yield strength,634.0,MPa,Ductility,19.0,%,0.0,0.0,0.605,0.0,0.0,0.0,0.0,0.0,0.0,0.0,0.04,0.05,0.0,0.0,0.0,0.0,0.0,0.75,98.555,0.0,0.0,0.0,0.0,0.0,0.0,0.0,0.0,0.0,0.0,0.0,0.0,0.0,0.0,0.0,0.0,0.0,,,"Oil Quenched 845C (1550F), 540C (1000F) Temper, 13 mm (0.5 In.) Round","Oil Quenched 845C (1550F), 540C (1000F) Temper, 13 mm (0.5 In.) Round",1763,6,Quenched (oil) & tempered – high-strength structural steel,6
,,,1,Steel database with labelled clusters,,,AISI 9255 Steel,Ultimate tensile strength,1070.0,MPa,Yield strength,703.0,MPa,Ductility,18.0,%,0.0,0.0,0.55,0.0,0.0,0.0,0.0,0.0,0.0,2.0,0.035,0.04,0.0,0.0,0.0,0.0,0.0,0.825,96.55,0.0,0.0,0.0,0.0,0.0,0.0,0.0,0.0,0.0,0.0,0.0,0.0,0.0,0.0,0.0,0.0,0.0,,,"Oil Quenched From 885C (1625F), 540C (1000F) Temper, 50 mm (2 In.) Round","Oil Quenched From 885C (1625F), 540C (1000F) Temper, 50 mm (2 In.) Round",937,6,Quenched (oil) & tempered – high-strength structural steel,6
,,,1,Steel database with labelled clusters,,,ASTM A573 Steel,Ultimate tensile strength,485.0,MPa,Yield strength,290.0,MPa,Ductility,18.0,%,0.0,0.0,0.28,0.0,0.0,0.0,0.0,0.0,0.0,0.275,0.04,0.05,0.0,0.0,0.0,0.0,0.0,1.025,98.33,0.0,0.0,0.0,0.0,0.0,0.0,0.0,0.0,0.0,0.0,0.0,0.0,0.0,0.0,0.0,0.0,0.0,,,Grade 70,Grade 70,1286,1,Hot rolled – general construction steel,1
,,,1,Steel database with labelled clusters,,,ASTM A514 Steel,Ultimate tensile strength,760.0,MPa,Yield strength,690.0,MPa,Ductility,18.0,%,0.0,0.00275,0.1649999999999999,0.0,0.0,0.0,0.0,0.0,0.0,0.275,0.04,0.4,0.0,0.0,0.02,0.055,0.525,0.85,97.46725,0.0,0.0,0.0,0.0,0.0,0.0,0.0,0.0,0.2,0.0,0.0,0.0,0.0,0.0,0.0,0.0,0.0,,,"Grade B, Plate Thickness 19-32 mm (0.75-1.25 In)","Grade B, Plate Thickness 19-32 mm (0.75-1.25 In)",1215,11,plate – no special treatment – general-purpose steel,11
,,,1,Steel database with labelled clusters,,,AISI 4320H Steel,Ultimate tensile strength,1050.0,MPa,Yield strength,670.0,MPa,Ductility,19.0,%,0.0,0.0,0.2,0.0,0.0,0.0,0.0,0.0,0.0,0.2249999999999999,0.035,0.04,0.0,0.0,0.0,0.0,0.5,0.55,96.425,0.0,1.775,0.0,0.0,0.0,0.0,0.0,0.0,0.25,0.0,0.0,0.0,0.0,0.0,0.0,0.0,0.0,,,"Double Quenched And Tempered: (Carburized 925C (1700F) For 8 Hrs., Pot Cooled, Reheated To 815C (1500F), Quenched In Agitated Oil, Reheated To 775C (1425F), Quenched In Agitated Oil, 150C (300F) Temper); 1.9 mm Case Depth","Double Quenched And Tempered: (Carburized 925C (1700F) For 8 Hrs., Pot Cooled, Reheated To 815C (1500F), Quenched In Agitated Oil, Reheated To 775C (1425F), Quenched In Agitated Oil, 150C (300F) Temper); 1.9 mm Case Depth",234,5,Carburized – quenched (oil) – wear-resistant surface steel (variant),5
,,,1,Steel database with labelled clusters,,,AISI 1040 Steel,Ultimate tensile strength,655.0,MPa,Yield strength,459.0,MPa,Ductility,28.0,%,0.0,0.0,0.405,0.0,0.0,0.0,0.0,0.0,0.0,0.0,0.04,0.05,0.0,0.0,0.0,0.0,0.0,0.75,98.755,0.0,0.0,0.0,0.0,0.0,0.0,0.0,0.0,0.0,0.0,0.0,0.0,0.0,0.0,0.0,0.0,0.0,,,"Oil Quenched From 855C (1570F), 650C (1200F) Temper, 13 mm (0.5 In.) Round","Oil Quenched From 855C (1570F), 650C (1200F) Temper, 13 mm (0.5 In.) Round",1754,6,Quenched (oil) & tempered – high-strength structural steel,6
,,,1,Steel database with labelled clusters,,,AISI 5120 Steel,Ultimate tensile strength,1020.0,MPa,Yield strength,848.0,MPa,Ductility,14.0,%,0.0,0.0,0.195,0.0,0.0,0.0,0.0,0.0,0.0,0.2249999999999999,0.035,0.04,0.0,0.0,0.0,0.0,0.8,0.8,97.905,0.0,0.0,0.0,0.0,0.0,0.0,0.0,0.0,0.0,0.0,0.0,0.0,0.0,0.0,0.0,0.0,0.0,,,"Heat Treated, Machined To 13.7 mm, Pseudocarburized, 150C (300F) Temper","Heat Treated, Machined To 13.7 mm, Pseudocarburized, 150C (300F) Temper",536,0,Carburized – quenched (oil) – wear-resistant surface steel,0
,,,1,Steel database with labelled clusters,,,ASTM A543 Low Alloy Steel,Ultimate tensile strength,725.0,MPa,Yield strength,585.0,MPa,Ductility,14.0,%,0.0,0.0,0.23,0.0,0.0,0.0,0.0,0.0,0.0,0.3,0.04,0.04,0.0,0.0,0.0,0.03,1.75,0.4,94.285,0.0,2.925,0.0,0.0,0.0,0.0,0.0,0.0,0.0,0.0,0.0,0.0,0.0,0.0,0.0,0.0,0.0,,,"Grade B, Class 1","Grade B, Class 1",1412,1,Hot rolled – general construction steel,1
,,,1,Steel database with labelled clusters,,,AISI 5150 Steel,Ultimate tensile strength,1095.0,MPa,Yield strength,1000.0,MPa,Ductility,16.0,%,0.0,0.0,0.505,0.0,0.0,0.0,0.0,0.0,0.0,0.2249999999999999,0.035,0.04,0.0,0.0,0.0,0.0,0.8,0.8,97.595,0.0,0.0,0.0,0.0,0.0,0.0,0.0,0.0,0.0,0.0,0.0,0.0,0.0,0.0,0.0,0.0,0.0,,,"Oil Quenched From 830C (1525F), 540C (1000F) Temper, 13 mm (0.5 In.) Round","Oil Quenched From 830C (1525F), 540C (1000F) Temper, 13 mm (0.5 In.) Round",614,6,Quenched (oil) & tempered – high-strength structural steel,6
,,,1,Steel database with labelled clusters,,,AISI 1022 Steel,Ultimate tensile strength,485.0,MPa,Yield strength,360.0,MPa,Ductility,34.0,%,0.0,0.0,0.2,0.0,0.0,0.0,0.0,0.0,0.0,0.0,0.04,0.05,0.0,0.0,0.0,0.0,0.0,0.85,98.86,0.0,0.0,0.0,0.0,0.0,0.0,0.0,0.0,0.0,0.0,0.0,0.0,0.0,0.0,0.0,0.0,0.0,,,Normalized At 925C (1700F),Normalized At 925C (1700F),1482,4,Normalized (air cooled) – general-purpose steel,4
,,,1,Steel database with labelled clusters,,,AISI 8740H Steel,Ultimate tensile strength,1180.0,MPa,Yield strength,1060.0,MPa,Ductility,15.0,%,0.0,0.0,0.405,0.0,0.0,0.0,0.0,0.0,0.0,0.2249999999999999,0.035,0.04,0.0,0.0,0.0,0.0,0.5,0.875,97.12,0.0,0.55,0.0,0.0,0.0,0.0,0.0,0.0,0.25,0.0,0.0,0.0,0.0,0.0,0.0,0.0,0.0,,,"Oil Quenched 830C (1525F), 540C (1000F) Temper, 50 mm (2 In.) Round","Oil Quenched 830C (1525F), 540C (1000F) Temper, 50 mm (2 In.) Round",880,6,Quenched (oil) & tempered – high-strength structural steel,6
,,,1,Steel database with labelled clusters,,,ASTM A537 Carbon Steel,Ultimate tensile strength,450.0,MPa,Yield strength,310.0,MPa,Ductility,18.0,%,0.0,0.0,0.24,0.0,0.0,0.0,0.0,0.0,0.0,0.325,0.04,0.04,0.0,0.0,0.0,0.0,0.25,1.15,97.275,0.0,0.25,0.35,0.0,0.0,0.0,0.0,0.0,0.08,0.0,0.0,0.0,0.0,0.0,0.0,0.0,0.0,,,Class 1,Class 1,1402,1,Hot rolled – general construction steel,1
,,,1,Steel database with labelled clusters,,,ASTM A514 Steel,Ultimate tensile strength,760.0,MPa,Yield strength,690.0,MPa,Ductility,18.0,%,0.0,0.0,0.165,0.0,0.0,0.0,0.0,0.0,0.0,0.28,0.0,0.0,0.0,0.0,0.07,0.0,1.4,0.55,96.905,0.0,0.0,0.3,0.0,0.0,0.0,0.0,0.0,0.33,0.0,0.0,0.0,0.0,0.0,0.0,0.0,0.0,,,"Grade L, Plate Thickness 19 - 64 mm","Grade L, Plate Thickness 19 - 64 mm",1288,11,plate – no special treatment – general-purpose steel,11
,,,1,Steel database with labelled clusters,,,ASTM A135 Steel,Ultimate tensile strength,415.0,MPa,Yield strength,240.0,MPa,Ductility,30.0,%,0.0,0.0,0.3,0.0,0.0,0.0,0.0,0.0,0.0,0.0,0.05,0.06,0.0,0.0,0.0,0.0,0.0,0.3,99.29,0.0,0.0,0.0,0.0,0.0,0.0,0.0,0.0,0.0,0.0,0.0,0.0,0.0,0.0,0.0,0.0,0.0,,,Grade B,Grade B,1214,1,Hot rolled – general construction steel,1
,,,1,Steel database with labelled clusters,,,ASTM A607 Steel,Ultimate tensile strength,550.0,MPa,Yield strength,450.0,MPa,Ductility,16.0,%,0.0,0.0,0.26,0.01,0.0,0.0,0.0,0.0,0.0,0.0,0.04,0.05,0.0,0.0,0.0,0.0,0.0,1.5,98.14,0.0,0.0,0.0,0.0,0.0,0.0,0.0,0.0,0.0,0.0,0.0,0.0,0.0,0.0,0.0,0.0,0.0,,,"Grade 65, Hot Rolled","Grade 65, Hot Rolled",1441,1,Hot rolled – general construction steel,1
,,,1,Steel database with labelled clusters,,,AISI 8620 Steel,Ultimate tensile strength,1075.0,MPa,Yield strength,876.0,MPa,Ductility,14.0,%,0.0,0.0,0.205,0.0,0.0,0.0,0.0,0.0,0.0,0.25,0.035,0.04,0.0,0.0,0.0,0.0,0.5,0.8,97.42,0.0,0.55,0.0,0.0,0.0,0.0,0.0,0.0,0.2,0.0,0.0,0.0,0.0,0.0,0.0,0.0,0.0,,,"Normalized, Machined To 25 mm, Pseudocarburized, Oil Quenched, 150C Temper","Normalized, Machined To 25 mm, Pseudocarburized, Oil Quenched, 150C Temper",680,0,Carburized – quenched (oil) – wear-resistant surface steel,0
,,,1,Steel database with labelled clusters,,,ASTM A736 Low Alloy Steel,Ultimate tensile strength,620.0,MPa,Yield strength,550.0,MPa,Ductility,20.0,%,0.0,0.0,0.07,0.0,0.0,0.0,0.0,0.0,0.0,0.4,0.03,0.03,0.0,0.0,0.0,0.0,0.75,0.55,96.15,0.0,0.85,1.15,0.0,0.0,0.0,0.0,0.02,0.0,0.0,0.0,0.0,0.0,0.0,0.0,0.0,0.0,,,"Grade A, Class 1","Grade A, Class 1",1414,1,Hot rolled – general construction steel,1
,,,1,Steel database with labelled clusters,,,AISI 4130H Steel,Ultimate tensile strength,670.0,MPa,Yield strength,435.0,MPa,Ductility,25.0,%,0.0,0.0,0.3,0.0,0.0,0.0,0.0,0.0,0.0,0.25,0.035,0.04,0.0,0.0,0.0,0.0,0.975,0.5,97.7,0.0,0.0,0.0,0.0,0.0,0.0,0.0,0.0,0.2,0.0,0.0,0.0,0.0,0.0,0.0,0.0,0.0,,,Normalized At 870C (1600F),Normalized At 870C (1600F),24,4,Normalized (air cooled) – general-purpose steel,4
,,,1,Steel database with labelled clusters,,,AISI E4340 Steel,Ultimate tensile strength,1220.0,MPa,Yield strength,786.0,MPa,Ductility,13.0,%,0.0,0.0,0.405,0.0,0.0,0.0,0.0,0.0,0.0,0.2249999999999999,0.025,0.02,0.0,0.0,0.0,0.0,0.8,0.75,95.7,0.0,1.825,0.0,0.0,0.0,0.0,0.0,0.0,0.25,0.0,0.0,0.0,0.0,0.0,0.0,0.0,0.0,,,"Normalized, 50 mm (2 In.) Round","Normalized, 50 mm (2 In.) Round",325,9,Normalized – general-purpose steel (round normalized stock),9
,,,1,Steel database with labelled clusters,,,AISI 4140H Steel,Ultimate tensile strength,841.0,MPa,Yield strength,675.0,MPa,Ductility,23.0,%,0.0,0.0,0.405,0.0,0.0,0.0,0.0,0.0,0.0,0.2249999999999999,0.035,0.04,0.0,0.0,0.0,0.0,0.975,0.875,97.22,0.0,0.0,0.0,0.0,0.0,0.0,0.0,0.0,0.2249999999999999,0.0,0.0,0.0,0.0,0.0,0.0,0.0,0.0,,,"Oil Quenched 845C (1550F), 650C (1200F) Temper, 50 mm (2 In.) Round","Oil Quenched 845C (1550F), 650C (1200F) Temper, 50 mm (2 In.) Round",64,6,Quenched (oil) & tempered – high-strength structural steel,6
,,,1,Steel database with labelled clusters,,,AISI 1340 Steel,Ultimate tensile strength,814.0,MPa,Yield strength,745.0,MPa,Ductility,22.0,%,0.0,0.0,0.405,0.0,0.0,0.0,0.0,0.0,0.0,0.25,0.035,0.04,0.0,0.0,0.0,0.0,0.0,1.75,97.52,0.0,0.0,0.0,0.0,0.0,0.0,0.0,0.0,0.0,0.0,0.0,0.0,0.0,0.0,0.0,0.0,0.0,,,"Oil Quenched From 830C (1525F), 650C (1200F) Temper, 13 mm (0.5 In.) Round","Oil Quenched From 830C (1525F), 650C (1200F) Temper, 13 mm (0.5 In.) Round",1024,6,Quenched (oil) & tempered – high-strength structural steel,6
,,,1,Steel database with labelled clusters,,,AISI 1040 Steel,Ultimate tensile strength,585.0,MPa,Yield strength,515.0,MPa,Ductility,10.0,%,0.0,0.0,0.405,0.0,0.0,0.0,0.0,0.0,0.0,0.0,0.04,0.05,0.0,0.0,0.0,0.0,0.0,0.75,98.755,0.0,0.0,0.0,0.0,0.0,0.0,0.0,0.0,0.0,0.0,0.0,0.0,0.0,0.0,0.0,0.0,0.0,,,"Cold Drawn, Low Temperature, Stress Relieved, 32-50 mm (1.25-2 In) Round","Cold Drawn, Low Temperature, Stress Relieved, 32-50 mm (1.25-2 In) Round",1633,0,Carburized – quenched (oil) – wear-resistant surface steel,0
,,,1,Steel database with labelled clusters,,,AISI 1021 Steel,Ultimate tensile strength,510.0,MPa,Yield strength,293.0,MPa,Ductility,32.0,%,0.0,0.0,0.2,0.0,0.0,0.0,0.0,0.0,0.0,0.0,0.04,0.05,0.0,0.0,0.0,0.0,0.0,0.75,98.96,0.0,0.0,0.0,0.0,0.0,0.0,0.0,0.0,0.0,0.0,0.0,0.0,0.0,0.0,0.0,0.0,0.0,,,"Mock Carburized At 910C (1670F) For 8 Hours, 775C (1430F) Reheat, Water Quenched, 175C (350F) Temper, 100 mm (4 In.) Round","Mock Carburized At 910C (1670F) For 8 Hours, 775C (1430F) Reheat, Water Quenched, 175C (350F) Temper, 100 mm (4 In.) Round",1665,8,Carburized – quenched (oil) – wear-resistant surface steel (variant),8
,,,1,Steel database with labelled clusters,,,AISI 1144 Steel,Ultimate tensile strength,696.0,MPa,Yield strength,450.0,MPa,Ductility,23.0,%,0.0,0.0,0.44,0.0,0.0,0.0,0.0,0.0,0.0,0.0,0.04,0.285,0.0,0.0,0.0,0.0,0.0,1.5,97.735,0.0,0.0,0.0,0.0,0.0,0.0,0.0,0.0,0.0,0.0,0.0,0.0,0.0,0.0,0.0,0.0,0.0,,,"Oil Quenched 845C (1550F), 595C (1100F) Temper, 50 mm (2 In.) Round","Oil Quenched 845C (1550F), 595C (1100F) Temper, 50 mm (2 In.) Round",1980,6,Quenched (oil) & tempered – high-strength structural steel,6
,,,1,Steel database with labelled clusters,,,AISI 1108 Steel,Ultimate tensile strength,345.0,MPa,Yield strength,195.0,MPa,Ductility,30.0,%,0.0,0.0,0.105,0.0,0.0,0.0,0.0,0.0,0.0,0.0,0.04,0.105,0.0,0.0,0.0,0.0,0.0,0.65,99.1,0.0,0.0,0.0,0.0,0.0,0.0,0.0,0.0,0.0,0.0,0.0,0.0,0.0,0.0,0.0,0.0,0.0,,,"Hot Rolled, 19-32 mm (0.75-1.25 In) Round","Hot Rolled, 19-32 mm (0.75-1.25 In) Round",1903,3,Normalized – easy-to-machine stock (cold drawn),3
,,,1,Steel database with labelled clusters,,,AISI 4320 Steel,Ultimate tensile strength,1295.0,MPa,Yield strength,1035.0,MPa,Ductility,13.0,%,0.0,0.0,0.195,0.0,0.0,0.0,0.0,0.0,0.0,0.2249999999999999,0.035,0.04,0.0,0.0,0.0,0.0,0.5,0.55,96.38,0.0,1.825,0.0,0.0,0.0,0.0,0.0,0.0,0.25,0.0,0.0,0.0,0.0,0.0,0.0,0.0,0.0,,,"Mock Carburized 925C (1700F) For 8 Hrs., Reheated To 815C (1500F), Oil Quenched, 230C (450F) Temper, 13 mm (0.5 In.) Rounds","Mock Carburized 925C (1700F) For 8 Hrs., Reheated To 815C (1500F), Oil Quenched, 230C (450F) Temper, 13 mm (0.5 In.) Rounds",213,8,Carburized – quenched (oil) – wear-resistant surface steel (variant),8
,,,1,Steel database with labelled clusters,,,AISI 8622H Steel,Ultimate tensile strength,1250.0,MPa,Yield strength,900.0,MPa,Ductility,13.0,%,0.0,0.0,0.22,0.0,0.0,0.0,0.0,0.0,0.0,0.2249999999999999,0.035,0.04,0.0,0.0,0.0,0.0,0.495,0.7749999999999999,97.46,0.0,0.55,0.0,0.0,0.0,0.0,0.0,0.0,0.2,0.0,0.0,0.0,0.0,0.0,0.0,0.0,0.0,,,"Heat Treated, Machined To 25 mm (1 In.) Rounds, Pseudocarburized, 865C (1590F) Reheat, 150C (300F) Temper","Heat Treated, Machined To 25 mm (1 In.) Rounds, Pseudocarburized, 865C (1590F) Reheat, 150C (300F) Temper",745,0,Carburized – quenched (oil) – wear-resistant surface steel,0
,,,1,Steel database with labelled clusters,,,Cast Stainless Steel CF3M,Ultimate tensile strength,485.0,MPa,Yield strength,205.0,MPa,Ductility,30.0,%,0.0,0.0,0.03,0.15,0.0,0.0,0.0,0.0,0.0,1.5,0.04,0.04,0.0,0.0,0.0,0.0,19.0,1.5,64.24000000000001,0.0,11.0,0.0,0.0,0.0,0.0,0.0,0.0,2.5,0.0,0.0,0.0,0.0,0.0,0.0,0.0,0.0,,,Astm A743,Astm A743,1201,2,Quenched (oil) – general-purpose steel (tested),2
,,,1,Steel database with labelled clusters,,,AISI E4340 Steel,Ultimate tensile strength,1172.0,MPa,Yield strength,1103.0,MPa,Ductility,16.0,%,0.0,0.0,0.405,0.0,0.0,0.0,0.0,0.0,0.0,0.2249999999999999,0.025,0.02,0.0,0.0,0.0,0.0,0.8,0.75,95.7,0.0,1.825,0.0,0.0,0.0,0.0,0.0,0.0,0.25,0.0,0.0,0.0,0.0,0.0,0.0,0.0,0.0,,,"Oil Quenched 800C (1470F), 540C (1000F) Temper, 50 mm (2 In.) Round","Oil Quenched 800C (1470F), 540C (1000F) Temper, 50 mm (2 In.) Round",299,6,Quenched (oil) & tempered – high-strength structural steel,6
,,,1,Steel database with labelled clusters,,,AISI 1022 Steel,Ultimate tensile strength,464.0,MPa,Yield strength,310.0,MPa,Ductility,33.0,%,0.0,0.0,0.2,0.0,0.0,0.0,0.0,0.0,0.0,0.0,0.04,0.05,0.0,0.0,0.0,0.0,0.0,0.85,98.86,0.0,0.0,0.0,0.0,0.0,0.0,0.0,0.0,0.0,0.0,0.0,0.0,0.0,0.0,0.0,0.0,0.0,,,"Normalized At 925C (1700F), Cooled In Air, 100 mm (4 In.) Round","Normalized At 925C (1700F), Cooled In Air, 100 mm (4 In.) Round",1492,4,Normalized (air cooled) – general-purpose steel,4
,,,1,Steel database with labelled clusters,,,AISI 1132 Steel,Ultimate tensile strength,640.0,MPa,Yield strength,485.0,MPa,Ductility,13.0,%,0.0,0.0,0.305,0.0,0.0,0.0,0.0,0.0,0.0,0.0,0.04,0.105,0.0,0.0,0.0,0.0,0.0,1.5,98.05,0.0,0.0,0.0,0.0,0.0,0.0,0.0,0.0,0.0,0.0,0.0,0.0,0.0,0.0,0.0,0.0,0.0,,,"Hot Rolled And Cold Drawn, 16-38 mm Round","Hot Rolled And Cold Drawn, 16-38 mm Round",1833,3,Normalized – easy-to-machine stock (cold drawn),3
,,,1,Steel database with labelled clusters,,,AISI 4140H Steel,Ultimate tensile strength,1585.0,MPa,Yield strength,1345.0,MPa,Ductility,11.0,%,0.0,0.0,0.405,0.0,0.0,0.0,0.0,0.0,0.0,0.2249999999999999,0.035,0.04,0.0,0.0,0.0,0.0,0.975,0.875,97.22,0.0,0.0,0.0,0.0,0.0,0.0,0.0,0.0,0.2249999999999999,0.0,0.0,0.0,0.0,0.0,0.0,0.0,0.0,,,"Oil Quenched, Tempered 315C (600F), 25 mm (1 In.) Round","Oil Quenched, Tempered 315C (600F), 25 mm (1 In.) Round",101,6,Quenched (oil) & tempered – high-strength structural steel,6
,,,1,Steel database with labelled clusters,,,AISI 1080 Steel,Ultimate tensile strength,675.0,MPa,Yield strength,515.0,MPa,Ductility,10.0,%,0.0,0.0,0.815,0.0,0.0,0.0,0.0,0.0,0.0,0.0,0.04,0.05,0.0,0.0,0.0,0.0,0.0,0.75,98.345,0.0,0.0,0.0,0.0,0.0,0.0,0.0,0.0,0.0,0.0,0.0,0.0,0.0,0.0,0.0,0.0,0.0,,,"Cold Drawn, Spheroidized Annealed, 19-32 mm (0.75-1.25 In) Round","Cold Drawn, Spheroidized Annealed, 19-32 mm (0.75-1.25 In) Round",1692,3,Normalized – easy-to-machine stock (cold drawn),3
,,,1,Steel database with labelled clusters,,,AISI 1215 Steel,Ultimate tensile strength,540.0,MPa,Yield strength,415.0,MPa,Ductility,10.0,%,0.0,0.0,0.09,0.0,0.0,0.0,0.0,0.0,0.0,0.0,0.065,0.305,0.0,0.0,0.0,0.0,0.0,0.9,98.64,0.0,0.0,0.0,0.0,0.0,0.0,0.0,0.0,0.0,0.0,0.0,0.0,0.0,0.0,0.0,0.0,0.0,,,"Cold Drawn, 19-38 mm Round","Cold Drawn, 19-38 mm Round",1922,3,Normalized – easy-to-machine stock (cold drawn),3
,,,1,Steel database with labelled clusters,,,ASTM A607 Steel,Ultimate tensile strength,515.0,MPa,Yield strength,415.0,MPa,Ductility,18.0,%,0.0,0.0,0.26,0.0,0.0,0.0,0.0,0.0,0.0,0.0,0.04,0.05,0.0,0.0,0.0,0.0,0.0,1.5,98.15,0.0,0.0,0.0,0.0,0.0,0.0,0.0,0.0,0.0,0.0,0.0,0.0,0.0,0.0,0.0,0.0,0.0,,,"Grade 60, Hot Rolled","Grade 60, Hot Rolled",1429,1,Hot rolled – general construction steel,1
,,,1,Steel database with labelled clusters,,,AISI 1340H Steel,Ultimate tensile strength,752.0,MPa,Yield strength,565.0,MPa,Ductility,24.0,%,0.0,0.0,0.405,0.0,0.0,0.0,0.0,0.0,0.0,0.25,0.035,0.04,0.0,0.0,0.0,0.0,0.0,1.75,97.52,0.0,0.0,0.0,0.0,0.0,0.0,0.0,0.0,0.0,0.0,0.0,0.0,0.0,0.0,0.0,0.0,0.0,,,"Oil Quenched From 830C (1525F), 595C (1100F) Temper, 50 mm (2 In.) Round","Oil Quenched From 830C (1525F), 595C (1100F) Temper, 50 mm (2 In.) Round",1095,6,Quenched (oil) & tempered – high-strength structural steel,6
,,,1,Steel database with labelled clusters,,,AISI 8617H Steel,Ultimate tensile strength,883.0,MPa,Yield strength,650.0,MPa,Ductility,19.0,%,0.0,0.0,0.17,0.0,0.0,0.0,0.0,0.0,0.0,0.2249999999999999,0.035,0.04,0.0,0.0,0.0,0.0,0.5,0.8,97.48,0.0,0.55,0.0,0.0,0.0,0.0,0.0,0.0,0.2,0.0,0.0,0.0,0.0,0.0,0.0,0.0,0.0,,,"Heat Treated, Machined, Pseudocarburized, 150C (300F) Temper","Heat Treated, Machined, Pseudocarburized, 150C (300F) Temper",1023,0,Carburized – quenched (oil) – wear-resistant surface steel,0
,,,1,Steel database with labelled clusters,,,AISI 1021 Steel,Ultimate tensile strength,450.0,MPa,Yield strength,315.0,MPa,Ductility,35.0,%,0.0,0.0,0.2,0.0,0.0,0.0,0.0,0.0,0.0,0.0,0.04,0.05,0.0,0.0,0.0,0.0,0.0,0.75,98.96,0.0,0.0,0.0,0.0,0.0,0.0,0.0,0.0,0.0,0.0,0.0,0.0,0.0,0.0,0.0,0.0,0.0,,,"Annealed At 870C (1600F), Furnace Cooled 17C (31F) Per Hour To 675C, Air Cooled, 25 mm (1 In.) Round","Annealed At 870C (1600F), Furnace Cooled 17C (31F) Per Hour To 675C, Air Cooled, 25 mm (1 In.) Round",1466,7,Annealed – easy-to-machine – round annealed stock,7
,,,1,Steel database with labelled clusters,,,ASTM A710 Steel,Ultimate tensile strength,585.0,MPa,Yield strength,515.0,MPa,Ductility,20.0,%,0.0,0.0,0.07,0.0,0.0,0.0,0.0,0.0,0.0,0.4,0.025,0.025,0.0,0.0,0.0,0.0,0.75,0.55,95.96,0.0,0.85,1.15,0.0,0.0,0.0,0.0,0.02,0.2,0.0,0.0,0.0,0.0,0.0,0.0,0.0,0.0,,,"Grade A, Class 3, 6.4 - 50 mm Inclusive","Grade A, Class 3, 6.4 - 50 mm Inclusive",1118,1,Hot rolled – general construction steel,1
,,,1,Steel database with labelled clusters,,,AISI 4320H Steel,Ultimate tensile strength,1110.0,MPa,Yield strength,958.0,MPa,Ductility,16.0,%,0.0,0.0,0.2,0.0,0.0,0.0,0.0,0.0,0.0,0.2249999999999999,0.035,0.04,0.0,0.0,0.0,0.0,0.5,0.55,96.425,0.0,1.775,0.0,0.0,0.0,0.0,0.0,0.0,0.25,0.0,0.0,0.0,0.0,0.0,0.0,0.0,0.0,,,"Normalized 925C (1700F), Pseudocarburized At 925C (1700F) For 8 Hrs., Reheated To 830C (1525F) And Oil Quenched, 150C (300F) Temper; Tested In 12.8 mm Rounds","Normalized 925C (1700F), Pseudocarburized At 925C (1700F) For 8 Hrs., Reheated To 830C (1525F) And Oil Quenched, 150C (300F) Temper; Tested In 12.8 mm Rounds",238,0,Carburized – quenched (oil) – wear-resistant surface steel,0
,,,1,Steel database with labelled clusters,,,AISI 8620H Steel,Ultimate tensile strength,1324.0,MPa,Yield strength,1036.0,MPa,Ductility,12.0,%,0.0,0.0,0.205,0.0,0.0,0.0,0.0,0.0,0.0,0.25,0.035,0.04,0.0,0.0,0.0,0.0,0.5,0.7749999999999999,97.445,0.0,0.55,0.0,0.0,0.0,0.0,0.0,0.0,0.2,0.0,0.0,0.0,0.0,0.0,0.0,0.0,0.0,,,"Direct Quenched From Pot, 150C (300F) Temper, Carburized","Direct Quenched From Pot, 150C (300F) Temper, Carburized",705,5,Carburized – quenched (oil) – wear-resistant surface steel (variant),5
,,,1,Steel database with labelled clusters,,,AISI 6150H Steel,Ultimate tensile strength,896.0,MPa,Yield strength,515.0,MPa,Ductility,20.0,%,0.0,0.0,0.505,0.0,0.0,0.0,0.0,0.0,0.0,0.2249999999999999,0.035,0.04,0.0,0.0,0.0,0.15,0.975,0.8,97.27,0.0,0.0,0.0,0.0,0.0,0.0,0.0,0.0,0.0,0.0,0.0,0.0,0.0,0.0,0.0,0.0,0.0,,,"Normalized, 50 mm (2 In.) Round","Normalized, 50 mm (2 In.) Round",819,9,Normalized – general-purpose steel (round normalized stock),9
,,,1,Steel database with labelled clusters,,,AISI 1022 Steel,Ultimate tensile strength,570.0,MPa,Yield strength,415.0,MPa,Ductility,30.0,%,0.0,0.0,0.2,0.0,0.0,0.0,0.0,0.0,0.0,0.0,0.04,0.05,0.0,0.0,0.0,0.0,0.0,0.85,98.86,0.0,0.0,0.0,0.0,0.0,0.0,0.0,0.0,0.0,0.0,0.0,0.0,0.0,0.0,0.0,0.0,0.0,,,"Heat Treated, Quenched From Pot, 13.7 mm Round","Heat Treated, Quenched From Pot, 13.7 mm Round",1493,0,Carburized – quenched (oil) – wear-resistant surface steel,0
,,,1,Steel database with labelled clusters,,,Cast Stainless Steel CF16F,Ultimate tensile strength,485.0,MPa,Yield strength,205.0,MPa,Ductility,25.0,%,0.0,0.0,0.16,0.0,0.0,0.0,0.0,0.0,0.0,2.0,0.17,0.04,0.0,0.0,0.0,0.0,19.5,1.5,64.63,0.0,10.5,0.0,0.0,0.0,0.0,0.0,0.0,1.5,0.0,0.0,0.0,0.0,0.0,0.0,0.0,0.0,,,Astm A743,Astm A743,1197,2,Quenched (oil) – general-purpose steel (tested),2
,,,1,Steel database with labelled clusters,,,AISI 4118H Steel,Ultimate tensile strength,869.0,MPa,Yield strength,440.0,MPa,Ductility,21.0,%,0.0,0.0,0.2,0.0,0.0,0.0,0.0,0.0,0.0,0.2249999999999999,0.035,0.04,0.0,0.0,0.0,0.0,0.5,0.8,98.085,0.0,0.0,0.0,0.0,0.0,0.0,0.0,0.0,0.1149999999999999,0.0,0.0,0.0,0.0,0.0,0.0,0.0,0.0,,,"Single Quenched, 150C (300F) Temper, 1.2 mm Case Depth","Single Quenched, 150C (300F) Temper, 1.2 mm Case Depth",116,5,Carburized – quenched (oil) – wear-resistant surface steel (variant),5
,,,1,Steel database with labelled clusters,,,AISI 5140H Steel,Ultimate tensile strength,827.0,MPa,Yield strength,703.0,MPa,Ductility,22.0,%,0.0,0.0,0.405,0.0,0.0,0.0,0.0,0.0,0.0,0.2249999999999999,0.035,0.04,0.0,0.0,0.0,0.0,0.8,0.8,97.695,0.0,0.0,0.0,0.0,0.0,0.0,0.0,0.0,0.0,0.0,0.0,0.0,0.0,0.0,0.0,0.0,0.0,,,"Oil Quenched 845C (1550F), 650C (1200F) Temper, 13 mm (0.5 In.) Round","Oil Quenched 845C (1550F), 650C (1200F) Temper, 13 mm (0.5 In.) Round",589,6,Quenched (oil) & tempered – high-strength structural steel,6
,,,1,Steel database with labelled clusters,,,AISI 1035 Steel,Ultimate tensile strength,585.0,MPa,Yield strength,515.0,MPa,Ductility,13.0,%,0.0,0.0,0.345,0.0,0.0,0.0,0.0,0.0,0.0,0.0,0.04,0.05,0.0,0.0,0.0,0.0,0.0,0.75,98.815,0.0,0.0,0.0,0.0,0.0,0.0,0.0,0.0,0.0,0.0,0.0,0.0,0.0,0.0,0.0,0.0,0.0,,,"As Cold Drawn, 16-22 mm (0.625-0.875 In) Round","As Cold Drawn, 16-22 mm (0.625-0.875 In) Round",1760,3,Normalized – easy-to-machine stock (cold drawn),3
,,,1,Steel database with labelled clusters,,,AISI 1018 Steel,Ultimate tensile strength,440.0,MPa,Yield strength,370.0,MPa,Ductility,15.0,%,0.0,0.0,0.17,0.0,0.0,0.0,0.0,0.0,0.0,0.0,0.04,0.05,0.0,0.0,0.0,0.0,0.0,0.75,98.99,0.0,0.0,0.0,0.0,0.0,0.0,0.0,0.0,0.0,0.0,0.0,0.0,0.0,0.0,0.0,0.0,0.0,,,Cold Drawn,Cold Drawn,1494,2,Quenched (oil) – general-purpose steel (tested),2
,,,1,Steel database with labelled clusters,,,AISI 5140H Steel,Ultimate tensile strength,570.0,MPa,Yield strength,295.0,MPa,Ductility,28.0,%,0.0,0.0,0.405,0.0,0.0,0.0,0.0,0.0,0.0,0.2249999999999999,0.035,0.04,0.0,0.0,0.0,0.0,0.8,0.8,97.695,0.0,0.0,0.0,0.0,0.0,0.0,0.0,0.0,0.0,0.0,0.0,0.0,0.0,0.0,0.0,0.0,0.0,,,Annealed 830C,Annealed 830C,620,7,Annealed – easy-to-machine – round annealed stock,7
,,,1,Steel database with labelled clusters,,,AISI E4340 Steel,Ultimate tensile strength,1448.0,MPa,Yield strength,972.0,MPa,Ductility,12.0,%,0.0,0.0,0.405,0.0,0.0,0.0,0.0,0.0,0.0,0.2249999999999999,0.025,0.02,0.0,0.0,0.0,0.0,0.8,0.75,95.7,0.0,1.825,0.0,0.0,0.0,0.0,0.0,0.0,0.25,0.0,0.0,0.0,0.0,0.0,0.0,0.0,0.0,,,"Normalized, 13 mm (0.5 In.) Round","Normalized, 13 mm (0.5 In.) Round",454,9,Normalized – general-purpose steel (round normalized stock),9
,,,1,Steel database with labelled clusters,,,AISI 1015 Steel,Ultimate tensile strength,425.0,MPa,Yield strength,325.0,MPa,Ductility,37.0,%,0.0,0.0,0.155,0.0,0.0,0.0,0.0,0.0,0.0,0.0,0.04,0.05,0.0,0.0,0.0,0.0,0.0,0.4499999999999999,99.305,0.0,0.0,0.0,0.0,0.0,0.0,0.0,0.0,0.0,0.0,0.0,0.0,0.0,0.0,0.0,0.0,0.0,,,Normalized At 925C (1700F),Normalized At 925C (1700F),1545,4,Normalized (air cooled) – general-purpose steel,4
,,,1,Steel database with labelled clusters,,,AISI 4320H Steel,Ultimate tensile strength,703.0,MPa,Yield strength,405.0,MPa,Ductility,23.0,%,0.0,0.0,0.2,0.0,0.0,0.0,0.0,0.0,0.0,0.2249999999999999,0.035,0.04,0.0,0.0,0.0,0.0,0.5,0.55,96.425,0.0,1.775,0.0,0.0,0.0,0.0,0.0,0.0,0.25,0.0,0.0,0.0,0.0,0.0,0.0,0.0,0.0,,,"Normalized: Heated To 895C (1640F), Air Cooled, 50 mm (2 In.) Round","Normalized: Heated To 895C (1640F), Air Cooled, 50 mm (2 In.) Round",434,4,Normalized (air cooled) – general-purpose steel,4
,,,1,Steel database with labelled clusters,,,AISI 4620H Steel,Ultimate tensile strength,675.0,MPa,Yield strength,455.0,MPa,Ductility,27.0,%,0.0,0.0,0.2,0.0,0.0,0.0,0.0,0.0,0.0,0.25,0.035,0.04,0.0,0.0,0.0,0.0,0.0,0.55,96.9,0.0,1.775,0.0,0.0,0.0,0.0,0.0,0.0,0.25,0.0,0.0,0.0,0.0,0.0,0.0,0.0,0.0,,,"Mock Carburized, 230C (450F) Temper, 25 mm (1 In.) Round","Mock Carburized, 230C (450F) Temper, 25 mm (1 In.) Round",354,8,Carburized – quenched (oil) – wear-resistant surface steel (variant),8
,,,1,Steel database with labelled clusters,,,AISI 1144 Steel,Ultimate tensile strength,725.0,MPa,Yield strength,655.0,MPa,Ductility,10.0,%,0.0,0.0,0.44,0.0,0.0,0.0,0.0,0.0,0.0,0.0,0.04,0.285,0.0,0.0,0.0,0.0,0.0,1.5,97.735,0.0,0.0,0.0,0.0,0.0,0.0,0.0,0.0,0.0,0.0,0.0,0.0,0.0,0.0,0.0,0.0,0.0,,,"Cold Drawn, Low Temperature, Stress Relieved, 32-50 mm (1.25-2 In) Round","Cold Drawn, Low Temperature, Stress Relieved, 32-50 mm (1.25-2 In) Round",1838,0,Carburized – quenched (oil) – wear-resistant surface steel,0
,,,1,Steel database with labelled clusters,,,AISI E4340 Steel,Ultimate tensile strength,958.0,MPa,Yield strength,883.0,MPa,Ductility,20.0,%,0.0,0.0,0.405,0.0,0.0,0.0,0.0,0.0,0.0,0.2249999999999999,0.025,0.02,0.0,0.0,0.0,0.0,0.8,0.75,95.7,0.0,1.825,0.0,0.0,0.0,0.0,0.0,0.0,0.25,0.0,0.0,0.0,0.0,0.0,0.0,0.0,0.0,,,"Oil Quenched 800C (1470F), 650C (1200F) Temper, 25 mm Round","Oil Quenched 800C (1470F), 650C (1200F) Temper, 25 mm Round",257,6,Quenched (oil) & tempered – high-strength structural steel,6
,,,1,Steel database with labelled clusters,,,AISI 4320 Steel,Ultimate tensile strength,1490.0,MPa,Yield strength,1095.0,MPa,Ductility,12.0,%,0.0,0.0,0.195,0.0,0.0,0.0,0.0,0.0,0.0,0.2249999999999999,0.035,0.04,0.0,0.0,0.0,0.0,0.5,0.55,96.38,0.0,1.825,0.0,0.0,0.0,0.0,0.0,0.0,0.25,0.0,0.0,0.0,0.0,0.0,0.0,0.0,0.0,,,"Direct Quench From Pot (Carburized 925C (1700F) For 8 Hrs., Quenched In Agitated Oil, 230C (450F) Temper), 1.5 mm Case Depth","Direct Quench From Pot (Carburized 925C (1700F) For 8 Hrs., Quenched In Agitated Oil, 230C (450F) Temper), 1.5 mm Case Depth",174,5,Carburized – quenched (oil) – wear-resistant surface steel (variant),5
,,,1,Steel database with labelled clusters,,,ASTM A709 Steel,Ultimate tensile strength,400.0,MPa,Yield strength,220.0,MPa,Ductility,20.0,%,0.0,0.0,0.275,0.0,0.0,0.0,0.0,0.0,0.0,0.275,0.04,0.05,0.0,0.0,0.0,0.0,0.0,0.75,98.61,0.0,0.0,0.0,0.0,0.0,0.0,0.0,0.0,0.0,0.0,0.0,0.0,0.0,0.0,0.0,0.0,0.0,,,"Grade 36, Carbon Steel Bar (Diam. > 200 mm)","Grade 36, Carbon Steel Bar (Diam. > 200 mm)",1377,2,Quenched (oil) – general-purpose steel (tested),2
,,,1,Steel database with labelled clusters,,,ASTM A514 Steel,Ultimate tensile strength,760.0,MPa,Yield strength,690.0,MPa,Ductility,18.0,%,0.0,0.00325,0.15,0.0,0.0,0.0,0.0,0.0,0.0,0.25,0.04,0.04,0.0,0.0,0.0,0.055,0.525,0.8,96.46175,0.0,0.85,0.325,0.0,0.0,0.0,0.0,0.0,0.5,0.0,0.0,0.0,0.0,0.0,0.0,0.0,0.0,,,"Grade F, Plate Thickness 19 - 64 mm","Grade F, Plate Thickness 19 - 64 mm",1239,11,plate – no special treatment – general-purpose steel,11
,,,1,Steel database with labelled clusters,,,AISI 1040 Steel,Ultimate tensile strength,550.0,MPa,Yield strength,485.0,MPa,Ductility,11.0,%,0.0,0.0,0.405,0.0,0.0,0.0,0.0,0.0,0.0,0.0,0.04,0.05,0.0,0.0,0.0,0.0,0.0,0.75,98.755,0.0,0.0,0.0,0.0,0.0,0.0,0.0,0.0,0.0,0.0,0.0,0.0,0.0,0.0,0.0,0.0,0.0,,,"Cold Drawn, Low Temperature, Stress Relieved, 50-75 mm (2-3 In) Round","Cold Drawn, Low Temperature, Stress Relieved, 50-75 mm (2-3 In) Round",1790,0,Carburized – quenched (oil) – wear-resistant surface steel,0
,,,1,Steel database with labelled clusters,,,AISI 5150 Steel,Ultimate tensile strength,841.0,MPa,Yield strength,435.0,MPa,Ductility,18.0,%,0.0,0.0,0.505,0.0,0.0,0.0,0.0,0.0,0.0,0.2249999999999999,0.035,0.04,0.0,0.0,0.0,0.0,0.8,0.8,97.595,0.0,0.0,0.0,0.0,0.0,0.0,0.0,0.0,0.0,0.0,0.0,0.0,0.0,0.0,0.0,0.0,0.0,,,"Normalized, 100 mm (4 In.) Round","Normalized, 100 mm (4 In.) Round",721,9,Normalized – general-purpose steel (round normalized stock),9
,,,1,Steel database with labelled clusters,,,Cast Stainless Steel CF8M,Ultimate tensile strength,485.0,MPa,Yield strength,205.0,MPa,Ductility,30.0,%,0.0,0.0,0.08,0.0,0.0,0.0,0.0,0.0,0.0,2.0,0.04,0.04,0.0,0.0,0.0,0.0,19.5,1.5,63.84,0.0,10.5,0.0,0.0,0.0,0.0,0.0,0.0,2.5,0.0,0.0,0.0,0.0,0.0,0.0,0.0,0.0,,,Astm A743,Astm A743,1341,2,Quenched (oil) – general-purpose steel (tested),2
,,,1,Steel database with labelled clusters,,,AISI 4140 Steel,Ultimate tensile strength,931.0,MPa,Yield strength,793.0,MPa,Ductility,22.0,%,0.0,0.0,0.405,0.0,0.0,0.0,0.0,0.0,0.0,0.2249999999999999,0.035,0.04,0.0,0.0,0.0,0.0,0.95,0.875,97.27,0.0,0.0,0.0,0.0,0.0,0.0,0.0,0.0,0.2,0.0,0.0,0.0,0.0,0.0,0.0,0.0,0.0,,,"Oil Quenched, 650C (1200F) Temper, 25 mm (1 In.) Round","Oil Quenched, 650C (1200F) Temper, 25 mm (1 In.) Round",79,6,Quenched (oil) & tempered – high-strength structural steel,6
,,,1,Steel database with labelled clusters,,,AISI E9310 Steel,Ultimate tensile strength,820.0,MPa,Yield strength,440.0,MPa,Ductility,17.0,%,0.0,0.0,0.105,0.0,0.0,0.0,0.0,0.0,0.0,0.275,0.025,0.025,0.0,0.0,0.0,0.0,1.2,0.55,94.455,0.0,3.25,0.0,0.0,0.0,0.0,0.0,0.0,0.1149999999999999,0.0,0.0,0.0,0.0,0.0,0.0,0.0,0.0,,,Annealed At 845C (1550F),Annealed At 845C (1550F),1008,7,Annealed – easy-to-machine – round annealed stock,7
,,,1,Steel database with labelled clusters,,,AISI 1141 Steel,Ultimate tensile strength,655.0,MPa,Yield strength,415.0,MPa,Ductility,25.0,%,0.0,0.0,0.41,0.0,0.0,0.0,0.0,0.0,0.0,0.0,0.04,0.105,0.0,0.0,0.0,0.0,0.0,1.5,97.945,0.0,0.0,0.0,0.0,0.0,0.0,0.0,0.0,0.0,0.0,0.0,0.0,0.0,0.0,0.0,0.0,0.0,,,"Oil Quenched From 815C, 650C (1200F) Temper, 100 mm (4 In.) Round","Oil Quenched From 815C, 650C (1200F) Temper, 100 mm (4 In.) Round",1818,6,Quenched (oil) & tempered – high-strength structural steel,6
,,,1,Steel database with labelled clusters,,,AISI 4027 Steel,Ultimate tensile strength,993.0,MPa,Yield strength,896.0,MPa,Ductility,17.0,%,0.0,0.0,0.275,0.0,0.0,0.0,0.0,0.0,0.0,0.25,0.035,0.04,0.0,0.0,0.0,0.0,0.0,0.8,98.35,0.0,0.0,0.0,0.0,0.0,0.0,0.0,0.0,0.25,0.0,0.0,0.0,0.0,0.0,0.0,0.0,0.0,,,"Water Quenched 865C (1590F), 540C (1000F) Temper, 14 mm (0.55 In.) Round","Water Quenched 865C (1590F), 540C (1000F) Temper, 14 mm (0.55 In.) Round",33,10,Quenched (water) & tempered – high-strength structural steel,10
,,,1,Steel database with labelled clusters,,,AISI 8740 Steel,Ultimate tensile strength,876.0,MPa,Yield strength,731.0,MPa,Ductility,21.0,%,0.0,0.0,0.405,0.0,0.0,0.0,0.0,0.0,0.0,0.2249999999999999,0.035,0.04,0.0,0.0,0.0,0.0,0.5,0.875,97.12,0.0,0.55,0.0,0.0,0.0,0.0,0.0,0.0,0.25,0.0,0.0,0.0,0.0,0.0,0.0,0.0,0.0,,,"Oil Quenched 830C (1525F), 650C (1200F) Temper, 50 mm (2 In.) Round","Oil Quenched 830C (1525F), 650C (1200F) Temper, 50 mm (2 In.) Round",916,6,Quenched (oil) & tempered – high-strength structural steel,6
,,,1,Steel database with labelled clusters,,,AISI 1035 Steel,Ultimate tensile strength,550.0,MPa,Yield strength,485.0,MPa,Ductility,12.0,%,0.0,0.0,0.345,0.0,0.0,0.0,0.0,0.0,0.0,0.0,0.04,0.05,0.0,0.0,0.0,0.0,0.0,0.75,98.815,0.0,0.0,0.0,0.0,0.0,0.0,0.0,0.0,0.0,0.0,0.0,0.0,0.0,0.0,0.0,0.0,0.0,,,"Cold Drawn, Low Temperature, Stress Relieved, 32-50 mm (1.25-2 In) Round","Cold Drawn, Low Temperature, Stress Relieved, 32-50 mm (1.25-2 In) Round",1590,0,Carburized – quenched (oil) – wear-resistant surface steel,0
,,,1,Steel database with labelled clusters,,,AISI 1050 Steel,Ultimate tensile strength,774.0,MPa,Yield strength,470.0,MPa,Ductility,23.0,%,0.0,0.0,0.51,0.0,0.0,0.0,0.0,0.0,0.0,0.0,0.04,0.05,0.0,0.0,0.0,0.0,0.0,0.75,98.65,0.0,0.0,0.0,0.0,0.0,0.0,0.0,0.0,0.0,0.0,0.0,0.0,0.0,0.0,0.0,0.0,0.0,,,"Water Quenched From 830C (1525F), 595C (1100F) Temper, 100 mm (4 In.) Round","Water Quenched From 830C (1525F), 595C (1100F) Temper, 100 mm (4 In.) Round",1731,10,Quenched (water) & tempered – high-strength structural steel,10
,,,1,Steel database with labelled clusters,,,AISI 8620H Steel,Ultimate tensile strength,635.0,MPa,Yield strength,360.0,MPa,Ductility,26.0,%,0.0,0.0,0.205,0.0,0.0,0.0,0.0,0.0,0.0,0.25,0.035,0.04,0.0,0.0,0.0,0.0,0.5,0.7749999999999999,97.445,0.0,0.55,0.0,0.0,0.0,0.0,0.0,0.0,0.2,0.0,0.0,0.0,0.0,0.0,0.0,0.0,0.0,,,"Normalized, 13 mm (0.5 In.) Round","Normalized, 13 mm (0.5 In.) Round",723,9,Normalized – general-purpose steel (round normalized stock),9
,,,1,Steel database with labelled clusters,,,AISI 4140H Steel,Ultimate tensile strength,896.0,MPa,Yield strength,786.0,MPa,Ductility,21.0,%,0.0,0.0,0.405,0.0,0.0,0.0,0.0,0.0,0.0,0.2249999999999999,0.035,0.04,0.0,0.0,0.0,0.0,0.975,0.875,97.22,0.0,0.0,0.0,0.0,0.0,0.0,0.0,0.0,0.2249999999999999,0.0,0.0,0.0,0.0,0.0,0.0,0.0,0.0,,,"Heat Treated, 650C (1200F) Temper, 25 mm (1 In.) Round","Heat Treated, 650C (1200F) Temper, 25 mm (1 In.) Round",125,0,Carburized – quenched (oil) – wear-resistant surface steel,0
,,,1,Steel database with labelled clusters,,,AISI 1015 Steel,Ultimate tensile strength,464.0,MPa,Yield strength,270.0,MPa,Ductility,30.0,%,0.0,0.0,0.155,0.0,0.0,0.0,0.0,0.0,0.0,0.0,0.04,0.05,0.0,0.0,0.0,0.0,0.0,0.4499999999999999,99.305,0.0,0.0,0.0,0.0,0.0,0.0,0.0,0.0,0.0,0.0,0.0,0.0,0.0,0.0,0.0,0.0,0.0,,,"Mock Carburized At 915C (1680F) For 8 Hours, 775C (1430F) Reheat, Water Quenched, 175C (350F) Temper, 100 mm (4 In.) Round","Mock Carburized At 915C (1680F) For 8 Hours, 775C (1430F) Reheat, Water Quenched, 175C (350F) Temper, 100 mm (4 In.) Round",1447,8,Carburized – quenched (oil) – wear-resistant surface steel (variant),8
,,,1,Steel database with labelled clusters,,,AISI 4620 Steel,Ultimate tensile strength,675.0,MPa,Yield strength,460.0,MPa,Ductility,25.0,%,0.0,0.0,0.195,0.0,0.0,0.0,0.0,0.0,0.0,0.25,0.035,0.04,0.0,0.0,0.0,0.0,0.0,0.55,96.855,0.0,1.825,0.0,0.0,0.0,0.0,0.0,0.0,0.25,0.0,0.0,0.0,0.0,0.0,0.0,0.0,0.0,,,"Mock Carburized, 150C (300F) Temper, 25 mm (1 In.) Round","Mock Carburized, 150C (300F) Temper, 25 mm (1 In.) Round",343,8,Carburized – quenched (oil) – wear-resistant surface steel (variant),8
,,,1,Steel database with labelled clusters,,,AISI 4320 Steel,Ultimate tensile strength,1005.0,MPa,Yield strength,650.0,MPa,Ductility,21.0,%,0.0,0.0,0.195,0.0,0.0,0.0,0.0,0.0,0.0,0.2249999999999999,0.035,0.04,0.0,0.0,0.0,0.0,0.5,0.55,96.38,0.0,1.825,0.0,0.0,0.0,0.0,0.0,0.0,0.25,0.0,0.0,0.0,0.0,0.0,0.0,0.0,0.0,,,"Double Quenched And Tempered (Carburized 925C (1700F) For 8Hrs, Pot Cooled, Reheated To 815C (1500F), Quenched In Agitated Oil, Reheated To 775C, Quenched In Agitated Oil, 230C (450F) Temper), 230C (450F) Temper","Double Quenched And Tempered (Carburized 925C (1700F) For 8Hrs, Pot Cooled, Reheated To 815C (1500F), Quenched In Agitated Oil, Reheated To 775C, Quenched In Agitated Oil, 230C (450F) Temper), 230C (450F) Temper",164,5,Carburized – quenched (oil) – wear-resistant surface steel (variant),5
,,,1,Steel database with labelled clusters,,,AISI 4140H Steel,Ultimate tensile strength,1020.0,MPa,Yield strength,910.0,MPa,Ductility,19.0,%,0.0,0.0,0.405,0.0,0.0,0.0,0.0,0.0,0.0,0.2249999999999999,0.035,0.04,0.0,0.0,0.0,0.0,0.975,0.875,97.22,0.0,0.0,0.0,0.0,0.0,0.0,0.0,0.0,0.2249999999999999,0.0,0.0,0.0,0.0,0.0,0.0,0.0,0.0,,,"Heat Treated, 595C (1100F) Temper, 25 mm (1 In.) Round","Heat Treated, 595C (1100F) Temper, 25 mm (1 In.) Round",204,0,Carburized – quenched (oil) – wear-resistant surface steel,0
,,,1,Steel database with labelled clusters,,,AISI E4340 H Steel,Ultimate tensile strength,1172.0,MPa,Yield strength,1103.0,MPa,Ductility,16.0,%,0.0,0.0,0.405,0.0,0.0,0.0,0.0,0.0,0.0,0.2249999999999999,0.025,0.02,0.0,0.0,0.0,0.0,0.8,0.7749999999999999,95.725,0.0,1.775,0.0,0.0,0.0,0.0,0.0,0.0,0.25,0.0,0.0,0.0,0.0,0.0,0.0,0.0,0.0,,,"Oil Quenched 800C (1470F), 540C (1000F) Temper, 50 mm (2 In.) Round","Oil Quenched 800C (1470F), 540C (1000F) Temper, 50 mm (2 In.) Round",332,6,Quenched (oil) & tempered – high-strength structural steel,6
,,,1,Steel database with labelled clusters,,,ASTM A139 Steel,Ultimate tensile strength,415.0,MPa,Yield strength,290.0,MPa,Ductility,25.0,%,0.0,0.0,0.3,0.0,0.0,0.0,0.0,0.0,0.0,0.0,0.04,0.05,0.0,0.0,0.0,0.0,0.0,1.2,98.41,0.0,0.0,0.0,0.0,0.0,0.0,0.0,0.0,0.0,0.0,0.0,0.0,0.0,0.0,0.0,0.0,0.0,,,Grade C,Grade C,1455,1,Hot rolled – general construction steel,1
,,,1,Steel database with labelled clusters,,,AISI 12L14 Steel,Ultimate tensile strength,540.0,MPa,Yield strength,415.0,MPa,Ductility,10.0,%,0.0,0.0,0.15,0.0,0.0,0.0,0.0,0.0,0.0,0.0,0.065,0.305,0.0,0.0,0.0,0.0,0.0,1.0,98.48,0.0,0.0,0.0,0.0,0.0,0.0,0.0,0.0,0.0,0.0,0.0,0.0,0.0,0.0,0.0,0.0,0.0,,,"Cold Drawn, 19-38 mm Round","Cold Drawn, 19-38 mm Round",1877,3,Normalized – easy-to-machine stock (cold drawn),3
,,,1,Steel database with labelled clusters,,,AISI 1030 Steel,Ultimate tensile strength,550.0,MPa,Yield strength,395.0,MPa,Ductility,30.0,%,0.0,0.0,0.305,0.0,0.0,0.0,0.0,0.0,0.0,0.0,0.04,0.05,0.0,0.0,0.0,0.0,0.0,0.75,98.855,0.0,0.0,0.0,0.0,0.0,0.0,0.0,0.0,0.0,0.0,0.0,0.0,0.0,0.0,0.0,0.0,0.0,,,"Water Quenched From 870C (1600F), 650C (1200F) Temper, 50 mm (2 In.) Round","Water Quenched From 870C (1600F), 650C (1200F) Temper, 50 mm (2 In.) Round",1596,10,Quenched (water) & tempered – high-strength structural steel,10
,,,1,Steel database with labelled clusters,,,AISI 4140 Steel,Ultimate tensile strength,1450.0,MPa,Yield strength,1345.0,MPa,Ductility,15.0,%,0.0,0.0,0.405,0.0,0.0,0.0,0.0,0.0,0.0,0.25,0.035,0.04,0.0,0.0,0.0,0.0,0.95,0.875,97.245,0.0,0.0,0.0,0.0,0.0,0.0,0.0,0.0,0.2,0.0,0.0,0.0,0.0,0.0,0.0,0.0,0.0,,,"Normalized At 870C (1600F), Reheated To 845C (1550F), Oil Quenched, 425C (800F) Temper, 25 mm (1 In.) Round","Normalized At 870C (1600F), Reheated To 845C (1550F), Oil Quenched, 425C (800F) Temper, 25 mm (1 In.) Round",50,0,Carburized – quenched (oil) – wear-resistant surface steel,0
,,,1,Steel database with labelled clusters,,,ASTM A607 Steel,Ultimate tensile strength,415.0,MPa,Yield strength,310.0,MPa,Ductility,25.0,%,0.0,0.0,0.22,0.0,0.0,0.0,0.0,0.0,0.0,0.0,0.04,0.05,0.0,0.0,0.0,0.0,0.0,1.35,98.34,0.0,0.0,0.0,0.0,0.0,0.0,0.0,0.0,0.0,0.0,0.0,0.0,0.0,0.0,0.0,0.0,0.0,,,"Grade 45, Hot Rolled","Grade 45, Hot Rolled",1363,1,Hot rolled – general construction steel,1
,,,1,Steel database with labelled clusters,,,ASTM A715 Steel,Ultimate tensile strength,415.0,MPa,Yield strength,345.0,MPa,Ductility,24.0,%,0.0,0.0,0.15,0.0,0.0,0.0,0.0,0.0,0.0,0.01,0.025,0.035,0.0,0.0,0.05,0.0,0.0,1.65,98.08,0.0,0.0,0.0,0.0,0.0,0.0,0.0,0.0,0.0,0.0,0.0,0.0,0.0,0.0,0.0,0.0,0.0,,,"Grade 50, Type 1","Grade 50, Type 1",1415,1,Hot rolled – general construction steel,1
,,,1,Steel database with labelled clusters,,,Cast Stainless Steel CD4MCu,Ultimate tensile strength,690.0,MPa,Yield strength,485.0,MPa,Ductility,16.0,%,0.0,0.0,0.04,0.0,0.0,0.0,0.0,0.0,0.0,1.0,0.04,0.04,0.0,0.0,0.0,0.0,25.5,1.0,62.005,0.0,5.375,3.0,0.0,0.0,0.0,0.0,0.0,2.0,0.0,0.0,0.0,0.0,0.0,0.0,0.0,0.0,,,Astm A890,Astm A890,1378,2,Quenched (oil) – general-purpose steel (tested),2
,,,1,Steel database with labelled clusters,,,AISI 8620H Steel,Ultimate tensile strength,855.0,MPa,Yield strength,560.0,MPa,Ductility,19.0,%,0.0,0.0,0.205,0.0,0.0,0.0,0.0,0.0,0.0,0.25,0.035,0.04,0.0,0.0,0.0,0.0,0.5,0.7749999999999999,97.445,0.0,0.55,0.0,0.0,0.0,0.0,0.0,0.0,0.2,0.0,0.0,0.0,0.0,0.0,0.0,0.0,0.0,,,"Mock Carburized, Reheated And Oil Quenched, 230C (450F) Temper, 25 mm (1 In.) Round","Mock Carburized, Reheated And Oil Quenched, 230C (450F) Temper, 25 mm (1 In.) Round",782,8,Carburized – quenched (oil) – wear-resistant surface steel (variant),8
,,,1,Steel database with labelled clusters,,,AISI 1095 Steel,Ultimate tensile strength,685.0,MPa,Yield strength,525.0,MPa,Ductility,10.0,%,0.0,0.0,0.965,0.0,0.0,0.0,0.0,0.0,0.0,0.0,0.04,0.05,0.0,0.0,0.0,0.0,0.0,0.4,98.545,0.0,0.0,0.0,0.0,0.0,0.0,0.0,0.0,0.0,0.0,0.0,0.0,0.0,0.0,0.0,0.0,0.0,,,"Cold Drawn, Spheroidized Annealed, 19-32 mm (0.75-1.25 In) Round","Cold Drawn, Spheroidized Annealed, 19-32 mm (0.75-1.25 In) Round",1845,3,Normalized – easy-to-machine stock (cold drawn),3
,,,1,Steel database with labelled clusters,,,AISI 8822 Steel,Ultimate tensile strength,1510.0,MPa,Yield strength,1093.0,MPa,Ductility,13.0,%,0.0,0.0,0.225,0.0,0.0,0.0,0.0,0.0,0.0,0.2249999999999999,0.035,0.04,0.0,0.0,0.0,0.0,0.5,0.875,97.2,0.0,0.55,0.0,0.0,0.0,0.0,0.0,0.0,0.35,0.0,0.0,0.0,0.0,0.0,0.0,0.0,0.0,,,"Normalized, Machined To 13.7 mm Rounds, Pseudocarburized, 865C (1590F) Reheat, 150C (300F) Temper","Normalized, Machined To 13.7 mm Rounds, Pseudocarburized, 865C (1590F) Reheat, 150C (300F) Temper",918,0,Carburized – quenched (oil) – wear-resistant surface steel,0
,,,1,Steel database with labelled clusters,,,AISI 1020 Steel,Ultimate tensile strength,445.0,MPa,Yield strength,346.0,MPa,Ductility,39.0,%,0.0,0.0,0.2,0.0,0.0,0.0,0.0,0.0,0.0,0.0,0.04,0.05,0.0,0.0,0.0,0.0,0.0,0.4499999999999999,99.26,0.0,0.0,0.0,0.0,0.0,0.0,0.0,0.0,0.0,0.0,0.0,0.0,0.0,0.0,0.0,0.0,0.0,,,"Normalized At 925C (1700F), Air Cooled, 13 mm (0.5 In.) Round","Normalized At 925C (1700F), Air Cooled, 13 mm (0.5 In.) Round",1621,4,Normalized (air cooled) – general-purpose steel,4
,,,1,Steel database with labelled clusters,,,Cast Stainless Steel CD4MCu,Ultimate tensile strength,690.0,MPa,Yield strength,485.0,MPa,Ductility,16.0,%,0.0,0.0,0.04,0.0,0.0,0.0,0.0,0.0,0.0,1.0,0.04,0.04,0.0,0.0,0.0,0.0,25.5,1.0,62.005,0.0,5.375,3.0,0.0,0.0,0.0,0.0,0.0,2.0,0.0,0.0,0.0,0.0,0.0,0.0,0.0,0.0,,,Astm A744M,Astm A744M,1202,2,Quenched (oil) – general-purpose steel (tested),2
,,,1,Steel database with labelled clusters,,,AISI 1022 Steel,Ultimate tensile strength,505.0,MPa,Yield strength,360.0,MPa,Ductility,35.0,%,0.0,0.0,0.2,0.0,0.0,0.0,0.0,0.0,0.0,0.0,0.04,0.05,0.0,0.0,0.0,0.0,0.0,0.85,98.86,0.0,0.0,0.0,0.0,0.0,0.0,0.0,0.0,0.0,0.0,0.0,0.0,0.0,0.0,0.0,0.0,0.0,,,As Rolled,As Rolled,1495,2,Quenched (oil) – general-purpose steel (tested),2
,,,1,Steel database with labelled clusters,,,AISI 4718H Steel,Ultimate tensile strength,1172.0,MPa,Yield strength,841.0,MPa,Ductility,13.0,%,0.0,0.0,0.18,0.0,0.0,0.0,0.0,0.0,0.0,0.2249999999999999,0.04,0.04,0.0,0.0,0.0,0.0,0.4499999999999999,0.7749999999999999,96.89,0.0,1.05,0.0,0.0,0.0,0.0,0.0,0.0,0.35,0.0,0.0,0.0,0.0,0.0,0.0,0.0,0.0,,,"Pseudocarburized, Reheated To 850C (1560F) And Oil Quenched, 150C (300F) Temper, 13.7 mm Round","Pseudocarburized, Reheated To 850C (1560F) And Oil Quenched, 150C (300F) Temper, 13.7 mm Round",421,0,Carburized – quenched (oil) – wear-resistant surface steel,0
,,,1,Steel database with labelled clusters,,,AISI 1046 Steel,Ultimate tensile strength,650.0,MPa,Yield strength,545.0,MPa,Ductility,12.0,%,0.0,0.0,0.4599999999999999,0.0,0.0,0.0,0.0,0.0,0.0,0.0,0.04,0.05,0.0,0.0,0.0,0.0,0.0,0.85,98.6,0.0,0.0,0.0,0.0,0.0,0.0,0.0,0.0,0.0,0.0,0.0,0.0,0.0,0.0,0.0,0.0,0.0,,,"Cold Drawn, 19-32 mm (0.75-1.25 In) Round","Cold Drawn, 19-32 mm (0.75-1.25 In) Round",1586,3,Normalized – easy-to-machine stock (cold drawn),3
,,,1,Steel database with labelled clusters,,,ASTM A662 Carbon Steel,Ultimate tensile strength,400.0,MPa,Yield strength,275.0,MPa,Ductility,20.0,%,0.0,0.0,0.14,0.0,0.0,0.0,0.0,0.0,0.0,0.275,0.04,0.04,0.0,0.0,0.0,0.0,0.0,1.125,98.38,0.0,0.0,0.0,0.0,0.0,0.0,0.0,0.0,0.0,0.0,0.0,0.0,0.0,0.0,0.0,0.0,0.0,,,Grade A,Grade A,1351,1,Hot rolled – general construction steel,1
,,,1,Steel database with labelled clusters,,,AISI 4419 Steel,Ultimate tensile strength,635.0,MPa,Yield strength,400.0,MPa,Ductility,26.0,%,0.0,0.0,0.205,0.0,0.0,0.0,0.0,0.0,0.0,0.25,0.035,0.04,0.0,0.0,0.0,0.0,0.0,0.55,98.395,0.0,0.0,0.0,0.0,0.0,0.0,0.0,0.0,0.525,0.0,0.0,0.0,0.0,0.0,0.0,0.0,0.0,,,"Mock Carburized, 230C (450F) Temper, 50 mm Round","Mock Carburized, 230C (450F) Temper, 50 mm Round",219,8,Carburized – quenched (oil) – wear-resistant surface steel (variant),8
,,,1,Steel database with labelled clusters,,,AISI 5150H Steel,Ultimate tensile strength,883.0,MPa,Yield strength,745.0,MPa,Ductility,21.0,%,0.0,0.0,0.505,0.0,0.0,0.0,0.0,0.0,0.0,0.2249999999999999,0.035,0.04,0.0,0.0,0.0,0.0,0.8,0.8,97.595,0.0,0.0,0.0,0.0,0.0,0.0,0.0,0.0,0.0,0.0,0.0,0.0,0.0,0.0,0.0,0.0,0.0,,,"Oil Quenched From 830C (1525F), 650C (1200F) Temper, 25 mm (1 In.) Round","Oil Quenched From 830C (1525F), 650C (1200F) Temper, 25 mm (1 In.) Round",562,6,Quenched (oil) & tempered – high-strength structural steel,6
,,,1,Steel database with labelled clusters,,,AISI 1151 Steel,Ultimate tensile strength,634.0,MPa,Yield strength,348.0,MPa,Ductility,15.0,%,0.0,0.0,0.515,0.0,0.0,0.0,0.0,0.0,0.0,0.0,0.04,0.105,0.0,0.0,0.0,0.0,0.0,0.85,98.49,0.0,0.0,0.0,0.0,0.0,0.0,0.0,0.0,0.0,0.0,0.0,0.0,0.0,0.0,0.0,0.0,0.0,,,Hot Rolled Bar (Uns G11510),Hot Rolled Bar (Uns G11510),1914,2,Quenched (oil) – general-purpose steel (tested),2
,,,1,Steel database with labelled clusters,,,AISI 8620H Steel,Ultimate tensile strength,675.0,MPa,Yield strength,490.0,MPa,Ductility,21.0,%,0.0,0.0,0.205,0.0,0.0,0.0,0.0,0.0,0.0,0.25,0.035,0.04,0.0,0.0,0.0,0.0,0.5,0.7749999999999999,97.445,0.0,0.55,0.0,0.0,0.0,0.0,0.0,0.0,0.2,0.0,0.0,0.0,0.0,0.0,0.0,0.0,0.0,,,"Carburized, Box Cooled, Reheated And Quenched, 150C (300F) Temper, 50 mm (2 In.) Round","Carburized, Box Cooled, Reheated And Quenched, 150C (300F) Temper, 50 mm (2 In.) Round",803,8,Carburized – quenched (oil) – wear-resistant surface steel (variant),8
,,,1,Steel database with labelled clusters,,,AISI E9310H Steel,Ultimate tensile strength,917.0,MPa,Yield strength,605.0,MPa,Ductility,20.0,%,0.0,0.0,0.1,0.0,0.0,0.0,0.0,0.0,0.0,0.2249999999999999,0.0,0.05,0.0,0.0,0.0,0.0,1.225,0.55,94.485,0.0,3.25,0.0,0.0,0.0,0.0,0.0,0.0,0.1149999999999999,0.0,0.0,0.0,0.0,0.0,0.0,0.0,0.0,,,"Normalized At 890C (1635F), 13 mm (0.5 In.) Round","Normalized At 890C (1635F), 13 mm (0.5 In.) Round",986,4,Normalized (air cooled) – general-purpose steel,4
,,,1,Steel database with labelled clusters,,,AISI 4419H Steel,Ultimate tensile strength,660.0,MPa,Yield strength,415.0,MPa,Ductility,25.0,%,0.0,0.0,0.2,0.0,0.0,0.0,0.0,0.0,0.0,0.25,0.035,0.04,0.0,0.0,0.0,0.0,0.0,0.55,98.4,0.0,0.0,0.0,0.0,0.0,0.0,0.0,0.0,0.525,0.0,0.0,0.0,0.0,0.0,0.0,0.0,0.0,,,"Mock Carburized, 150C (300F) Temper, 50 mm (2 In.) Round","Mock Carburized, 150C (300F) Temper, 50 mm (2 In.) Round",375,8,Carburized – quenched (oil) – wear-resistant surface steel (variant),8
,,,1,Steel database with labelled clusters,,,AISI 51B60H Steel,Ultimate tensile strength,924.0,MPa,Yield strength,510.0,MPa,Ductility,16.0,%,0.0,0.00175,0.6000000000000001,0.0,0.0,0.0,0.0,0.0,0.0,0.2249999999999999,0.035,0.04,0.0,0.0,0.0,0.0,0.8,0.875,97.42325,0.0,0.0,0.0,0.0,0.0,0.0,0.0,0.0,0.0,0.0,0.0,0.0,0.0,0.0,0.0,0.0,0.0,,,"Normalized, 50 mm (2 In.) Round","Normalized, 50 mm (2 In.) Round",810,9,Normalized – general-purpose steel (round normalized stock),9
,,,1,Steel database with labelled clusters,,,AISI 1536 High Manganese Carbon Steel,Ultimate tensile strength,634.0,MPa,Yield strength,534.0,MPa,Ductility,12.0,%,0.0,0.0,0.3349999999999999,0.0,0.0,0.0,0.0,0.0,0.0,0.0,0.04,0.05,0.0,0.0,0.0,0.0,0.0,1.35,98.225,0.0,0.0,0.0,0.0,0.0,0.0,0.0,0.0,0.0,0.0,0.0,0.0,0.0,0.0,0.0,0.0,0.0,,,Cold Drawn Bar,Cold Drawn Bar,1956,2,Quenched (oil) – general-purpose steel (tested),2
,,,1,Steel database with labelled clusters,,,AISI 4130H Steel,Ultimate tensile strength,993.0,MPa,Yield strength,896.0,MPa,Ductility,18.0,%,0.0,0.0,0.3,0.0,0.0,0.0,0.0,0.0,0.0,0.25,0.035,0.04,0.0,0.0,0.0,0.0,0.975,0.5,97.7,0.0,0.0,0.0,0.0,0.0,0.0,0.0,0.0,0.2,0.0,0.0,0.0,0.0,0.0,0.0,0.0,0.0,,,"Water Quenched 855C (1570F), 540C (1000F) Temper, 25 mm (1 In.) Round","Water Quenched 855C (1570F), 540C (1000F) Temper, 25 mm (1 In.) Round",221,10,Quenched (water) & tempered – high-strength structural steel,10
,,,1,Steel database with labelled clusters,,,AISI E4340 Steel,Ultimate tensile strength,745.0,MPa,Yield strength,470.0,MPa,Ductility,22.0,%,0.0,0.0,0.405,0.0,0.0,0.0,0.0,0.0,0.0,0.2249999999999999,0.025,0.02,0.0,0.0,0.0,0.0,0.8,0.75,95.7,0.0,1.825,0.0,0.0,0.0,0.0,0.0,0.0,0.25,0.0,0.0,0.0,0.0,0.0,0.0,0.0,0.0,,,"Annealed, 25 mm Round","Annealed, 25 mm Round",317,3,Normalized – easy-to-machine stock (cold drawn),3
,,,1,Steel database with labelled clusters,,,AISI 8740H Steel,Ultimate tensile strength,695.0,MPa,Yield strength,415.0,MPa,Ductility,22.0,%,0.0,0.0,0.405,0.0,0.0,0.0,0.0,0.0,0.0,0.2249999999999999,0.035,0.04,0.0,0.0,0.0,0.0,0.5,0.875,97.12,0.0,0.55,0.0,0.0,0.0,0.0,0.0,0.0,0.25,0.0,0.0,0.0,0.0,0.0,0.0,0.0,0.0,,,Annealed 815C (1500F),Annealed 815C (1500F),1076,7,Annealed – easy-to-machine – round annealed stock,7
,,,1,Steel database with labelled clusters,,,AISI 4140 Steel,Ultimate tensile strength,1185.0,MPa,Yield strength,1110.0,MPa,Ductility,15.0,%,0.0,0.0,0.405,0.0,0.0,0.0,0.0,0.0,0.0,0.2249999999999999,0.035,0.04,0.0,0.0,0.0,0.0,0.95,0.875,97.27,0.0,0.0,0.0,0.0,0.0,0.0,0.0,0.0,0.2,0.0,0.0,0.0,0.0,0.0,0.0,0.0,0.0,,,"Oil Quenched, 13 mm (0.5 In.) Round [845C (1550F) Quench, 540C (1000F) Temper]","Oil Quenched, 13 mm (0.5 In.) Round [845C (1550F) Quench, 540C (1000F) Temper]",60,6,Quenched (oil) & tempered – high-strength structural steel,6
,,,1,Steel database with labelled clusters,,,AISI 4320H Steel,Ultimate tensile strength,958.0,MPa,Yield strength,793.0,MPa,Ductility,15.0,%,0.0,0.0,0.2,0.0,0.0,0.0,0.0,0.0,0.0,0.2249999999999999,0.035,0.04,0.0,0.0,0.0,0.0,0.5,0.55,96.425,0.0,1.775,0.0,0.0,0.0,0.0,0.0,0.0,0.25,0.0,0.0,0.0,0.0,0.0,0.0,0.0,0.0,,,"Normalized 925C (1700F), Pseudocarburized At 925C (1700F) For 8 Hrs., Reheated To 775C (1425F) And Oil Quenched, 150C (300F) Temper","Normalized 925C (1700F), Pseudocarburized At 925C (1700F) For 8 Hrs., Reheated To 775C (1425F) And Oil Quenched, 150C (300F) Temper",271,0,Carburized – quenched (oil) – wear-resistant surface steel,0
,,,1,Steel database with labelled clusters,,,AISI 4620H Steel,Ultimate tensile strength,910.0,MPa,Yield strength,738.0,MPa,Ductility,14.0,%,0.0,0.0,0.2,0.0,0.0,0.0,0.0,0.0,0.0,0.25,0.035,0.04,0.0,0.0,0.0,0.0,0.0,0.55,96.9,0.0,1.775,0.0,0.0,0.0,0.0,0.0,0.0,0.25,0.0,0.0,0.0,0.0,0.0,0.0,0.0,0.0,,,"Normalized, Machined To 13.7 mm Rounds, Pseudocarburized, Reheated To 775C (1430F), Quenched And Tempered","Normalized, Machined To 13.7 mm Rounds, Pseudocarburized, Reheated To 775C (1430F), Quenched And Tempered",417,0,Carburized – quenched (oil) – wear-resistant surface steel,0
,,,1,Steel database with labelled clusters,,,AISI 4140 Steel,Ultimate tensile strength,841.0,MPa,Yield strength,675.0,MPa,Ductility,23.0,%,0.0,0.0,0.405,0.0,0.0,0.0,0.0,0.0,0.0,0.2249999999999999,0.035,0.04,0.0,0.0,0.0,0.0,0.95,0.875,97.27,0.0,0.0,0.0,0.0,0.0,0.0,0.0,0.0,0.2,0.0,0.0,0.0,0.0,0.0,0.0,0.0,0.0,,,"Oil Quenched, 50 mm (2 In.) Round (845C (1550F) Quench, 650C (1200F) Temper)","Oil Quenched, 50 mm (2 In.) Round (845C (1550F) Quench, 650C (1200F) Temper)",74,6,Quenched (oil) & tempered – high-strength structural steel,6
,,,1,Steel database with labelled clusters,,,AISI 4419 Steel,Ultimate tensile strength,710.0,MPa,Yield strength,450.0,MPa,Ductility,24.0,%,0.0,0.0,0.205,0.0,0.0,0.0,0.0,0.0,0.0,0.25,0.035,0.04,0.0,0.0,0.0,0.0,0.0,0.55,98.395,0.0,0.0,0.0,0.0,0.0,0.0,0.0,0.0,0.525,0.0,0.0,0.0,0.0,0.0,0.0,0.0,0.0,,,"Mock Carburized, 150C (300F) Temper, 14 mm (0.55 In.) Round","Mock Carburized, 150C (300F) Temper, 14 mm (0.55 In.) Round",163,8,Carburized – quenched (oil) – wear-resistant surface steel (variant),8
,,,1,Steel database with labelled clusters,,,AISI 5150H Steel,Ultimate tensile strength,675.0,MPa,Yield strength,360.0,MPa,Ductility,22.0,%,0.0,0.0,0.505,0.0,0.0,0.0,0.0,0.0,0.0,0.2249999999999999,0.035,0.04,0.0,0.0,0.0,0.0,0.8,0.8,97.595,0.0,0.0,0.0,0.0,0.0,0.0,0.0,0.0,0.0,0.0,0.0,0.0,0.0,0.0,0.0,0.0,0.0,,,"Annealed, 25 mm (1 In.) Round","Annealed, 25 mm (1 In.) Round",577,3,Normalized – easy-to-machine stock (cold drawn),3
,,,1,Steel database with labelled clusters,,,AISI 8630 Steel,Ultimate tensile strength,958.0,MPa,Yield strength,910.0,MPa,Ductility,18.0,%,0.0,0.0,0.305,0.0,0.0,0.0,0.0,0.0,0.0,0.2249999999999999,0.035,0.04,0.0,0.0,0.0,0.0,0.5,0.8,97.345,0.0,0.55,0.0,0.0,0.0,0.0,0.0,0.0,0.2,0.0,0.0,0.0,0.0,0.0,0.0,0.0,0.0,,,"Water Quenched 845C (1550F), 540C (1000F) Temper, 13 mm (0.5 In.) Round","Water Quenched 845C (1550F), 540C (1000F) Temper, 13 mm (0.5 In.) Round",753,10,Quenched (water) & tempered – high-strength structural steel,10
,,,1,Steel database with labelled clusters,,,AISI 1080 Steel,Ultimate tensile strength,1035.0,MPa,Yield strength,550.0,MPa,Ductility,12.0,%,0.0,0.0,0.815,0.0,0.0,0.0,0.0,0.0,0.0,0.0,0.04,0.05,0.0,0.0,0.0,0.0,0.0,0.75,98.345,0.0,0.0,0.0,0.0,0.0,0.0,0.0,0.0,0.0,0.0,0.0,0.0,0.0,0.0,0.0,0.0,0.0,,,"Normalized At 900C (1650F), Air Cooled, 13 mm (0.5 In.) Round","Normalized At 900C (1650F), Air Cooled, 13 mm (0.5 In.) Round",1698,4,Normalized (air cooled) – general-purpose steel,4
,,,1,Steel database with labelled clusters,,,AISI 1018 Steel,Ultimate tensile strength,450.0,MPa,Yield strength,380.0,MPa,Ductility,16.0,%,0.0,0.0,0.17,0.0,0.0,0.0,0.0,0.0,0.0,0.0,0.04,0.05,0.0,0.0,0.0,0.0,0.0,0.75,98.99,0.0,0.0,0.0,0.0,0.0,0.0,0.0,0.0,0.0,0.0,0.0,0.0,0.0,0.0,0.0,0.0,0.0,,,"As Cold Drawn, 22-32 mm (0.875-1.25 In) Round","As Cold Drawn, 22-32 mm (0.875-1.25 In) Round",1453,3,Normalized – easy-to-machine stock (cold drawn),3
,,,1,Steel database with labelled clusters,,,AISI 1141 Steel,Ultimate tensile strength,660.0,MPa,Yield strength,450.0,MPa,Ductility,25.0,%,0.0,0.0,0.41,0.0,0.0,0.0,0.0,0.0,0.0,0.0,0.04,0.105,0.0,0.0,0.0,0.0,0.0,1.5,97.945,0.0,0.0,0.0,0.0,0.0,0.0,0.0,0.0,0.0,0.0,0.0,0.0,0.0,0.0,0.0,0.0,0.0,,,"Oil Quenched From 815C, 650C (1200F) Temper, 50 mm (2 In.) Round","Oil Quenched From 815C, 650C (1200F) Temper, 50 mm (2 In.) Round",1951,6,Quenched (oil) & tempered – high-strength structural steel,6
,,,1,Steel database with labelled clusters,,,AISI 5120H Steel,Ultimate tensile strength,1020.0,MPa,Yield strength,848.0,MPa,Ductility,14.0,%,0.0,0.0,0.2,0.0,0.0,0.0,0.0,0.0,0.0,0.2249999999999999,0.035,0.04,0.0,0.0,0.0,0.0,0.8,0.8,97.9,0.0,0.0,0.0,0.0,0.0,0.0,0.0,0.0,0.0,0.0,0.0,0.0,0.0,0.0,0.0,0.0,0.0,,,"Heat Treated, Machined To 13.7 mm, Pseudocarburized, 150C (300F) Temper","Heat Treated, Machined To 13.7 mm, Pseudocarburized, 150C (300F) Temper",519,0,Carburized – quenched (oil) – wear-resistant surface steel,0
,,,1,Steel database with labelled clusters,,,AISI 4027 Steel,Ultimate tensile strength,1075.0,MPa,Yield strength,986.0,MPa,Ductility,15.0,%,0.0,0.0,0.275,0.0,0.0,0.0,0.0,0.0,0.0,0.25,0.035,0.04,0.0,0.0,0.0,0.0,0.0,0.8,98.35,0.0,0.0,0.0,0.0,0.0,0.0,0.0,0.0,0.25,0.0,0.0,0.0,0.0,0.0,0.0,0.0,0.0,,,"Water Quenched 865C (1590F), 480C (900F) Temper, 14 mm (0.55 In.) Round","Water Quenched 865C (1590F), 480C (900F) Temper, 14 mm (0.55 In.) Round",46,10,Quenched (water) & tempered – high-strength structural steel,10
,,,1,Steel database with labelled clusters,,,AISI 1030 Steel,Ultimate tensile strength,595.0,MPa,Yield strength,425.0,MPa,Ductility,29.0,%,0.0,0.0,0.305,0.0,0.0,0.0,0.0,0.0,0.0,0.0,0.04,0.05,0.0,0.0,0.0,0.0,0.0,0.75,98.855,0.0,0.0,0.0,0.0,0.0,0.0,0.0,0.0,0.0,0.0,0.0,0.0,0.0,0.0,0.0,0.0,0.0,,,"Water Quenched From 870C (1600F), 650C (1200F) Temper, 13 mm (0.5 In.) Round","Water Quenched From 870C (1600F), 650C (1200F) Temper, 13 mm (0.5 In.) Round",1515,10,Quenched (water) & tempered – high-strength structural steel,10
,,,1,Steel database with labelled clusters,,,AISI 1090 Steel,Ultimate tensile strength,841.0,MPa,Yield strength,460.0,MPa,Ductility,10.0,%,0.0,0.0,0.915,0.0,0.0,0.0,0.0,0.0,0.0,0.0,0.04,0.05,0.0,0.0,0.0,0.0,0.0,0.75,98.245,0.0,0.0,0.0,0.0,0.0,0.0,0.0,0.0,0.0,0.0,0.0,0.0,0.0,0.0,0.0,0.0,0.0,,,"Hot Rolled, 19-32 mm (0.75-1.25 In) Round","Hot Rolled, 19-32 mm (0.75-1.25 In) Round",1774,3,Normalized – easy-to-machine stock (cold drawn),3
,,,1,Steel database with labelled clusters,,,AISI 1527 Steel,Ultimate tensile strength,517.0,MPa,Yield strength,283.0,MPa,Ductility,18.0,%,0.0,0.0,0.255,0.0,0.0,0.0,0.0,0.0,0.0,0.0,0.04,0.05,0.0,0.0,0.0,0.0,0.0,1.35,98.305,0.0,0.0,0.0,0.0,0.0,0.0,0.0,0.0,0.0,0.0,0.0,0.0,0.0,0.0,0.0,0.0,0.0,,,Hot Rolled Bar (Uns G15270),Hot Rolled Bar (Uns G15270),1926,2,Quenched (oil) – general-purpose steel (tested),2
,,,1,Steel database with labelled clusters,,,AISI 4140 Steel,Ultimate tensile strength,1295.0,MPa,Yield strength,1205.0,MPa,Ductility,16.0,%,0.0,0.0,0.405,0.0,0.0,0.0,0.0,0.0,0.0,0.25,0.035,0.04,0.0,0.0,0.0,0.0,0.95,0.875,97.245,0.0,0.0,0.0,0.0,0.0,0.0,0.0,0.0,0.2,0.0,0.0,0.0,0.0,0.0,0.0,0.0,0.0,,,"Normalized At 870C (1600F), Reheated To 845C (1550F), Oil Quenched, 480C (900F) Temper, 25 mm (1 In.) Round","Normalized At 870C (1600F), Reheated To 845C (1550F), Oil Quenched, 480C (900F) Temper, 25 mm (1 In.) Round",77,0,Carburized – quenched (oil) – wear-resistant surface steel,0
,,,1,Steel database with labelled clusters,,,AISI 1137 Steel,Ultimate tensile strength,625.0,MPa,Yield strength,380.0,MPa,Ductility,28.0,%,0.0,0.0,0.355,0.0,0.0,0.0,0.0,0.0,0.0,0.0,0.04,0.105,0.0,0.0,0.0,0.0,0.0,1.5,98.0,0.0,0.0,0.0,0.0,0.0,0.0,0.0,0.0,0.0,0.0,0.0,0.0,0.0,0.0,0.0,0.0,0.0,,,As Rolled,As Rolled,1896,2,Quenched (oil) – general-purpose steel (tested),2
,,,1,Steel database with labelled clusters,,,ASTM A572 Steel,Ultimate tensile strength,485.0,MPa,Yield strength,380.0,MPa,Ductility,20.0,%,0.0,0.0,0.25,0.0,0.0,0.0,0.0,0.0,0.0,0.4,0.04,0.05,0.0,0.0,0.0,0.0,0.0,1.35,97.91,0.0,0.0,0.0,0.0,0.0,0.0,0.0,0.0,0.0,0.0,0.0,0.0,0.0,0.0,0.0,0.0,0.0,,,Grade 55,Grade 55,1557,1,Hot rolled – general construction steel,1
,,,1,Steel database with labelled clusters,,,ASTM A387 Alloy Steel,Ultimate tensile strength,485.0,MPa,Yield strength,310.0,MPa,Ductility,18.0,%,0.0,0.0,0.21,0.0,0.0,0.0,0.0,0.0,0.0,0.275,0.04,0.04,0.0,0.0,0.0,0.0,0.65,0.675,97.585,0.0,0.0,0.0,0.0,0.0,0.0,0.0,0.0,0.525,0.0,0.0,0.0,0.0,0.0,0.0,0.0,0.0,,,"Grade 2, Class 2","Grade 2, Class 2",1266,1,Hot rolled – general construction steel,1
,,,1,Steel database with labelled clusters,,,AISI 4620H Steel,Ultimate tensile strength,510.0,MPa,Yield strength,370.0,MPa,Ductility,31.0,%,0.0,0.0,0.2,0.0,0.0,0.0,0.0,0.0,0.0,0.25,0.035,0.04,0.0,0.0,0.0,0.0,0.0,0.55,96.9,0.0,1.775,0.0,0.0,0.0,0.0,0.0,0.0,0.25,0.0,0.0,0.0,0.0,0.0,0.0,0.0,0.0,,,"Annealed, 25 mm (1 In.) Round","Annealed, 25 mm (1 In.) Round",428,3,Normalized – easy-to-machine stock (cold drawn),3
,,,1,Steel database with labelled clusters,,,AISI 5150H Steel,Ultimate tensile strength,862.0,MPa,Yield strength,595.0,MPa,Ductility,20.0,%,0.0,0.0,0.505,0.0,0.0,0.0,0.0,0.0,0.0,0.2249999999999999,0.035,0.04,0.0,0.0,0.0,0.0,0.8,0.8,97.595,0.0,0.0,0.0,0.0,0.0,0.0,0.0,0.0,0.0,0.0,0.0,0.0,0.0,0.0,0.0,0.0,0.0,,,"Oil Quenched From 830C (1525F), 540C (1000F) Temper, 100 mm (4 In.) Round","Oil Quenched From 830C (1525F), 540C (1000F) Temper, 100 mm (4 In.) Round",555,6,Quenched (oil) & tempered – high-strength structural steel,6
,,,1,Steel database with labelled clusters,,,AISI E9310 Steel,Ultimate tensile strength,903.0,MPa,Yield strength,565.0,MPa,Ductility,19.0,%,0.0,0.0,0.105,0.0,0.0,0.0,0.0,0.0,0.0,0.275,0.025,0.025,0.0,0.0,0.0,0.0,1.2,0.55,94.455,0.0,3.25,0.0,0.0,0.0,0.0,0.0,0.0,0.1149999999999999,0.0,0.0,0.0,0.0,0.0,0.0,0.0,0.0,,,"Normalized At 890C (1635F), 50 mm (2 In.) Round","Normalized At 890C (1635F), 50 mm (2 In.) Round",1001,4,Normalized (air cooled) – general-purpose steel,4
,,,1,Steel database with labelled clusters,,,AISI 8620 Steel,Ultimate tensile strength,786.0,MPa,Yield strength,495.0,MPa,Ductility,22.0,%,0.0,0.0,0.205,0.0,0.0,0.0,0.0,0.0,0.0,0.25,0.035,0.04,0.0,0.0,0.0,0.0,0.5,0.8,97.42,0.0,0.55,0.0,0.0,0.0,0.0,0.0,0.0,0.2,0.0,0.0,0.0,0.0,0.0,0.0,0.0,0.0,,,"Mock Carburized, Reheated And Oil Quenched, 230C (450F) Temper, 50 mm (2 In.) Round","Mock Carburized, Reheated And Oil Quenched, 230C (450F) Temper, 50 mm (2 In.) Round",778,8,Carburized – quenched (oil) – wear-resistant surface steel (variant),8
,,,1,Steel database with labelled clusters,,,AISI 4023 Steel,Ultimate tensile strength,786.0,MPa,Yield strength,495.0,MPa,Ductility,22.0,%,0.0,0.0,0.225,0.0,0.0,0.0,0.0,0.0,0.0,0.25,0.035,0.04,0.0,0.0,0.0,0.0,0.0,0.8,98.4,0.0,0.0,0.0,0.0,0.0,0.0,0.0,0.0,0.25,0.0,0.0,0.0,0.0,0.0,0.0,0.0,0.0,,,"Normalized At 925C (1700F), Machined To 25 mm (1 In.) Rounds, Pseudocarburized At 925C (1700F), Box Cooled To Rt, Reheated To 855C (1570F) And Oil Quenched, 150C (300F) Temper","Normalized At 925C (1700F), Machined To 25 mm (1 In.) Rounds, Pseudocarburized At 925C (1700F), Box Cooled To Rt, Reheated To 855C (1570F) And Oil Quenched, 150C (300F) Temper",31,0,Carburized – quenched (oil) – wear-resistant surface steel,0
,,,1,Steel database with labelled clusters,,,AISI 1340H Steel,Ultimate tensile strength,772.0,MPa,Yield strength,662.0,MPa,Ductility,23.0,%,0.0,0.0,0.405,0.0,0.0,0.0,0.0,0.0,0.0,0.25,0.035,0.04,0.0,0.0,0.0,0.0,0.0,1.75,97.52,0.0,0.0,0.0,0.0,0.0,0.0,0.0,0.0,0.0,0.0,0.0,0.0,0.0,0.0,0.0,0.0,0.0,,,"Oil Quenched From 830C (1525F), 650C (1200F) Temper, 25 mm (1 In.) Round","Oil Quenched From 830C (1525F), 650C (1200F) Temper, 25 mm (1 In.) Round",1062,6,Quenched (oil) & tempered – high-strength structural steel,6
,,,1,Steel database with labelled clusters,,,AISI 5150 Steel,Ultimate tensile strength,883.0,MPa,Yield strength,745.0,MPa,Ductility,21.0,%,0.0,0.0,0.505,0.0,0.0,0.0,0.0,0.0,0.0,0.2249999999999999,0.035,0.04,0.0,0.0,0.0,0.0,0.8,0.8,97.595,0.0,0.0,0.0,0.0,0.0,0.0,0.0,0.0,0.0,0.0,0.0,0.0,0.0,0.0,0.0,0.0,0.0,,,"Oil Quenched From 830C (1525F), 650C (1200F) Temper, 25 mm (1 In.) Round","Oil Quenched From 830C (1525F), 650C (1200F) Temper, 25 mm (1 In.) Round",568,6,Quenched (oil) & tempered – high-strength structural steel,6
,,,1,Steel database with labelled clusters,,,AISI E9310H Steel,Ultimate tensile strength,1158.0,MPa,Yield strength,948.0,MPa,Ductility,15.0,%,0.0,0.0,0.1,0.0,0.0,0.0,0.0,0.0,0.0,0.2249999999999999,0.0,0.05,0.0,0.0,0.0,0.0,1.225,0.55,94.485,0.0,3.25,0.0,0.0,0.0,0.0,0.0,0.0,0.1149999999999999,0.0,0.0,0.0,0.0,0.0,0.0,0.0,0.0,,,"Single Quenched And Tempered At 230C (450F), 1.2 mm Case Depth","Single Quenched And Tempered At 230C (450F), 1.2 mm Case Depth",1000,5,Carburized – quenched (oil) – wear-resistant surface steel (variant),5
,,,1,Steel database with labelled clusters,,,ASTM A204 Low Alloy Steel,Ultimate tensile strength,450.0,MPa,Yield strength,255.0,MPa,Ductility,19.0,%,0.0,0.0,0.25,0.0,0.0,0.0,0.0,0.0,0.0,0.275,0.04,0.04,0.0,0.0,0.0,0.0,0.0,0.9,97.97,0.0,0.0,0.0,0.0,0.0,0.0,0.0,0.0,0.525,0.0,0.0,0.0,0.0,0.0,0.0,0.0,0.0,,,Grade A,Grade A,1408,1,Hot rolled – general construction steel,1
,,,1,Steel database with labelled clusters,,,AISI 4820H Steel,Ultimate tensile strength,1363.0,MPa,Yield strength,945.0,MPa,Ductility,13.0,%,0.0,0.0,0.2,0.0,0.0,0.0,0.0,0.0,0.0,0.2249999999999999,0.035,0.04,0.0,0.0,0.0,0.0,0.0,0.6000000000000001,95.15,0.0,3.5,0.0,0.0,0.0,0.0,0.0,0.0,0.25,0.0,0.0,0.0,0.0,0.0,0.0,0.0,0.0,,,"Heat Treated, Machined To 25 mm, Pseudocarburized, Reheated To 730C (1350F), 150C (300F) Temper","Heat Treated, Machined To 25 mm, Pseudocarburized, Reheated To 730C (1350F), 150C (300F) Temper",483,0,Carburized – quenched (oil) – wear-resistant surface steel,0
,,,1,Steel database with labelled clusters,,,AISI 8740H Steel,Ultimate tensile strength,958.0,MPa,Yield strength,745.0,MPa,Ductility,18.0,%,0.0,0.0,0.405,0.0,0.0,0.0,0.0,0.0,0.0,0.2249999999999999,0.035,0.04,0.0,0.0,0.0,0.0,0.5,0.875,97.12,0.0,0.55,0.0,0.0,0.0,0.0,0.0,0.0,0.25,0.0,0.0,0.0,0.0,0.0,0.0,0.0,0.0,,,"Oil Quenched 830C (1525F), 540C (1000F) Temper, 100 mm (4 In.) Round","Oil Quenched 830C (1525F), 540C (1000F) Temper, 100 mm (4 In.) Round",915,6,Quenched (oil) & tempered – high-strength structural steel,6
,,,1,Steel database with labelled clusters,,,AISI 1030 Steel,Ultimate tensile strength,605.0,MPa,Yield strength,440.0,MPa,Ductility,28.0,%,0.0,0.0,0.305,0.0,0.0,0.0,0.0,0.0,0.0,0.0,0.04,0.05,0.0,0.0,0.0,0.0,0.0,0.75,98.855,0.0,0.0,0.0,0.0,0.0,0.0,0.0,0.0,0.0,0.0,0.0,0.0,0.0,0.0,0.0,0.0,0.0,,,"Water Quenched From 870C (1600F), 595C (1100F) Temper, 13 mm (0.5 In.) Round","Water Quenched From 870C (1600F), 595C (1100F) Temper, 13 mm (0.5 In.) Round",1530,10,Quenched (water) & tempered – high-strength structural steel,10
,,,1,Steel database with labelled clusters,,,AISI 1035 Steel,Ultimate tensile strength,515.0,MPa,Yield strength,450.0,MPa,Ductility,10.0,%,0.0,0.0,0.345,0.0,0.0,0.0,0.0,0.0,0.0,0.0,0.04,0.05,0.0,0.0,0.0,0.0,0.0,0.75,98.815,0.0,0.0,0.0,0.0,0.0,0.0,0.0,0.0,0.0,0.0,0.0,0.0,0.0,0.0,0.0,0.0,0.0,,,"Cold Drawn, Low Temperature, Stress Relieved, 50-75 mm (2-3 In) Round","Cold Drawn, Low Temperature, Stress Relieved, 50-75 mm (2-3 In) Round",1547,0,Carburized – quenched (oil) – wear-resistant surface steel,0
,,,1,Steel database with labelled clusters,,,AISI 4820H Steel,Ultimate tensile strength,1413.0,MPa,Yield strength,1085.0,MPa,Ductility,11.0,%,0.0,0.0,0.2,0.0,0.0,0.0,0.0,0.0,0.0,0.2249999999999999,0.035,0.04,0.0,0.0,0.0,0.0,0.0,0.6000000000000001,95.15,0.0,3.5,0.0,0.0,0.0,0.0,0.0,0.0,0.25,0.0,0.0,0.0,0.0,0.0,0.0,0.0,0.0,,,"Heat Treated, Machined To 13.7 mm, Pseudocarburized, 150C (300F) Temper","Heat Treated, Machined To 13.7 mm, Pseudocarburized, 150C (300F) Temper",479,0,Carburized – quenched (oil) – wear-resistant surface steel,0
,,,1,Steel database with labelled clusters,,,AISI 1085 Carbon Steel,Ultimate tensile strength,834.0,MPa,Yield strength,459.0,MPa,Ductility,10.0,%,0.0,0.0,0.875,0.0,0.0,0.0,0.0,0.0,0.0,0.0,0.04,0.05,0.0,0.0,0.0,0.0,0.0,0.85,98.185,0.0,0.0,0.0,0.0,0.0,0.0,0.0,0.0,0.0,0.0,0.0,0.0,0.0,0.0,0.0,0.0,0.0,,,Hot Rolled Bar,Hot Rolled Bar,1753,2,Quenched (oil) – general-purpose steel (tested),2
,,,1,Steel database with labelled clusters,,,AISI 4118 Steel,Ultimate tensile strength,534.0,MPa,Yield strength,376.0,MPa,Ductility,34.0,%,0.0,0.0,0.205,0.0,0.0,0.0,0.0,0.0,0.0,0.25,0.035,0.04,0.0,0.0,0.0,0.0,0.5,0.8,98.055,0.0,0.0,0.0,0.0,0.0,0.0,0.0,0.0,0.1149999999999999,0.0,0.0,0.0,0.0,0.0,0.0,0.0,0.0,,,"Normalized At 910C (1670F), Air Cooled, 50 mm (2 In.) Round","Normalized At 910C (1670F), Air Cooled, 50 mm (2 In.) Round",45,4,Normalized (air cooled) – general-purpose steel,4
,,,1,Steel database with labelled clusters,,,AISI 5160H Steel,Ultimate tensile strength,965.0,MPa,Yield strength,703.0,MPa,Ductility,18.0,%,0.0,0.0,0.6000000000000001,0.0,0.0,0.0,0.0,0.0,0.0,0.2249999999999999,0.035,0.04,0.0,0.0,0.0,0.0,0.8,0.875,97.425,0.0,0.0,0.0,0.0,0.0,0.0,0.0,0.0,0.0,0.0,0.0,0.0,0.0,0.0,0.0,0.0,0.0,,,"Oil Quenched From 830C (1525F), 540C (1000F) Temper, 100 mm (4 In.) Round","Oil Quenched From 830C (1525F), 540C (1000F) Temper, 100 mm (4 In.) Round",651,6,Quenched (oil) & tempered – high-strength structural steel,6
,,,1,Steel database with labelled clusters,,,AISI 4150H Steel,Ultimate tensile strength,1310.0,MPa,Yield strength,1215.0,MPa,Ductility,13.0,%,0.0,0.0,0.505,0.0,0.0,0.0,0.0,0.0,0.0,0.2249999999999999,0.035,0.04,0.0,0.0,0.0,0.0,0.975,0.875,97.145,0.0,0.0,0.0,0.0,0.0,0.0,0.0,0.0,0.2,0.0,0.0,0.0,0.0,0.0,0.0,0.0,0.0,,,"Oil Quenched 830C (1525F), 540C (1000F) Temper, 13 mm (0.5 In.) Round","Oil Quenched 830C (1525F), 540C (1000F) Temper, 13 mm (0.5 In.) Round",169,6,Quenched (oil) & tempered – high-strength structural steel,6
,,,1,Steel database with labelled clusters,,,AISI 1015 Steel,Ultimate tensile strength,409.0,MPa,Yield strength,288.0,MPa,Ductility,36.0,%,0.0,0.0,0.155,0.0,0.0,0.0,0.0,0.0,0.0,0.0,0.04,0.05,0.0,0.0,0.0,0.0,0.0,0.4499999999999999,99.305,0.0,0.0,0.0,0.0,0.0,0.0,0.0,0.0,0.0,0.0,0.0,0.0,0.0,0.0,0.0,0.0,0.0,,,"Normalized At 925C (1700F), 100 mm (4 In.) Round","Normalized At 925C (1700F), 100 mm (4 In.) Round",1619,4,Normalized (air cooled) – general-purpose steel,4
,,,1,Steel database with labelled clusters,,,ASTM A514 Steel,Ultimate tensile strength,760.0,MPa,Yield strength,690.0,MPa,Ductility,18.0,%,0.0,0.003,0.15,0.0,0.0,0.0,0.0,0.0,0.0,0.2249999999999999,0.04,0.04,0.0,0.0,0.0,0.0,0.0,1.3,98.017,0.0,0.0,0.0,0.0,0.0,0.0,0.0,0.0,0.2249999999999999,0.0,0.0,0.0,0.0,0.0,0.0,0.0,0.0,,,"Grade C, Plate Thickness 19-32 mm","Grade C, Plate Thickness 19-32 mm",1241,11,plate – no special treatment – general-purpose steel,11
,,,1,Steel database with labelled clusters,,,AISI 1547 Steel,Ultimate tensile strength,650.0,MPa,Yield strength,360.0,MPa,Ductility,15.0,%,0.0,0.0,0.47,0.0,0.0,0.0,0.0,0.0,0.0,0.0,0.04,0.05,0.0,0.0,0.0,0.0,0.0,1.5,97.94,0.0,0.0,0.0,0.0,0.0,0.0,0.0,0.0,0.0,0.0,0.0,0.0,0.0,0.0,0.0,0.0,0.0,,,"Hot Rolled, 19-32 mm (0.75-1.25 In) Round","Hot Rolled, 19-32 mm (0.75-1.25 In) Round",1907,3,Normalized – easy-to-machine stock (cold drawn),3
,,,1,Steel database with labelled clusters,,,AISI 5160 Steel,Ultimate tensile strength,1025.0,MPa,Yield strength,650.0,MPa,Ductility,18.0,%,0.0,0.0,0.6000000000000001,0.0,0.0,0.0,0.0,0.0,0.0,0.2249999999999999,0.035,0.04,0.0,0.0,0.0,0.0,0.8,0.875,97.425,0.0,0.0,0.0,0.0,0.0,0.0,0.0,0.0,0.0,0.0,0.0,0.0,0.0,0.0,0.0,0.0,0.0,,,"Normalized, 13 mm (0.5 In.) Round","Normalized, 13 mm (0.5 In.) Round",576,9,Normalized – general-purpose steel (round normalized stock),9
,,,1,Steel database with labelled clusters,,,AISI 8620H Steel,Ultimate tensile strength,530.0,MPa,Yield strength,385.0,MPa,Ductility,31.0,%,0.0,0.0,0.205,0.0,0.0,0.0,0.0,0.0,0.0,0.25,0.035,0.04,0.0,0.0,0.0,0.0,0.5,0.7749999999999999,97.445,0.0,0.55,0.0,0.0,0.0,0.0,0.0,0.0,0.2,0.0,0.0,0.0,0.0,0.0,0.0,0.0,0.0,,,Annealed 13 mm (0.5 In.) Round,Annealed 13 mm (0.5 In.) Round,701,3,Normalized – easy-to-machine stock (cold drawn),3
,,,1,Steel database with labelled clusters,,,AISI 8650 Steel,Ultimate tensile strength,993.0,MPa,Yield strength,660.0,MPa,Ductility,15.0,%,0.0,0.0,0.505,0.0,0.0,0.0,0.0,0.0,0.0,0.2249999999999999,0.035,0.045,0.0,0.0,0.0,0.0,0.5,0.875,97.065,0.0,0.55,0.0,0.0,0.0,0.0,0.0,0.0,0.2,0.0,0.0,0.0,0.0,0.0,0.0,0.0,0.0,,,"Normalized, 50 mm (2 In.) Round","Normalized, 50 mm (2 In.) Round",856,9,Normalized – general-purpose steel (round normalized stock),9
,,,1,Steel database with labelled clusters,,,AISI 4620H Steel,Ultimate tensile strength,600.0,MPa,Yield strength,380.0,MPa,Ductility,30.0,%,0.0,0.0,0.2,0.0,0.0,0.0,0.0,0.0,0.0,0.25,0.035,0.04,0.0,0.0,0.0,0.0,0.0,0.55,96.9,0.0,1.775,0.0,0.0,0.0,0.0,0.0,0.0,0.25,0.0,0.0,0.0,0.0,0.0,0.0,0.0,0.0,,,"Normalized, 13 mm (0.5 In.) Round","Normalized, 13 mm (0.5 In.) Round",362,9,Normalized – general-purpose steel (round normalized stock),9
,,,1,Steel database with labelled clusters,,,AISI 1541 Steel,Ultimate tensile strength,706.0,MPa,Yield strength,600.0,MPa,Ductility,10.0,%,0.0,0.0,0.4,0.0,0.0,0.0,0.0,0.0,0.0,0.0,0.04,0.05,0.0,0.0,0.0,0.0,0.0,1.5,98.01,0.0,0.0,0.0,0.0,0.0,0.0,0.0,0.0,0.0,0.0,0.0,0.0,0.0,0.0,0.0,0.0,0.0,,,Cold Drawn Bar (Uns G15410),Cold Drawn Bar (Uns G15410),1953,2,Quenched (oil) – general-purpose steel (tested),2
,,,1,Steel database with labelled clusters,,,AISI 51B60H Steel,Ultimate tensile strength,1000.0,MPa,Yield strength,869.0,MPa,Ductility,18.0,%,0.0,0.00175,0.6000000000000001,0.0,0.0,0.0,0.0,0.0,0.0,0.2249999999999999,0.035,0.04,0.0,0.0,0.0,0.0,0.8,0.875,97.42325,0.0,0.0,0.0,0.0,0.0,0.0,0.0,0.0,0.0,0.0,0.0,0.0,0.0,0.0,0.0,0.0,0.0,,,"Oil Quenched From 830C (1525F), 595C (1100F) Temper, 25 mm (1 In.) Round","Oil Quenched From 830C (1525F), 595C (1100F) Temper, 25 mm (1 In.) Round",600,6,Quenched (oil) & tempered – high-strength structural steel,6
,,,1,Steel database with labelled clusters,,,ASTM A517 Low Alloy Steel,Ultimate tensile strength,795.0,MPa,Yield strength,690.0,MPa,Ductility,16.0,%,0.0,0.0,0.15,0.0,0.0,0.0,0.0,0.0,0.0,0.275,0.04,0.04,0.0,0.0,0.06,0.0,0.0,1.3,97.85,0.0,0.0,0.0,0.0,0.0,0.0,0.0,0.06,0.2249999999999999,0.0,0.0,0.0,0.0,0.0,0.0,0.0,0.0,,,Grade S,Grade S,1303,1,Hot rolled – general construction steel,1
,,,1,Steel database with labelled clusters,,,AISI 5150 Steel,Ultimate tensile strength,938.0,MPa,Yield strength,834.0,MPa,Ductility,21.0,%,0.0,0.0,0.505,0.0,0.0,0.0,0.0,0.0,0.0,0.2249999999999999,0.035,0.04,0.0,0.0,0.0,0.0,0.8,0.8,97.595,0.0,0.0,0.0,0.0,0.0,0.0,0.0,0.0,0.0,0.0,0.0,0.0,0.0,0.0,0.0,0.0,0.0,,,"Oil Quenched From 830C (1525F), 650C (1200F) Temper, 13 mm (0.5 In.) Round","Oil Quenched From 830C (1525F), 650C (1200F) Temper, 13 mm (0.5 In.) Round",592,6,Quenched (oil) & tempered – high-strength structural steel,6
,,,1,Steel database with labelled clusters,,,AISI 1030 Steel,Ultimate tensile strength,510.0,MPa,Yield strength,345.0,MPa,Ductility,29.0,%,0.0,0.0,0.305,0.0,0.0,0.0,0.0,0.0,0.0,0.0,0.04,0.05,0.0,0.0,0.0,0.0,0.0,0.75,98.855,0.0,0.0,0.0,0.0,0.0,0.0,0.0,0.0,0.0,0.0,0.0,0.0,0.0,0.0,0.0,0.0,0.0,,,"Normalized At 925C (1700F), Air Cooled, 50 mm (2 In.) Round","Normalized At 925C (1700F), Air Cooled, 50 mm (2 In.) Round",1593,4,Normalized (air cooled) – general-purpose steel,4
,,,1,Steel database with labelled clusters,,,AISI 4419H Steel,Ultimate tensile strength,734.0,MPa,Yield strength,377.0,MPa,Ductility,21.0,%,0.0,0.0,0.2,0.0,0.0,0.0,0.0,0.0,0.0,0.25,0.035,0.04,0.0,0.0,0.0,0.0,0.0,0.55,98.4,0.0,0.0,0.0,0.0,0.0,0.0,0.0,0.0,0.525,0.0,0.0,0.0,0.0,0.0,0.0,0.0,0.0,,,"Double Quenched And Tempered, 150C (300F)","Double Quenched And Tempered, 150C (300F)",186,5,Carburized – quenched (oil) – wear-resistant surface steel (variant),5
,,,1,Steel database with labelled clusters,,,AISI 1040 Steel,Ultimate tensile strength,662.0,MPa,Yield strength,476.0,MPa,Ductility,27.0,%,0.0,0.0,0.405,0.0,0.0,0.0,0.0,0.0,0.0,0.0,0.04,0.05,0.0,0.0,0.0,0.0,0.0,0.75,98.755,0.0,0.0,0.0,0.0,0.0,0.0,0.0,0.0,0.0,0.0,0.0,0.0,0.0,0.0,0.0,0.0,0.0,,,"Water Quenched From 845C (1550F), 650C (1200F) Temper, 13 mm (0.5 In.) Round","Water Quenched From 845C (1550F), 650C (1200F) Temper, 13 mm (0.5 In.) Round",1738,10,Quenched (water) & tempered – high-strength structural steel,10
,,,1,Steel database with labelled clusters,,,ASTM A139 Steel,Ultimate tensile strength,415.0,MPa,Yield strength,240.0,MPa,Ductility,30.0,%,0.0,0.0,0.3,0.0,0.0,0.0,0.0,0.0,0.0,0.0,0.04,0.05,0.0,0.0,0.0,0.0,0.0,1.0,98.61,0.0,0.0,0.0,0.0,0.0,0.0,0.0,0.0,0.0,0.0,0.0,0.0,0.0,0.0,0.0,0.0,0.0,,,Grade B,Grade B,1180,1,Hot rolled – general construction steel,1
,,,1,Steel database with labelled clusters,,,AISI 4820H Steel,Ultimate tensile strength,717.0,MPa,Yield strength,470.0,MPa,Ductility,22.0,%,0.0,0.0,0.2,0.0,0.0,0.0,0.0,0.0,0.0,0.2249999999999999,0.035,0.04,0.0,0.0,0.0,0.0,0.0,0.6000000000000001,95.15,0.0,3.5,0.0,0.0,0.0,0.0,0.0,0.0,0.25,0.0,0.0,0.0,0.0,0.0,0.0,0.0,0.0,,,"Normalized 860C (1580F), 100 mm (4 In.) Round","Normalized 860C (1580F), 100 mm (4 In.) Round",463,4,Normalized (air cooled) – general-purpose steel,4
,,,1,Steel database with labelled clusters,,,ASTM A131 Steel,Ultimate tensile strength,400.0,MPa,Yield strength,220.0,MPa,Ductility,21.0,%,0.0,0.0,0.16,0.0,0.0,0.0,0.0,0.0,0.0,0.2249999999999999,0.04,0.04,0.0,0.0,0.0,0.0,0.0,1.175,98.36,0.0,0.0,0.0,0.0,0.0,0.0,0.0,0.0,0.0,0.0,0.0,0.0,0.0,0.0,0.0,0.0,0.0,,,Grade Cs,Grade Cs,1242,1,Hot rolled – general construction steel,1
,,,1,Steel database with labelled clusters,,,AISI 8740 Steel,Ultimate tensile strength,930.0,MPa,Yield strength,550.0,MPa,Ductility,16.0,%,0.0,0.0,0.405,0.0,0.0,0.0,0.0,0.0,0.0,0.2249999999999999,0.035,0.04,0.0,0.0,0.0,0.0,0.5,0.875,97.12,0.0,0.55,0.0,0.0,0.0,0.0,0.0,0.0,0.25,0.0,0.0,0.0,0.0,0.0,0.0,0.0,0.0,,,Normalized 870C (1600F),Normalized 870C (1600F),911,4,Normalized (air cooled) – general-purpose steel,4
,,,1,Steel database with labelled clusters,,,AISI 51B60 Steel,Ultimate tensile strength,1025.0,MPa,Yield strength,650.0,MPa,Ductility,18.0,%,0.0,0.00175,0.6000000000000001,0.0,0.0,0.0,0.0,0.0,0.0,0.2249999999999999,0.035,0.04,0.0,0.0,0.0,0.0,0.8,0.875,97.42325,0.0,0.0,0.0,0.0,0.0,0.0,0.0,0.0,0.0,0.0,0.0,0.0,0.0,0.0,0.0,0.0,0.0,,,"Normalized, 13 mm (0.5 In.) Round","Normalized, 13 mm (0.5 In.) Round",629,9,Normalized – general-purpose steel (round normalized stock),9
,,,1,Steel database with labelled clusters,,,AISI 1037 Steel,Ultimate tensile strength,565.0,MPa,Yield strength,476.0,MPa,Ductility,12.0,%,0.0,0.0,0.35,0.0,0.0,0.0,0.0,0.0,0.0,0.0,0.04,0.05,0.0,0.0,0.0,0.0,0.0,0.85,98.71,0.0,0.0,0.0,0.0,0.0,0.0,0.0,0.0,0.0,0.0,0.0,0.0,0.0,0.0,0.0,0.0,0.0,,,Cold Drawn Bar (Uns G10370),Cold Drawn Bar (Uns G10370),1581,2,Quenched (oil) – general-purpose steel (tested),2
,,,1,Steel database with labelled clusters,,,AISI 1548 Steel,Ultimate tensile strength,650.0,MPa,Yield strength,540.0,MPa,Ductility,10.0,%,0.0,0.0,0.48,0.0,0.0,0.0,0.0,0.0,0.0,0.0,0.04,0.05,0.0,0.0,0.0,0.0,0.0,1.225,98.205,0.0,0.0,0.0,0.0,0.0,0.0,0.0,0.0,0.0,0.0,0.0,0.0,0.0,0.0,0.0,0.0,0.0,,,"Annealed, Cold Drawn, 19-32 mm (0.75-1.25 In) Round","Annealed, Cold Drawn, 19-32 mm (0.75-1.25 In) Round",1918,3,Normalized – easy-to-machine stock (cold drawn),3
,,,1,Steel database with labelled clusters,,,AISI 1213 Steel,Ultimate tensile strength,540.0,MPa,Yield strength,415.0,MPa,Ductility,10.0,%,0.0,0.0,0.13,0.0,0.0,0.0,0.0,0.0,0.0,0.0,0.095,0.285,0.0,0.0,0.0,0.0,0.0,0.85,98.64,0.0,0.0,0.0,0.0,0.0,0.0,0.0,0.0,0.0,0.0,0.0,0.0,0.0,0.0,0.0,0.0,0.0,,,"Cold Drawn, 19-38 mm Round","Cold Drawn, 19-38 mm Round",1916,3,Normalized – easy-to-machine stock (cold drawn),3
,,,1,Steel database with labelled clusters,,,ASTM A543 Low Alloy Steel,Ultimate tensile strength,720.0,MPa,Yield strength,485.0,MPa,Ductility,16.0,%,0.0,0.0,0.23,0.0,0.0,0.0,0.0,0.0,0.0,0.3,0.02,0.02,0.0,0.0,0.0,0.03,1.5,0.4,94.75,0.0,2.75,0.0,0.0,0.0,0.0,0.0,0.0,0.0,0.0,0.0,0.0,0.0,0.0,0.0,0.0,0.0,,,"Grade C, Class 3","Grade C, Class 3",1342,1,Hot rolled – general construction steel,1
,,,1,Steel database with labelled clusters,,,AISI 8740 Steel,Ultimate tensile strength,958.0,MPa,Yield strength,745.0,MPa,Ductility,18.0,%,0.0,0.0,0.405,0.0,0.0,0.0,0.0,0.0,0.0,0.2249999999999999,0.035,0.04,0.0,0.0,0.0,0.0,0.5,0.875,97.12,0.0,0.55,0.0,0.0,0.0,0.0,0.0,0.0,0.25,0.0,0.0,0.0,0.0,0.0,0.0,0.0,0.0,,,"Oil Quenched 830C (1525F), 540C (1000F) Temper, 100 mm (4 In.) Round","Oil Quenched 830C (1525F), 540C (1000F) Temper, 100 mm (4 In.) Round",922,6,Quenched (oil) & tempered – high-strength structural steel,6
,,,1,Steel database with labelled clusters,,,AISI 4815 Steel,Ultimate tensile strength,1165.0,MPa,Yield strength,1005.0,MPa,Ductility,15.0,%,0.0,0.0,0.155,0.0,0.0,0.0,0.0,0.0,0.0,0.2249999999999999,0.035,0.04,0.0,0.0,0.0,0.0,0.0,0.5,95.295,0.0,3.5,0.0,0.0,0.0,0.0,0.0,0.0,0.25,0.0,0.0,0.0,0.0,0.0,0.0,0.0,0.0,,,"Pseudocarburized, Reheated To 830C (1525F) And Oil Quenched, 150C (300F) Temper, 13.7 mm (1 In.) Round","Pseudocarburized, Reheated To 830C (1525F) And Oil Quenched, 150C (300F) Temper, 13.7 mm (1 In.) Round",480,0,Carburized – quenched (oil) – wear-resistant surface steel,0
,,,1,Steel database with labelled clusters,,,AISI 51B60 Steel,Ultimate tensile strength,1000.0,MPa,Yield strength,869.0,MPa,Ductility,18.0,%,0.0,0.00175,0.6000000000000001,0.0,0.0,0.0,0.0,0.0,0.0,0.2249999999999999,0.035,0.04,0.0,0.0,0.0,0.0,0.8,0.875,97.42325,0.0,0.0,0.0,0.0,0.0,0.0,0.0,0.0,0.0,0.0,0.0,0.0,0.0,0.0,0.0,0.0,0.0,,,"Oil Quenched From 830C (1525F), 595C (1100F) Temper, 25 mm (1 In.) Round","Oil Quenched From 830C (1525F), 595C (1100F) Temper, 25 mm (1 In.) Round",983,6,Quenched (oil) & tempered – high-strength structural steel,6
,,,1,Steel database with labelled clusters,,,AISI 1030 Steel,Ultimate tensile strength,525.0,MPa,Yield strength,345.0,MPa,Ductility,32.0,%,0.0,0.0,0.305,0.0,0.0,0.0,0.0,0.0,0.0,0.0,0.04,0.05,0.0,0.0,0.0,0.0,0.0,0.75,98.855,0.0,0.0,0.0,0.0,0.0,0.0,0.0,0.0,0.0,0.0,0.0,0.0,0.0,0.0,0.0,0.0,0.0,,,"Normalized At 925C (1700F), Air Cooled, 25 mm (1 In.) Round","Normalized At 925C (1700F), Air Cooled, 25 mm (1 In.) Round",1591,4,Normalized (air cooled) – general-purpose steel,4
,,,1,Steel database with labelled clusters,,,AISI 4140H Steel,Ultimate tensile strength,972.0,MPa,Yield strength,635.0,MPa,Ductility,16.0,%,0.0,0.0,0.405,0.0,0.0,0.0,0.0,0.0,0.0,0.2249999999999999,0.035,0.04,0.0,0.0,0.0,0.0,0.975,0.875,97.22,0.0,0.0,0.0,0.0,0.0,0.0,0.0,0.0,0.2249999999999999,0.0,0.0,0.0,0.0,0.0,0.0,0.0,0.0,,,"Normalized At 870C (1600F), Air Cooled, 50 mm (2 In.) Round","Normalized At 870C (1600F), Air Cooled, 50 mm (2 In.) Round",124,4,Normalized (air cooled) – general-purpose steel,4
,,,1,Steel database with labelled clusters,,,AISI 5140 Steel,Ultimate tensile strength,800.0,MPa,Yield strength,510.0,MPa,Ductility,22.0,%,0.0,0.0,0.405,0.0,0.0,0.0,0.0,0.0,0.0,0.2249999999999999,0.035,0.04,0.0,0.0,0.0,0.0,0.8,0.8,97.695,0.0,0.0,0.0,0.0,0.0,0.0,0.0,0.0,0.0,0.0,0.0,0.0,0.0,0.0,0.0,0.0,0.0,,,"Oil Quenched 845C (1550F), 595C (1100F) Temper, 100 mm (4 In.) Round","Oil Quenched 845C (1550F), 595C (1100F) Temper, 100 mm (4 In.) Round",515,6,Quenched (oil) & tempered – high-strength structural steel,6
,,,1,Steel database with labelled clusters,,,AISI 1010 Steel,Ultimate tensile strength,325.0,MPa,Yield strength,180.0,MPa,Ductility,28.0,%,0.0,0.0,0.105,0.0,0.0,0.0,0.0,0.0,0.0,0.0,0.04,0.05,0.0,0.0,0.0,0.0,0.0,0.4499999999999999,99.355,0.0,0.0,0.0,0.0,0.0,0.0,0.0,0.0,0.0,0.0,0.0,0.0,0.0,0.0,0.0,0.0,0.0,,,"Hot Rolled Bar, 19-32 mm (0.75-1.25 In) Round Or Thickness","Hot Rolled Bar, 19-32 mm (0.75-1.25 In) Round Or Thickness",1431,2,Quenched (oil) – general-purpose steel (tested),2
,,,1,Steel database with labelled clusters,,,AISI 4620H Steel,Ultimate tensile strength,580.0,MPa,Yield strength,365.0,MPa,Ductility,29.0,%,0.0,0.0,0.2,0.0,0.0,0.0,0.0,0.0,0.0,0.25,0.035,0.04,0.0,0.0,0.0,0.0,0.0,0.55,96.9,0.0,1.775,0.0,0.0,0.0,0.0,0.0,0.0,0.25,0.0,0.0,0.0,0.0,0.0,0.0,0.0,0.0,,,"Mock Carburized, 230C (450F) Temper, 100 mm (4 In.) Round","Mock Carburized, 230C (450F) Temper, 100 mm (4 In.) Round",508,8,Carburized – quenched (oil) – wear-resistant surface steel (variant),8
,,,1,Steel database with labelled clusters,,,AISI 1030 Steel,Ultimate tensile strength,550.0,MPa,Yield strength,345.0,MPa,Ductility,32.0,%,0.0,0.0,0.305,0.0,0.0,0.0,0.0,0.0,0.0,0.0,0.04,0.05,0.0,0.0,0.0,0.0,0.0,0.75,98.855,0.0,0.0,0.0,0.0,0.0,0.0,0.0,0.0,0.0,0.0,0.0,0.0,0.0,0.0,0.0,0.0,0.0,,,As Rolled,As Rolled,1531,2,Quenched (oil) – general-purpose steel (tested),2
,,,1,Steel database with labelled clusters,,,AISI 4620H Steel,Ultimate tensile strength,945.0,MPa,Yield strength,752.0,MPa,Ductility,17.0,%,0.0,0.0,0.2,0.0,0.0,0.0,0.0,0.0,0.0,0.25,0.035,0.04,0.0,0.0,0.0,0.0,0.0,0.55,96.9,0.0,1.775,0.0,0.0,0.0,0.0,0.0,0.0,0.25,0.0,0.0,0.0,0.0,0.0,0.0,0.0,0.0,,,"Normalized, Machined To 25 mm (1 In.) Rounds, Pseudocarburized, Reheated To 830C (1525F), Quenched And Tempered","Normalized, Machined To 25 mm (1 In.) Rounds, Pseudocarburized, Reheated To 830C (1525F), Quenched And Tempered",355,0,Carburized – quenched (oil) – wear-resistant surface steel,0
,,,1,Steel database with labelled clusters,,,AISI 4820 Steel,Ultimate tensile strength,717.0,MPa,Yield strength,470.0,MPa,Ductility,22.0,%,0.0,0.0,0.205,0.0,0.0,0.0,0.0,0.0,0.0,0.2249999999999999,0.035,0.04,0.0,0.0,0.0,0.0,0.0,0.6,95.145,0.0,3.5,0.0,0.0,0.0,0.0,0.0,0.0,0.25,0.0,0.0,0.0,0.0,0.0,0.0,0.0,0.0,,,"Normalized 860C (1580F), 100 mm (4 In.) Round","Normalized 860C (1580F), 100 mm (4 In.) Round",440,4,Normalized (air cooled) – general-purpose steel,4
,,,1,Steel database with labelled clusters,,,AISI 4620 Steel,Ultimate tensile strength,822.0,MPa,Yield strength,576.0,MPa,Ductility,19.0,%,0.0,0.0,0.195,0.0,0.0,0.0,0.0,0.0,0.0,0.25,0.035,0.04,0.0,0.0,0.0,0.0,0.0,0.55,96.855,0.0,1.825,0.0,0.0,0.0,0.0,0.0,0.0,0.25,0.0,0.0,0.0,0.0,0.0,0.0,0.0,0.0,,,"Single Quenched And Tempered, Carburized, Oil Quenched, 150C (300F) Temper","Single Quenched And Tempered, Carburized, Oil Quenched, 150C (300F) Temper",367,5,Carburized – quenched (oil) – wear-resistant surface steel (variant),5
,,,1,Steel database with labelled clusters,,,AISI 4140H Steel,Ultimate tensile strength,1140.0,MPa,Yield strength,965.0,MPa,Ductility,18.0,%,0.0,0.0,0.405,0.0,0.0,0.0,0.0,0.0,0.0,0.2249999999999999,0.035,0.04,0.0,0.0,0.0,0.0,0.975,0.875,97.22,0.0,0.0,0.0,0.0,0.0,0.0,0.0,0.0,0.2249999999999999,0.0,0.0,0.0,0.0,0.0,0.0,0.0,0.0,,,"Oil Quenched, Tempered 540C (1000F), 25 mm (1 In.) Round","Oil Quenched, Tempered 540C (1000F), 25 mm (1 In.) Round",195,6,Quenched (oil) & tempered – high-strength structural steel,6
,,,1,Steel database with labelled clusters,,,AISI 5120H Steel,Ultimate tensile strength,834.0,MPa,Yield strength,635.0,MPa,Ductility,14.0,%,0.0,0.0,0.2,0.0,0.0,0.0,0.0,0.0,0.0,0.2249999999999999,0.035,0.04,0.0,0.0,0.0,0.0,0.8,0.8,97.9,0.0,0.0,0.0,0.0,0.0,0.0,0.0,0.0,0.0,0.0,0.0,0.0,0.0,0.0,0.0,0.0,0.0,,,"Heat Treated, Machined To 25 mm, Pseudocarburized, Reheated To 775C (1430F), 150C (300F) Temper","Heat Treated, Machined To 25 mm, Pseudocarburized, Reheated To 775C (1430F), 150C (300F) Temper",544,0,Carburized – quenched (oil) – wear-resistant surface steel,0
,,,1,Steel database with labelled clusters,,,ASTM A424 Steel,Ultimate tensile strength,275.0,MPa,Yield strength,170.0,MPa,Ductility,45.0,%,0.0,0.0,0.008,0.0,0.0,0.0,0.0,0.0,0.0,0.0,0.0,0.035,0.0,0.0,0.0,0.0,0.0,0.6,99.357,0.0,0.0,0.0,0.0,0.0,0.0,0.0,0.0,0.0,0.0,0.0,0.0,0.0,0.0,0.0,0.0,0.0,,,"Type I, Drawing Quality","Type I, Drawing Quality",1284,2,Quenched (oil) – general-purpose steel (tested),2
,,,1,Steel database with labelled clusters,,,AISI 1050 Steel,Ultimate tensile strength,636.0,MPa,Yield strength,365.0,MPa,Ductility,24.0,%,0.0,0.0,0.51,0.0,0.0,0.0,0.0,0.0,0.0,0.0,0.04,0.05,0.0,0.0,0.0,0.0,0.0,0.75,98.65,0.0,0.0,0.0,0.0,0.0,0.0,0.0,0.0,0.0,0.0,0.0,0.0,0.0,0.0,0.0,0.0,0.0,,,"Annealed At 790C (1450F), Furnace Cooled 10C (18F) Per Hour To 650C (1200F), Air Cooled, 25 mm (1 In.) Round","Annealed At 790C (1450F), Furnace Cooled 10C (18F) Per Hour To 650C (1200F), Air Cooled, 25 mm (1 In.) Round",1691,7,Annealed – easy-to-machine – round annealed stock,7
,,,1,Steel database with labelled clusters,,,AISI 4620 Steel,Ultimate tensile strength,876.0,MPa,Yield strength,620.0,MPa,Ductility,20.0,%,0.0,0.0,0.195,0.0,0.0,0.0,0.0,0.0,0.0,0.25,0.035,0.04,0.0,0.0,0.0,0.0,0.0,0.55,96.855,0.0,1.825,0.0,0.0,0.0,0.0,0.0,0.0,0.25,0.0,0.0,0.0,0.0,0.0,0.0,0.0,0.0,,,"Mock Carburized, 150C (300F) Temper, 13 mm (0.5 In.) Round","Mock Carburized, 150C (300F) Temper, 13 mm (0.5 In.) Round",323,8,Carburized – quenched (oil) – wear-resistant surface steel (variant),8
,,,1,Steel database with labelled clusters,,,AISI 1144 Steel,Ultimate tensile strength,725.0,MPa,Yield strength,655.0,MPa,Ductility,10.0,%,0.0,0.0,0.44,0.0,0.0,0.0,0.0,0.0,0.0,0.0,0.04,0.285,0.0,0.0,0.0,0.0,0.0,1.5,97.735,0.0,0.0,0.0,0.0,0.0,0.0,0.0,0.0,0.0,0.0,0.0,0.0,0.0,0.0,0.0,0.0,0.0,,,"As Cold Drawn, 22-32 mm (0.875-1.25 In) Round","As Cold Drawn, 22-32 mm (0.875-1.25 In) Round",1834,3,Normalized – easy-to-machine stock (cold drawn),3
,,,1,Steel database with labelled clusters,,,AISI E4340 Steel,Ultimate tensile strength,1255.0,MPa,Yield strength,1165.0,MPa,Ductility,13.0,%,0.0,0.0,0.405,0.0,0.0,0.0,0.0,0.0,0.0,0.2249999999999999,0.025,0.02,0.0,0.0,0.0,0.0,0.8,0.75,95.7,0.0,1.825,0.0,0.0,0.0,0.0,0.0,0.0,0.25,0.0,0.0,0.0,0.0,0.0,0.0,0.0,0.0,,,"Oil Quenched 800C (1470F), 540C (1000F) Temper, 13 mm (0.5 In.) Round","Oil Quenched 800C (1470F), 540C (1000F) Temper, 13 mm (0.5 In.) Round",267,6,Quenched (oil) & tempered – high-strength structural steel,6
,,,1,Steel database with labelled clusters,,,AISI 8620 Steel,Ultimate tensile strength,898.0,MPa,Yield strength,533.0,MPa,Ductility,22.0,%,0.0,0.0,0.205,0.0,0.0,0.0,0.0,0.0,0.0,0.25,0.035,0.04,0.0,0.0,0.0,0.0,0.5,0.8,97.42,0.0,0.55,0.0,0.0,0.0,0.0,0.0,0.0,0.2,0.0,0.0,0.0,0.0,0.0,0.0,0.0,0.0,,,"Double Quenched And Tempered (230C (450F)), Carburized","Double Quenched And Tempered (230C (450F)), Carburized",756,5,Carburized – quenched (oil) – wear-resistant surface steel (variant),5
,,,1,Steel database with labelled clusters,,,AISI 4140H Steel,Ultimate tensile strength,1020.0,MPa,Yield strength,655.0,MPa,Ductility,17.0,%,0.0,0.0,0.405,0.0,0.0,0.0,0.0,0.0,0.0,0.2249999999999999,0.035,0.04,0.0,0.0,0.0,0.0,0.975,0.875,97.22,0.0,0.0,0.0,0.0,0.0,0.0,0.0,0.0,0.2249999999999999,0.0,0.0,0.0,0.0,0.0,0.0,0.0,0.0,,,"Normalized At 870C (1600F), Air Cooled, 25 mm (1 In.) Round","Normalized At 870C (1600F), Air Cooled, 25 mm (1 In.) Round",68,4,Normalized (air cooled) – general-purpose steel,4
,,,1,Steel database with labelled clusters,,,ASTM A782 Low Alloy Steel,Ultimate tensile strength,740.0,MPa,Yield strength,620.0,MPa,Ductility,17.0,%,0.0,0.0,0.2,0.0,0.0,0.0,0.0,0.0,0.0,0.6000000000000001,0.04,0.04,0.0,0.0,0.0,0.0,0.75,0.95,97.34,0.0,0.0,0.0,0.0,0.0,0.0,0.08,0.0,0.0,0.0,0.0,0.0,0.0,0.0,0.0,0.0,0.0,,,Class 2,Class 2,1393,1,Hot rolled – general construction steel,1
,,,1,Steel database with labelled clusters,,,AISI 5140H Steel,Ultimate tensile strength,793.0,MPa,Yield strength,475.0,MPa,Ductility,22.0,%,0.0,0.0,0.405,0.0,0.0,0.0,0.0,0.0,0.0,0.2249999999999999,0.035,0.04,0.0,0.0,0.0,0.0,0.8,0.8,97.695,0.0,0.0,0.0,0.0,0.0,0.0,0.0,0.0,0.0,0.0,0.0,0.0,0.0,0.0,0.0,0.0,0.0,,,Normalized 870C (1600F),Normalized 870C (1600F),612,4,Normalized (air cooled) – general-purpose steel,4
,,,1,Steel database with labelled clusters,,,AISI 1050 Steel,Ultimate tensile strength,924.0,MPa,Yield strength,683.0,MPa,Ductility,20.0,%,0.0,0.0,0.51,0.0,0.0,0.0,0.0,0.0,0.0,0.0,0.04,0.05,0.0,0.0,0.0,0.0,0.0,0.75,98.65,0.0,0.0,0.0,0.0,0.0,0.0,0.0,0.0,0.0,0.0,0.0,0.0,0.0,0.0,0.0,0.0,0.0,,,"Water Quenched From 830C (1525F), 540C (1000F) Temper, 13 mm (0.5 In.) Round","Water Quenched From 830C (1525F), 540C (1000F) Temper, 13 mm (0.5 In.) Round",1685,10,Quenched (water) & tempered – high-strength structural steel,10
,,,1,Steel database with labelled clusters,,,AISI 5120H Steel,Ultimate tensile strength,848.0,MPa,Yield strength,650.0,MPa,Ductility,14.0,%,0.0,0.0,0.2,0.0,0.0,0.0,0.0,0.0,0.0,0.2249999999999999,0.035,0.04,0.0,0.0,0.0,0.0,0.8,0.8,97.9,0.0,0.0,0.0,0.0,0.0,0.0,0.0,0.0,0.0,0.0,0.0,0.0,0.0,0.0,0.0,0.0,0.0,,,"Heat Treated, Machined To 13.7 mm, Pseudocarburized, Reheated To 775C (1430F), 150C (300F) Temper","Heat Treated, Machined To 13.7 mm, Pseudocarburized, Reheated To 775C (1430F), 150C (300F) Temper",603,0,Carburized – quenched (oil) – wear-resistant surface steel,0
,,,1,Steel database with labelled clusters,,,AISI 4718 Steel,Ultimate tensile strength,1068.0,MPa,Yield strength,714.0,MPa,Ductility,17.0,%,0.0,0.0,0.185,0.0,0.0,0.0,0.0,0.0,0.0,0.275,0.04,0.04,0.0,0.0,0.0,0.0,0.45,0.8,96.81,0.0,1.05,0.0,0.0,0.0,0.0,0.0,0.0,0.35,0.0,0.0,0.0,0.0,0.0,0.0,0.0,0.0,,,"Psueudocarburized, Reheated To 800C (1470F) And Oil Quenched, 150C (300F) Temper, 25 mm Round","Psueudocarburized, Reheated To 800C (1470F) And Oil Quenched, 150C (300F) Temper, 25 mm Round",430,0,Carburized – quenched (oil) – wear-resistant surface steel,0
,,,1,Steel database with labelled clusters,,,AISI 1020 Steel,Ultimate tensile strength,472.0,MPa,Yield strength,384.0,MPa,Ductility,32.0,%,0.0,0.0,0.2,0.0,0.0,0.0,0.0,0.0,0.0,0.0,0.04,0.05,0.0,0.0,0.0,0.0,0.0,0.4499999999999999,99.26,0.0,0.0,0.0,0.0,0.0,0.0,0.0,0.0,0.0,0.0,0.0,0.0,0.0,0.0,0.0,0.0,0.0,,,"As Rolled, 25 mm (1 In.) Round","As Rolled, 25 mm (1 In.) Round",1459,3,Normalized – easy-to-machine stock (cold drawn),3
,,,1,Steel database with labelled clusters,,,AISI 4620H Steel,Ultimate tensile strength,796.0,MPa,Yield strength,557.0,MPa,Ductility,20.0,%,0.0,0.0,0.2,0.0,0.0,0.0,0.0,0.0,0.0,0.25,0.035,0.04,0.0,0.0,0.0,0.0,0.0,0.55,96.9,0.0,1.775,0.0,0.0,0.0,0.0,0.0,0.0,0.25,0.0,0.0,0.0,0.0,0.0,0.0,0.0,0.0,,,"Single Quenched And Tempered, Carburized, Oil Quenched, 230C (450F) Temper","Single Quenched And Tempered, Carburized, Oil Quenched, 230C (450F) Temper",415,5,Carburized – quenched (oil) – wear-resistant surface steel (variant),5
,,,1,Steel database with labelled clusters,,,JIS S55C Steel,Ultimate tensile strength,647.0,MPa,Yield strength,392.0,MPa,Ductility,15.0,%,0.0,0.0,0.55,0.0,0.0,0.0,0.0,0.0,0.0,0.25,0.03,0.035,0.0,0.0,0.0,0.0,0.2,0.75,97.685,0.0,0.2,0.3,0.0,0.0,0.0,0.0,0.0,0.0,0.0,0.0,0.0,0.0,0.0,0.0,0.0,0.0,,,Normalized,Normalized,1943,2,Quenched (oil) – general-purpose steel (tested),2
,,,1,Steel database with labelled clusters,,,AISI 8640 Steel,Ultimate tensile strength,945.0,MPa,Yield strength,931.0,MPa,Ductility,9.0,%,0.0,0.0,0.405,0.0,0.0,0.0,0.0,0.0,0.0,0.2249999999999999,0.035,0.04,0.0,0.0,0.0,0.0,0.5,0.875,97.17,0.0,0.55,0.0,0.0,0.0,0.0,0.0,0.0,0.2,0.0,0.0,0.0,0.0,0.0,0.0,0.0,0.0,,,"Cold Drawn, 25 mm (1 In.) Round","Cold Drawn, 25 mm (1 In.) Round",839,3,Normalized – easy-to-machine stock (cold drawn),3
,,,1,Steel database with labelled clusters,,,AISI 4815H Steel,Ultimate tensile strength,1165.0,MPa,Yield strength,1005.0,MPa,Ductility,15.0,%,0.0,0.0,0.15,0.0,0.0,0.0,0.0,0.0,0.0,0.2249999999999999,0.035,0.04,0.0,0.0,0.0,0.0,0.0,0.5,95.3,0.0,3.5,0.0,0.0,0.0,0.0,0.0,0.0,0.25,0.0,0.0,0.0,0.0,0.0,0.0,0.0,0.0,,,"Pseudocarburized, Reheated To 830C (1525F) And Oil Quenched, 150C (300F) Temper, 13.7 mm (1 In.) Round","Pseudocarburized, Reheated To 830C (1525F) And Oil Quenched, 150C (300F) Temper, 13.7 mm (1 In.) Round",384,0,Carburized – quenched (oil) – wear-resistant surface steel,0
,,,1,Steel database with labelled clusters,,,AISI 1050 Steel,Ultimate tensile strength,814.0,MPa,Yield strength,552.0,MPa,Ductility,22.0,%,0.0,0.0,0.51,0.0,0.0,0.0,0.0,0.0,0.0,0.0,0.04,0.05,0.0,0.0,0.0,0.0,0.0,0.75,98.65,0.0,0.0,0.0,0.0,0.0,0.0,0.0,0.0,0.0,0.0,0.0,0.0,0.0,0.0,0.0,0.0,0.0,,,"Water Quenched From 830C (1525F), 595C (1100F) Temper, 25 mm (1 In.) Round","Water Quenched From 830C (1525F), 595C (1100F) Temper, 25 mm (1 In.) Round",1706,10,Quenched (water) & tempered – high-strength structural steel,10
,,,1,Steel database with labelled clusters,,,AISI 8620H Steel,Ultimate tensile strength,1225.0,MPa,Yield strength,965.0,MPa,Ductility,14.0,%,0.0,0.0,0.205,0.0,0.0,0.0,0.0,0.0,0.0,0.25,0.035,0.04,0.0,0.0,0.0,0.0,0.5,0.7749999999999999,97.445,0.0,0.55,0.0,0.0,0.0,0.0,0.0,0.0,0.2,0.0,0.0,0.0,0.0,0.0,0.0,0.0,0.0,,,"Mock Carburized, Reheated And Oil Quenched, 230C (450F) Temper, 13 mm (0.5 In.) Round","Mock Carburized, Reheated And Oil Quenched, 230C (450F) Temper, 13 mm (0.5 In.) Round",742,8,Carburized – quenched (oil) – wear-resistant surface steel (variant),8
,,,1,Steel database with labelled clusters,,,AISI 8740H Steel,Ultimate tensile strength,979.0,MPa,Yield strength,841.0,MPa,Ductility,18.0,%,0.0,0.0,0.405,0.0,0.0,0.0,0.0,0.0,0.0,0.2249999999999999,0.035,0.04,0.0,0.0,0.0,0.0,0.5,0.875,97.12,0.0,0.55,0.0,0.0,0.0,0.0,0.0,0.0,0.25,0.0,0.0,0.0,0.0,0.0,0.0,0.0,0.0,,,"Oil Quenched 830C (1525F), 595C (1100F) Temper, 50 mm (2 In.) Round","Oil Quenched 830C (1525F), 595C (1100F) Temper, 50 mm (2 In.) Round",940,6,Quenched (oil) & tempered – high-strength structural steel,6
,,,1,Steel database with labelled clusters,,,ASTM A514 Steel,Ultimate tensile strength,760.0,MPa,Yield strength,690.0,MPa,Ductility,18.0,%,0.0,0.00275,0.1649999999999999,0.0,0.0,0.0,0.0,0.0,0.0,0.275,0.04,0.04,0.0,0.0,0.02,0.055,0.525,0.85,97.82725,0.0,0.0,0.0,0.0,0.0,0.0,0.0,0.0,0.2,0.0,0.0,0.0,0.0,0.0,0.0,0.0,0.0,,,"Grade B, Plate Thickness _ 19 mm","Grade B, Plate Thickness _ 19 mm",1254,11,plate – no special treatment – general-purpose steel,11
,,,1,Steel database with labelled clusters,,,AISI 1010 Steel,Ultimate tensile strength,365.0,MPa,Yield strength,305.0,MPa,Ductility,20.0,%,0.0,0.0,0.105,0.0,0.0,0.0,0.0,0.0,0.0,0.0,0.04,0.05,0.0,0.0,0.0,0.0,0.0,0.4499999999999999,99.355,0.0,0.0,0.0,0.0,0.0,0.0,0.0,0.0,0.0,0.0,0.0,0.0,0.0,0.0,0.0,0.0,0.0,,,"Cold Drawn Bar, 19-32 mm (0.75-1.25 In) Round Or Thickness","Cold Drawn Bar, 19-32 mm (0.75-1.25 In) Round Or Thickness",1512,2,Quenched (oil) – general-purpose steel (tested),2
,,,1,Steel database with labelled clusters,,,AISI 1046 Steel,Ultimate tensile strength,620.0,MPa,Yield strength,515.0,MPa,Ductility,12.0,%,0.0,0.0,0.4599999999999999,0.0,0.0,0.0,0.0,0.0,0.0,0.0,0.04,0.05,0.0,0.0,0.0,0.0,0.0,0.85,98.6,0.0,0.0,0.0,0.0,0.0,0.0,0.0,0.0,0.0,0.0,0.0,0.0,0.0,0.0,0.0,0.0,0.0,,,"Cold Drawn, Annealed, 19-32 mm (0.75-1.25 In) Round","Cold Drawn, Annealed, 19-32 mm (0.75-1.25 In) Round",1569,3,Normalized – easy-to-machine stock (cold drawn),3
,,,1,Steel database with labelled clusters,,,AISI 1030 Steel,Ultimate tensile strength,525.0,MPa,Yield strength,345.0,MPa,Ductility,32.0,%,0.0,0.0,0.305,0.0,0.0,0.0,0.0,0.0,0.0,0.0,0.04,0.05,0.0,0.0,0.0,0.0,0.0,0.75,98.855,0.0,0.0,0.0,0.0,0.0,0.0,0.0,0.0,0.0,0.0,0.0,0.0,0.0,0.0,0.0,0.0,0.0,,,Normalized 925C (1700F),Normalized 925C (1700F),1638,4,Normalized (air cooled) – general-purpose steel,4
,,,1,Steel database with labelled clusters,,,AISI 51B60H Steel,Ultimate tensile strength,1050.0,MPa,Yield strength,924.0,MPa,Ductility,16.0,%,0.0,0.00175,0.6000000000000001,0.0,0.0,0.0,0.0,0.0,0.0,0.2249999999999999,0.035,0.04,0.0,0.0,0.0,0.0,0.8,0.875,97.42325,0.0,0.0,0.0,0.0,0.0,0.0,0.0,0.0,0.0,0.0,0.0,0.0,0.0,0.0,0.0,0.0,0.0,,,"Oil Quenched From 830C (1525F), 595C (1100F) Temper, 13 mm (0.5 In.) Round","Oil Quenched From 830C (1525F), 595C (1100F) Temper, 13 mm (0.5 In.) Round",675,6,Quenched (oil) & tempered – high-strength structural steel,6
,,,1,Steel database with labelled clusters,,,AISI 8620H Steel,Ultimate tensile strength,1040.0,MPa,Yield strength,848.0,MPa,Ductility,15.0,%,0.0,0.0,0.205,0.0,0.0,0.0,0.0,0.0,0.0,0.25,0.035,0.04,0.0,0.0,0.0,0.0,0.5,0.7749999999999999,97.445,0.0,0.55,0.0,0.0,0.0,0.0,0.0,0.0,0.2,0.0,0.0,0.0,0.0,0.0,0.0,0.0,0.0,,,"Normalized, Machined To 13.7 mm, Pseudocarburized, Reheated To 800C, 150C Temper","Normalized, Machined To 13.7 mm, Pseudocarburized, Reheated To 800C, 150C Temper",793,0,Carburized – quenched (oil) – wear-resistant surface steel,0
,,,1,Steel database with labelled clusters,,,AISI 5120H Steel,Ultimate tensile strength,979.0,MPa,Yield strength,786.0,MPa,Ductility,16.0,%,0.0,0.0,0.2,0.0,0.0,0.0,0.0,0.0,0.0,0.2249999999999999,0.035,0.04,0.0,0.0,0.0,0.0,0.8,0.8,97.9,0.0,0.0,0.0,0.0,0.0,0.0,0.0,0.0,0.0,0.0,0.0,0.0,0.0,0.0,0.0,0.0,0.0,,,"Heat Treated, Machined To 13.7 mm, Pseudocarburized, Reheated To 845C (1550F), 150C (300F) Temper","Heat Treated, Machined To 13.7 mm, Pseudocarburized, Reheated To 845C (1550F), 150C (300F) Temper",530,0,Carburized – quenched (oil) – wear-resistant surface steel,0
,,,1,Steel database with labelled clusters,,,AISI 1050 Steel,Ultimate tensile strength,655.0,MPa,Yield strength,550.0,MPa,Ductility,10.0,%,0.0,0.0,0.51,0.0,0.0,0.0,0.0,0.0,0.0,0.0,0.04,0.05,0.0,0.0,0.0,0.0,0.0,0.75,98.65,0.0,0.0,0.0,0.0,0.0,0.0,0.0,0.0,0.0,0.0,0.0,0.0,0.0,0.0,0.0,0.0,0.0,,,"Cold Drawn, Annealed, 19-32 mm (0.75-1.25 In) Round","Cold Drawn, Annealed, 19-32 mm (0.75-1.25 In) Round",1726,3,Normalized – easy-to-machine stock (cold drawn),3
,,,1,Steel database with labelled clusters,,,ASTM A446 Steel,Ultimate tensile strength,310.0,MPa,Yield strength,230.0,MPa,Ductility,20.0,%,0.0,0.0,0.2,0.0,0.0,0.0,0.0,0.0,0.0,0.0,0.04,0.04,0.0,0.0,0.0,0.0,0.0,0.0,99.52,0.0,0.0,0.2,0.0,0.0,0.0,0.0,0.0,0.0,0.0,0.0,0.0,0.0,0.0,0.0,0.0,0.0,,,Grade A,Grade A,1365,1,Hot rolled – general construction steel,1
,,,1,Steel database with labelled clusters,,,AISI 1050 Steel,Ultimate tensile strength,655.0,MPa,Yield strength,515.0,MPa,Ductility,15.0,%,0.0,0.0,0.51,0.0,0.0,0.0,0.0,0.0,0.0,0.0,0.04,0.05,0.0,0.0,0.0,0.0,0.0,0.75,98.65,0.0,0.0,0.0,0.0,0.0,0.0,0.0,0.0,0.0,0.0,0.0,0.0,0.0,0.0,0.0,0.0,0.0,,,"Cold Drawn, High Temperature, Stress Relieved, 16-22 mm (0.625-0.875 In) Round","Cold Drawn, High Temperature, Stress Relieved, 16-22 mm (0.625-0.875 In) Round",1664,0,Carburized – quenched (oil) – wear-resistant surface steel,0
,,,1,Steel database with labelled clusters,,,AISI 4340H Steel,Ultimate tensile strength,1280.0,MPa,Yield strength,860.0,MPa,Ductility,12.0,%,0.0,0.0,0.405,0.0,0.0,0.0,0.0,0.0,0.0,0.2249999999999999,0.035,0.04,0.0,0.0,0.0,0.0,0.8,0.7250000000000001,95.745,0.0,1.775,0.0,0.0,0.0,0.0,0.0,0.0,0.25,0.0,0.0,0.0,0.0,0.0,0.0,0.0,0.0,,,Normalized 870C (1600F),Normalized 870C (1600F),262,4,Normalized (air cooled) – general-purpose steel,4
,,,1,Steel database with labelled clusters,,,AISI 1045 Steel,Ultimate tensile strength,585.0,MPa,Yield strength,515.0,MPa,Ductility,10.0,%,0.0,0.0,0.4599999999999999,0.0,0.0,0.0,0.0,0.0,0.0,0.0,0.04,0.05,0.0,0.0,0.0,0.0,0.0,0.75,98.7,0.0,0.0,0.0,0.0,0.0,0.0,0.0,0.0,0.0,0.0,0.0,0.0,0.0,0.0,0.0,0.0,0.0,,,"As Cold Drawn, 32-50 mm (1.25-2 In) Round","As Cold Drawn, 32-50 mm (1.25-2 In) Round",1562,3,Normalized – easy-to-machine stock (cold drawn),3
,,,1,Steel database with labelled clusters,,,AISI 4419H Steel,Ultimate tensile strength,450.0,MPa,Yield strength,330.0,MPa,Ductility,31.0,%,0.0,0.0,0.2,0.0,0.0,0.0,0.0,0.0,0.0,0.25,0.035,0.04,0.0,0.0,0.0,0.0,0.0,0.55,98.4,0.0,0.0,0.0,0.0,0.0,0.0,0.0,0.0,0.525,0.0,0.0,0.0,0.0,0.0,0.0,0.0,0.0,,,"Annealed At 915C (1675F), 25 mm (1 In.) Round","Annealed At 915C (1675F), 25 mm (1 In.) Round",241,7,Annealed – easy-to-machine – round annealed stock,7
,,,1,Steel database with labelled clusters,,,AISI 8620 Steel,Ultimate tensile strength,635.0,MPa,Yield strength,360.0,MPa,Ductility,26.0,%,0.0,0.0,0.205,0.0,0.0,0.0,0.0,0.0,0.0,0.25,0.035,0.04,0.0,0.0,0.0,0.0,0.5,0.8,97.42,0.0,0.55,0.0,0.0,0.0,0.0,0.0,0.0,0.2,0.0,0.0,0.0,0.0,0.0,0.0,0.0,0.0,,,"Normalized, 13 mm (0.5 In.) Round","Normalized, 13 mm (0.5 In.) Round",773,9,Normalized – general-purpose steel (round normalized stock),9
,,,1,Steel database with labelled clusters,,,AISI 1080 Steel,Ultimate tensile strength,615.0,MPa,Yield strength,370.0,MPa,Ductility,24.0,%,0.0,0.0,0.815,0.0,0.0,0.0,0.0,0.0,0.0,0.0,0.04,0.05,0.0,0.0,0.0,0.0,0.0,0.75,98.345,0.0,0.0,0.0,0.0,0.0,0.0,0.0,0.0,0.0,0.0,0.0,0.0,0.0,0.0,0.0,0.0,0.0,,,"Annealed At 790C (1450F), Furnace Cooled 11C (20F) Per Hour To 650C (1200F), Air Cooled, 25 mm (1 In.) Round","Annealed At 790C (1450F), Furnace Cooled 11C (20F) Per Hour To 650C (1200F), Air Cooled, 25 mm (1 In.) Round",1697,7,Annealed – easy-to-machine – round annealed stock,7
,,,1,Steel database with labelled clusters,,,AISI 5150H Steel,Ultimate tensile strength,903.0,MPa,Yield strength,565.0,MPa,Ductility,21.0,%,0.0,0.0,0.505,0.0,0.0,0.0,0.0,0.0,0.0,0.2249999999999999,0.035,0.04,0.0,0.0,0.0,0.0,0.8,0.8,97.595,0.0,0.0,0.0,0.0,0.0,0.0,0.0,0.0,0.0,0.0,0.0,0.0,0.0,0.0,0.0,0.0,0.0,,,"Normalized, 13 mm (0.5 In.) Round","Normalized, 13 mm (0.5 In.) Round",621,9,Normalized – general-purpose steel (round normalized stock),9
,,,1,Steel database with labelled clusters,,,AISI 1035 Steel,Ultimate tensile strength,550.0,MPa,Yield strength,485.0,MPa,Ductility,12.0,%,0.0,0.0,0.345,0.0,0.0,0.0,0.0,0.0,0.0,0.0,0.04,0.05,0.0,0.0,0.0,0.0,0.0,0.75,98.815,0.0,0.0,0.0,0.0,0.0,0.0,0.0,0.0,0.0,0.0,0.0,0.0,0.0,0.0,0.0,0.0,0.0,,,"As Cold Drawn, 22-32 mm (0.875-1.25 In) Round","As Cold Drawn, 22-32 mm (0.875-1.25 In) Round",1599,3,Normalized – easy-to-machine stock (cold drawn),3
,,,1,Steel database with labelled clusters,,,AISI 5140 Steel,Ultimate tensile strength,570.0,MPa,Yield strength,295.0,MPa,Ductility,28.0,%,0.0,0.0,0.405,0.0,0.0,0.0,0.0,0.0,0.0,0.2249999999999999,0.035,0.04,0.0,0.0,0.0,0.0,0.8,0.8,97.695,0.0,0.0,0.0,0.0,0.0,0.0,0.0,0.0,0.0,0.0,0.0,0.0,0.0,0.0,0.0,0.0,0.0,,,Annealed 830C (1525F),Annealed 830C (1525F),520,7,Annealed – easy-to-machine – round annealed stock,7
,,,1,Steel database with labelled clusters,,,AISI E4340 H Steel,Ultimate tensile strength,1138.0,MPa,Yield strength,1000.0,MPa,Ductility,15.0,%,0.0,0.0,0.405,0.0,0.0,0.0,0.0,0.0,0.0,0.2249999999999999,0.025,0.02,0.0,0.0,0.0,0.0,0.8,0.7749999999999999,95.725,0.0,1.775,0.0,0.0,0.0,0.0,0.0,0.0,0.25,0.0,0.0,0.0,0.0,0.0,0.0,0.0,0.0,,,"Oil Quenched 800C (1470F), 540C (1000F) Temper, 100 mm (4 In.) Round","Oil Quenched 800C (1470F), 540C (1000F) Temper, 100 mm (4 In.) Round",366,6,Quenched (oil) & tempered – high-strength structural steel,6
,,,1,Steel database with labelled clusters,,,AISI E9310 Steel,Ultimate tensile strength,1069.0,MPa,Yield strength,896.0,MPa,Ductility,15.0,%,0.0,0.0,0.105,0.0,0.0,0.0,0.0,0.0,0.0,0.275,0.025,0.025,0.0,0.0,0.0,0.0,1.2,0.55,94.455,0.0,3.25,0.0,0.0,0.0,0.0,0.0,0.0,0.1149999999999999,0.0,0.0,0.0,0.0,0.0,0.0,0.0,0.0,,,"Normalized, Machined To 13.7 mm Rounds, Pseudocarburized, 775C (1430F) Reheat, 150C (300F) Temper","Normalized, Machined To 13.7 mm Rounds, Pseudocarburized, 775C (1430F) Reheat, 150C (300F) Temper",964,0,Carburized – quenched (oil) – wear-resistant surface steel,0
,,,1,Steel database with labelled clusters,,,AISI 5160H Steel,Ultimate tensile strength,1050.0,MPa,Yield strength,924.0,MPa,Ductility,16.0,%,0.0,0.0,0.6000000000000001,0.0,0.0,0.0,0.0,0.0,0.0,0.2249999999999999,0.035,0.04,0.0,0.0,0.0,0.0,0.8,0.875,97.425,0.0,0.0,0.0,0.0,0.0,0.0,0.0,0.0,0.0,0.0,0.0,0.0,0.0,0.0,0.0,0.0,0.0,,,"Oil Quenched From 830C (1525F), 595C (1100F) Temper, 13 mm (0.5 In.) Round","Oil Quenched From 830C (1525F), 595C (1100F) Temper, 13 mm (0.5 In.) Round",571,6,Quenched (oil) & tempered – high-strength structural steel,6
,,,1,Steel database with labelled clusters,,,AISI 12L15 Steel,Ultimate tensile strength,540.0,MPa,Yield strength,415.0,MPa,Ductility,10.0,%,0.0,0.0,0.09,0.0,0.0,0.0,0.0,0.0,0.0,0.0,0.065,0.305,0.0,0.0,0.0,0.0,0.0,0.9,98.64,0.0,0.0,0.0,0.0,0.0,0.0,0.0,0.0,0.0,0.0,0.0,0.0,0.0,0.0,0.0,0.0,0.0,,,"Cold Drawn, 19-38 mm Round","Cold Drawn, 19-38 mm Round",1945,3,Normalized – easy-to-machine stock (cold drawn),3
,,,1,Steel database with labelled clusters,,,AISI 4150H Steel,Ultimate tensile strength,1095.0,MPa,Yield strength,883.0,MPa,Ductility,15.0,%,0.0,0.0,0.505,0.0,0.0,0.0,0.0,0.0,0.0,0.2249999999999999,0.035,0.04,0.0,0.0,0.0,0.0,0.975,0.875,97.145,0.0,0.0,0.0,0.0,0.0,0.0,0.0,0.0,0.2,0.0,0.0,0.0,0.0,0.0,0.0,0.0,0.0,,,"Oil Quenched 830C (1525F), 540C (1000F) Temper, 100 mm (4 In.) Round","Oil Quenched 830C (1525F), 540C (1000F) Temper, 100 mm (4 In.) Round",451,6,Quenched (oil) & tempered – high-strength structural steel,6
,,,1,Steel database with labelled clusters,,,AISI 8622 Steel,Ultimate tensile strength,1250.0,MPa,Yield strength,900.0,MPa,Ductility,13.0,%,0.0,0.0,0.225,0.0,0.0,0.0,0.0,0.0,0.0,0.2249999999999999,0.035,0.04,0.0,0.0,0.0,0.0,0.5,0.8,97.425,0.0,0.55,0.0,0.0,0.0,0.0,0.0,0.0,0.2,0.0,0.0,0.0,0.0,0.0,0.0,0.0,0.0,,,"Heat Treated, Machined To 25 mm (1 In.) Rounds, Pseudocarburized, 865C (1590F) Reheat, 150C (300F) Temper","Heat Treated, Machined To 25 mm (1 In.) Rounds, Pseudocarburized, 865C (1590F) Reheat, 150C (300F) Temper",781,0,Carburized – quenched (oil) – wear-resistant surface steel,0
,,,1,Steel database with labelled clusters,,,AISI 4140H Steel,Ultimate tensile strength,655.0,MPa,Yield strength,420.0,MPa,Ductility,25.0,%,0.0,0.0,0.405,0.0,0.0,0.0,0.0,0.0,0.0,0.2249999999999999,0.035,0.04,0.0,0.0,0.0,0.0,0.975,0.875,97.22,0.0,0.0,0.0,0.0,0.0,0.0,0.0,0.0,0.2249999999999999,0.0,0.0,0.0,0.0,0.0,0.0,0.0,0.0,,,Annealed 815C,Annealed 815C,72,7,Annealed – easy-to-machine – round annealed stock,7
,,,1,Steel database with labelled clusters,,,AISI 8650H Steel,Ultimate tensile strength,1255.0,MPa,Yield strength,1076.0,MPa,Ductility,22.0,%,0.0,0.0,0.505,0.0,0.0,0.0,0.0,0.0,0.0,0.25,0.035,0.045,0.0,0.0,0.0,0.0,0.5,0.875,97.04,0.0,0.55,0.0,0.0,0.0,0.0,0.0,0.0,0.2,0.0,0.0,0.0,0.0,0.0,0.0,0.0,0.0,,,"Annealed, 25 mm (1 In.) Round","Annealed, 25 mm (1 In.) Round",837,3,Normalized – easy-to-machine stock (cold drawn),3
,,,1,Steel database with labelled clusters,,,AISI 4419 Steel,Ultimate tensile strength,580.0,MPa,Yield strength,330.0,MPa,Ductility,27.0,%,0.0,0.0,0.205,0.0,0.0,0.0,0.0,0.0,0.0,0.25,0.035,0.04,0.0,0.0,0.0,0.0,0.0,0.55,98.395,0.0,0.0,0.0,0.0,0.0,0.0,0.0,0.0,0.525,0.0,0.0,0.0,0.0,0.0,0.0,0.0,0.0,,,"Mock Carburized, 230C (450F) Temper, 100 mm (4 In.) Round","Mock Carburized, 230C (450F) Temper, 100 mm (4 In.) Round",260,8,Carburized – quenched (oil) – wear-resistant surface steel (variant),8
,,,1,Steel database with labelled clusters,,,AISI 4140H Steel,Ultimate tensile strength,807.0,MPa,Yield strength,600.0,MPa,Ductility,21.0,%,0.0,0.0,0.405,0.0,0.0,0.0,0.0,0.0,0.0,0.2249999999999999,0.035,0.04,0.0,0.0,0.0,0.0,0.975,0.875,97.22,0.0,0.0,0.0,0.0,0.0,0.0,0.0,0.0,0.2249999999999999,0.0,0.0,0.0,0.0,0.0,0.0,0.0,0.0,,,"Oil Quenched 845C (1550F), 595C (1100F) Temper, 100 mm (4 In.) Round","Oil Quenched 845C (1550F), 595C (1100F) Temper, 100 mm (4 In.) Round",52,6,Quenched (oil) & tempered – high-strength structural steel,6
,,,1,Steel database with labelled clusters,,,AISI 5140 Steel,Ultimate tensile strength,814.0,MPa,Yield strength,615.0,MPa,Ductility,22.0,%,0.0,0.0,0.405,0.0,0.0,0.0,0.0,0.0,0.0,0.2249999999999999,0.035,0.04,0.0,0.0,0.0,0.0,0.8,0.8,97.695,0.0,0.0,0.0,0.0,0.0,0.0,0.0,0.0,0.0,0.0,0.0,0.0,0.0,0.0,0.0,0.0,0.0,,,"Oil Quenched 845C (1550F), 595C (1100F) Temper, 50 mm (2 In.) Round","Oil Quenched 845C (1550F), 595C (1100F) Temper, 50 mm (2 In.) Round",594,6,Quenched (oil) & tempered – high-strength structural steel,6
,,,1,Steel database with labelled clusters,,,AISI 4820 Steel,Ultimate tensile strength,820.0,MPa,Yield strength,560.0,MPa,Ductility,23.0,%,0.0,0.0,0.205,0.0,0.0,0.0,0.0,0.0,0.0,0.2249999999999999,0.035,0.04,0.0,0.0,0.0,0.0,0.0,0.6,95.145,0.0,3.5,0.0,0.0,0.0,0.0,0.0,0.0,0.25,0.0,0.0,0.0,0.0,0.0,0.0,0.0,0.0,,,"Mock Carburized, Reheated To 800C (1470F), 150C (300F) Temper, 100 mm (4 In.) Round","Mock Carburized, Reheated To 800C (1470F), 150C (300F) Temper, 100 mm (4 In.) Round",472,8,Carburized – quenched (oil) – wear-resistant surface steel (variant),8
,,,1,Steel database with labelled clusters,,,AISI 51B60H Steel,Ultimate tensile strength,1060.0,MPa,Yield strength,703.0,MPa,Ductility,17.0,%,0.0,0.00175,0.6000000000000001,0.0,0.0,0.0,0.0,0.0,0.0,0.2249999999999999,0.035,0.04,0.0,0.0,0.0,0.0,0.8,0.875,97.42325,0.0,0.0,0.0,0.0,0.0,0.0,0.0,0.0,0.0,0.0,0.0,0.0,0.0,0.0,0.0,0.0,0.0,,,"Oil Quenched From 830C (1525F), 540C (1000F) Temper, 50 mm (2 In.) Round","Oil Quenched From 830C (1525F), 540C (1000F) Temper, 50 mm (2 In.) Round",615,6,Quenched (oil) & tempered – high-strength structural steel,6
,,,1,Steel database with labelled clusters,,,AISI 4620 Steel,Ultimate tensile strength,1014.0,MPa,Yield strength,841.0,MPa,Ductility,16.0,%,0.0,0.0,0.195,0.0,0.0,0.0,0.0,0.0,0.0,0.25,0.035,0.04,0.0,0.0,0.0,0.0,0.0,0.55,96.855,0.0,1.825,0.0,0.0,0.0,0.0,0.0,0.0,0.25,0.0,0.0,0.0,0.0,0.0,0.0,0.0,0.0,,,"Normalized, Machined To 13.7 mm Rounds, Pseudocarburized, Reheated To 925C (1700F), Quenched And Tempered","Normalized, Machined To 13.7 mm Rounds, Pseudocarburized, Reheated To 925C (1700F), Quenched And Tempered",333,0,Carburized – quenched (oil) – wear-resistant surface steel,0
,,,1,Steel database with labelled clusters,,,ASTM A543 Low Alloy Steel,Ultimate tensile strength,725.0,MPa,Yield strength,585.0,MPa,Ductility,14.0,%,0.0,0.0,0.23,0.0,0.0,0.0,0.0,0.0,0.0,0.3,0.02,0.02,0.0,0.0,0.0,0.03,1.5,0.4,94.75,0.0,2.75,0.0,0.0,0.0,0.0,0.0,0.0,0.0,0.0,0.0,0.0,0.0,0.0,0.0,0.0,0.0,,,"Grade C, Class 1","Grade C, Class 1",1336,1,Hot rolled – general construction steel,1
,,,1,Steel database with labelled clusters,,,AISI 1040 Steel,Ultimate tensile strength,583.0,MPa,Yield strength,340.0,MPa,Ductility,27.0,%,0.0,0.0,0.405,0.0,0.0,0.0,0.0,0.0,0.0,0.0,0.04,0.05,0.0,0.0,0.0,0.0,0.0,0.75,98.755,0.0,0.0,0.0,0.0,0.0,0.0,0.0,0.0,0.0,0.0,0.0,0.0,0.0,0.0,0.0,0.0,0.0,,,"Normalized At 900C (1650F), Air Cooled, 100 mm (4 In.) Round","Normalized At 900C (1650F), Air Cooled, 100 mm (4 In.) Round",1588,4,Normalized (air cooled) – general-purpose steel,4
,,,1,Steel database with labelled clusters,,,AISI 51B60 Steel,Ultimate tensile strength,1145.0,MPa,Yield strength,1005.0,MPa,Ductility,14.0,%,0.0,0.00175,0.6000000000000001,0.0,0.0,0.0,0.0,0.0,0.0,0.2249999999999999,0.035,0.04,0.0,0.0,0.0,0.0,0.8,0.875,97.42325,0.0,0.0,0.0,0.0,0.0,0.0,0.0,0.0,0.0,0.0,0.0,0.0,0.0,0.0,0.0,0.0,0.0,,,"Oil Quenched From 830C (1525F), 540C (1000F) Temper, 25 mm (1 In.) Round","Oil Quenched From 830C (1525F), 540C (1000F) Temper, 25 mm (1 In.) Round",619,6,Quenched (oil) & tempered – high-strength structural steel,6
,,,1,Steel database with labelled clusters,,,AISI 4815H Steel,Ultimate tensile strength,1055.0,MPa,Yield strength,889.0,MPa,Ductility,14.0,%,0.0,0.0,0.15,0.0,0.0,0.0,0.0,0.0,0.0,0.2249999999999999,0.035,0.04,0.0,0.0,0.0,0.0,0.0,0.5,95.3,0.0,3.5,0.0,0.0,0.0,0.0,0.0,0.0,0.25,0.0,0.0,0.0,0.0,0.0,0.0,0.0,0.0,,,"Pseudocarburized, Reheated To 800C (1470F) And Oil Quenched, 150C (300F) Temper, 25 mm (1 In.) Round","Pseudocarburized, Reheated To 800C (1470F) And Oil Quenched, 150C (300F) Temper, 25 mm (1 In.) Round",427,0,Carburized – quenched (oil) – wear-resistant surface steel,0
,,,1,Steel database with labelled clusters,,,AISI 8740H Steel,Ultimate tensile strength,855.0,MPa,Yield strength,670.0,MPa,Ductility,20.0,%,0.0,0.0,0.405,0.0,0.0,0.0,0.0,0.0,0.0,0.2249999999999999,0.035,0.04,0.0,0.0,0.0,0.0,0.5,0.875,97.12,0.0,0.55,0.0,0.0,0.0,0.0,0.0,0.0,0.25,0.0,0.0,0.0,0.0,0.0,0.0,0.0,0.0,,,"Oil Quenched 830C (1525F), 595C (1100F) Temper, 100 mm (4 In.) Round","Oil Quenched 830C (1525F), 595C (1100F) Temper, 100 mm (4 In.) Round",904,6,Quenched (oil) & tempered – high-strength structural steel,6
,,,1,Steel database with labelled clusters,,,AISI 86B45 Steel,Ultimate tensile strength,1157.0,MPa,Yield strength,1080.0,MPa,Ductility,15.0,%,0.0,0.00175,0.4549999999999999,0.0,0.0,0.0,0.0,0.0,0.0,0.2249999999999999,0.035,0.04,0.0,0.0,0.0,0.0,0.5,0.875,97.11825,0.0,0.55,0.0,0.0,0.0,0.0,0.0,0.0,0.2,0.0,0.0,0.0,0.0,0.0,0.0,0.0,0.0,,,"Normalized At 870C (1600F), Oil Quenched 845C (1550F), 540C (1000F) Temper, 25 mm Diam.","Normalized At 870C (1600F), Oil Quenched 845C (1550F), 540C (1000F) Temper, 25 mm Diam.",850,0,Carburized – quenched (oil) – wear-resistant surface steel,0
,,,1,Steel database with labelled clusters,,,AISI 1038 Steel,Ultimate tensile strength,570.0,MPa,Yield strength,485.0,MPa,Ductility,12.0,%,0.0,0.0,0.38,0.0,0.0,0.0,0.0,0.0,0.0,0.0,0.04,0.05,0.0,0.0,0.0,0.0,0.0,0.75,98.78,0.0,0.0,0.0,0.0,0.0,0.0,0.0,0.0,0.0,0.0,0.0,0.0,0.0,0.0,0.0,0.0,0.0,,,"Cold Drawn, 19-32 mm (0.75-1.25 In) Round","Cold Drawn, 19-32 mm (0.75-1.25 In) Round",1648,3,Normalized – easy-to-machine stock (cold drawn),3
,,,1,Steel database with labelled clusters,,,AISI 8622H Steel,Ultimate tensile strength,1314.0,MPa,Yield strength,928.0,MPa,Ductility,12.0,%,0.0,0.0,0.22,0.0,0.0,0.0,0.0,0.0,0.0,0.2249999999999999,0.035,0.04,0.0,0.0,0.0,0.0,0.495,0.7749999999999999,97.46,0.0,0.55,0.0,0.0,0.0,0.0,0.0,0.0,0.2,0.0,0.0,0.0,0.0,0.0,0.0,0.0,0.0,,,"Heat Treated, Machined To 25 mm (1 In.) Rounds, Pseudocarburized, 150C (300F) Temper","Heat Treated, Machined To 25 mm (1 In.) Rounds, Pseudocarburized, 150C (300F) Temper",863,0,Carburized – quenched (oil) – wear-resistant surface steel,0
,,,1,Steel database with labelled clusters,,,AISI 5140 Steel,Ultimate tensile strength,876.0,MPa,Yield strength,724.0,MPa,Ductility,20.0,%,0.0,0.0,0.405,0.0,0.0,0.0,0.0,0.0,0.0,0.2249999999999999,0.035,0.04,0.0,0.0,0.0,0.0,0.8,0.8,97.695,0.0,0.0,0.0,0.0,0.0,0.0,0.0,0.0,0.0,0.0,0.0,0.0,0.0,0.0,0.0,0.0,0.0,,,"Oil Quenched 845C (1550F), 595C (1100F) Temper, 25 mm (1 In.) Round","Oil Quenched 845C (1550F), 595C (1100F) Temper, 25 mm (1 In.) Round",535,6,Quenched (oil) & tempered – high-strength structural steel,6
,,,1,Steel database with labelled clusters,,,AISI 1050 Steel,Ultimate tensile strength,914.0,MPa,Yield strength,603.0,MPa,Ductility,20.0,%,0.0,0.0,0.51,0.0,0.0,0.0,0.0,0.0,0.0,0.0,0.04,0.05,0.0,0.0,0.0,0.0,0.0,0.75,98.65,0.0,0.0,0.0,0.0,0.0,0.0,0.0,0.0,0.0,0.0,0.0,0.0,0.0,0.0,0.0,0.0,0.0,,,"Oil Quenched 845C (1550F), 540C (1000F) Temper, 13 mm (0.5 In.) Round","Oil Quenched 845C (1550F), 540C (1000F) Temper, 13 mm (0.5 In.) Round",1669,6,Quenched (oil) & tempered – high-strength structural steel,6
,,,1,Steel database with labelled clusters,,,ASTM A607 Steel,Ultimate tensile strength,415.0,MPa,Yield strength,310.0,MPa,Ductility,22.0,%,0.0,0.0,0.22,0.0,0.0,0.0,0.0,0.0,0.0,0.0,0.04,0.05,0.0,0.0,0.0,0.0,0.0,1.35,98.34,0.0,0.0,0.0,0.0,0.0,0.0,0.0,0.0,0.0,0.0,0.0,0.0,0.0,0.0,0.0,0.0,0.0,,,"Grade 45, Cold Rolled","Grade 45, Cold Rolled",1446,1,Hot rolled – general construction steel,1
,,,1,Steel database with labelled clusters,,,ASTM A533 Low Alloy Steel,Ultimate tensile strength,690.0,MPa,Yield strength,570.0,MPa,Ductility,16.0,%,0.0,0.0,0.25,0.0,0.0,0.0,0.0,0.0,0.0,0.275,0.04,0.04,0.0,0.0,0.0,0.0,0.0,1.325,97.545,0.0,0.0,0.0,0.0,0.0,0.0,0.0,0.0,0.525,0.0,0.0,0.0,0.0,0.0,0.0,0.0,0.0,,,"Grade A, Class 3","Grade A, Class 3",1298,1,Hot rolled – general construction steel,1
,,,1,Steel database with labelled clusters,,,AISI 1144 Steel,Ultimate tensile strength,650.0,MPa,Yield strength,425.0,MPa,Ductility,24.0,%,0.0,0.0,0.44,0.0,0.0,0.0,0.0,0.0,0.0,0.0,0.04,0.285,0.0,0.0,0.0,0.0,0.0,1.5,97.735,0.0,0.0,0.0,0.0,0.0,0.0,0.0,0.0,0.0,0.0,0.0,0.0,0.0,0.0,0.0,0.0,0.0,,,"Oil Quenched 845C (1550F), 650C (1200F) Temper, 50 mm (2 In.) Round","Oil Quenched 845C (1550F), 650C (1200F) Temper, 50 mm (2 In.) Round",1969,6,Quenched (oil) & tempered – high-strength structural steel,6
,,,1,Steel database with labelled clusters,,,AISI 1340 Steel,Ultimate tensile strength,703.0,MPa,Yield strength,496.0,MPa,Ductility,26.0,%,0.0,0.0,0.405,0.0,0.0,0.0,0.0,0.0,0.0,0.25,0.035,0.04,0.0,0.0,0.0,0.0,0.0,1.75,97.52,0.0,0.0,0.0,0.0,0.0,0.0,0.0,0.0,0.0,0.0,0.0,0.0,0.0,0.0,0.0,0.0,0.0,,,"Oil Quenched From 830C (1525F), 650C (1200F) Temper, 100 mm (4 In.) Round","Oil Quenched From 830C (1525F), 650C (1200F) Temper, 100 mm (4 In.) Round",1056,6,Quenched (oil) & tempered – high-strength structural steel,6
,,,1,Steel database with labelled clusters,,,AISI 1141 Steel,Ultimate tensile strength,896.0,MPa,Yield strength,758.0,MPa,Ductility,18.0,%,0.0,0.0,0.41,0.0,0.0,0.0,0.0,0.0,0.0,0.0,0.04,0.105,0.0,0.0,0.0,0.0,0.0,1.5,97.945,0.0,0.0,0.0,0.0,0.0,0.0,0.0,0.0,0.0,0.0,0.0,0.0,0.0,0.0,0.0,0.0,0.0,,,"Oil Quenched From 815C, 540C (1000F) Temper, 13 mm (0.5 In.) Round","Oil Quenched From 815C, 540C (1000F) Temper, 13 mm (0.5 In.) Round",1937,6,Quenched (oil) & tempered – high-strength structural steel,6
,,,1,Steel database with labelled clusters,,,AISI 4718 Steel,Ultimate tensile strength,1324.0,MPa,Yield strength,1010.0,MPa,Ductility,14.0,%,0.0,0.0,0.185,0.0,0.0,0.0,0.0,0.0,0.0,0.275,0.04,0.04,0.0,0.0,0.0,0.0,0.45,0.8,96.81,0.0,1.05,0.0,0.0,0.0,0.0,0.0,0.0,0.35,0.0,0.0,0.0,0.0,0.0,0.0,0.0,0.0,,,"Pseudocarburized And Oil Quenched, 150C (300F) Temper, 13.7 mm Round","Pseudocarburized And Oil Quenched, 150C (300F) Temper, 13.7 mm Round",399,0,Carburized – quenched (oil) – wear-resistant surface steel,0
,,,1,Steel database with labelled clusters,,,AISI 5140 Steel,Ultimate tensile strength,765.0,MPa,Yield strength,415.0,MPa,Ductility,21.0,%,0.0,0.0,0.405,0.0,0.0,0.0,0.0,0.0,0.0,0.2249999999999999,0.035,0.04,0.0,0.0,0.0,0.0,0.8,0.8,97.695,0.0,0.0,0.0,0.0,0.0,0.0,0.0,0.0,0.0,0.0,0.0,0.0,0.0,0.0,0.0,0.0,0.0,,,"Normalized, 100 mm (4 In.) Round","Normalized, 100 mm (4 In.) Round",539,9,Normalized – general-purpose steel (round normalized stock),9
,,,1,Steel database with labelled clusters,,,AISI 4419H Steel,Ultimate tensile strength,710.0,MPa,Yield strength,450.0,MPa,Ductility,24.0,%,0.0,0.0,0.2,0.0,0.0,0.0,0.0,0.0,0.0,0.25,0.035,0.04,0.0,0.0,0.0,0.0,0.0,0.55,98.4,0.0,0.0,0.0,0.0,0.0,0.0,0.0,0.0,0.525,0.0,0.0,0.0,0.0,0.0,0.0,0.0,0.0,,,"Mock Carburized, 150C (300F) Temper, 14 mm (0.55 In.) Round","Mock Carburized, 150C (300F) Temper, 14 mm (0.55 In.) Round",193,8,Carburized – quenched (oil) – wear-resistant surface steel (variant),8
,,,1,Steel database with labelled clusters,,,AISI 8740H Steel,Ultimate tensile strength,938.0,MPa,Yield strength,620.0,MPa,Ductility,16.0,%,0.0,0.0,0.405,0.0,0.0,0.0,0.0,0.0,0.0,0.2249999999999999,0.035,0.04,0.0,0.0,0.0,0.0,0.5,0.875,97.12,0.0,0.55,0.0,0.0,0.0,0.0,0.0,0.0,0.25,0.0,0.0,0.0,0.0,0.0,0.0,0.0,0.0,,,"Normalized 870C (1600F), 13 mm (0.5 In.) Round","Normalized 870C (1600F), 13 mm (0.5 In.) Round",888,4,Normalized (air cooled) – general-purpose steel,4
,,,1,Steel database with labelled clusters,,,AISI 8622H Steel,Ultimate tensile strength,1198.0,MPa,Yield strength,693.0,MPa,Ductility,11.0,%,0.0,0.0,0.22,0.0,0.0,0.0,0.0,0.0,0.0,0.2249999999999999,0.035,0.04,0.0,0.0,0.0,0.0,0.495,0.7749999999999999,97.46,0.0,0.55,0.0,0.0,0.0,0.0,0.0,0.0,0.2,0.0,0.0,0.0,0.0,0.0,0.0,0.0,0.0,,,"Heat Treated, Machined To 13.7 mm Rounds, Pseudocarburized, 775C (1430F) Reheat, 150C (300F) Temper","Heat Treated, Machined To 13.7 mm Rounds, Pseudocarburized, 775C (1430F) Reheat, 150C (300F) Temper",766,0,Carburized – quenched (oil) – wear-resistant surface steel,0
,,,1,Steel database with labelled clusters,,,AISI 1015 Steel,Ultimate tensile strength,385.0,MPa,Yield strength,285.0,MPa,Ductility,37.0,%,0.0,0.0,0.155,0.0,0.0,0.0,0.0,0.0,0.0,0.0,0.04,0.05,0.0,0.0,0.0,0.0,0.0,0.4499999999999999,99.305,0.0,0.0,0.0,0.0,0.0,0.0,0.0,0.0,0.0,0.0,0.0,0.0,0.0,0.0,0.0,0.0,0.0,,,Annealed At 870C (1600F),Annealed At 870C (1600F),1442,7,Annealed – easy-to-machine – round annealed stock,7
,,,1,Steel database with labelled clusters,,,ASTM A514 Steel,Ultimate tensile strength,828.0,MPa,Yield strength,690.0,MPa,Ductility,18.0,%,0.0,0.003,0.1649999999999999,0.0,0.0,0.0,0.0,0.0,0.0,0.275,0.035,0.04,0.0,0.0,0.0,0.0,1.025,0.575,96.007,0.0,1.35,0.0,0.0,0.0,0.0,0.0,0.0,0.525,0.0,0.0,0.0,0.0,0.0,0.0,0.0,0.0,,,"Grade P, Plate Thickness 19 - 64 mm","Grade P, Plate Thickness 19 - 64 mm",1114,11,plate – no special treatment – general-purpose steel,11
,,,1,Steel database with labelled clusters,,,AISI 51B60 Steel,Ultimate tensile strength,827.0,MPa,Yield strength,540.0,MPa,Ductility,22.0,%,0.0,0.00175,0.6000000000000001,0.0,0.0,0.0,0.0,0.0,0.0,0.2249999999999999,0.035,0.04,0.0,0.0,0.0,0.0,0.8,0.875,97.42325,0.0,0.0,0.0,0.0,0.0,0.0,0.0,0.0,0.0,0.0,0.0,0.0,0.0,0.0,0.0,0.0,0.0,,,"Oil Quenched From 830C (1525F), 650C (1200F) Temper, 100 mm (4 In.) Round","Oil Quenched From 830C (1525F), 650C (1200F) Temper, 100 mm (4 In.) Round",608,6,Quenched (oil) & tempered – high-strength structural steel,6
,,,1,Steel database with labelled clusters,,,AISI 1040 Steel,Ultimate tensile strength,631.0,MPa,Yield strength,443.0,MPa,Ductility,28.0,%,0.0,0.0,0.405,0.0,0.0,0.0,0.0,0.0,0.0,0.0,0.04,0.05,0.0,0.0,0.0,0.0,0.0,0.75,98.755,0.0,0.0,0.0,0.0,0.0,0.0,0.0,0.0,0.0,0.0,0.0,0.0,0.0,0.0,0.0,0.0,0.0,,,"Oil Quenched From 855C (1570F), 595C (1100F) Temper, 25 mm (1 In.) Round","Oil Quenched From 855C (1570F), 595C (1100F) Temper, 25 mm (1 In.) Round",1594,6,Quenched (oil) & tempered – high-strength structural steel,6
,,,1,Steel database with labelled clusters,,,AISI 4150 Steel,Ultimate tensile strength,731.0,MPa,Yield strength,380.0,MPa,Ductility,20.0,%,0.0,0.0,0.505,0.0,0.0,0.0,0.0,0.0,0.0,0.2249999999999999,0.035,0.04,0.0,0.0,0.0,0.0,0.95,0.875,97.17,0.0,0.0,0.0,0.0,0.0,0.0,0.0,0.0,0.2,0.0,0.0,0.0,0.0,0.0,0.0,0.0,0.0,,,"Heat Treated, 25 mm (1 In.) Round","Heat Treated, 25 mm (1 In.) Round",142,0,Carburized – quenched (oil) – wear-resistant surface steel,0
,,,1,Steel database with labelled clusters,,,AISI 4027 Steel,Ultimate tensile strength,786.0,MPa,Yield strength,615.0,MPa,Ductility,22.0,%,0.0,0.0,0.275,0.0,0.0,0.0,0.0,0.0,0.0,0.25,0.035,0.04,0.0,0.0,0.0,0.0,0.0,0.8,98.35,0.0,0.0,0.0,0.0,0.0,0.0,0.0,0.0,0.25,0.0,0.0,0.0,0.0,0.0,0.0,0.0,0.0,,,"Water Quenched 865C (1590F), 480C (900F) Temper, 50 mm (2 In.) Round","Water Quenched 865C (1590F), 480C (900F) Temper, 50 mm (2 In.) Round",3,10,Quenched (water) & tempered – high-strength structural steel,10
,,,1,Steel database with labelled clusters,,,AISI 8620H Steel,Ultimate tensile strength,938.0,MPa,Yield strength,772.0,MPa,Ductility,15.0,%,0.0,0.0,0.205,0.0,0.0,0.0,0.0,0.0,0.0,0.25,0.035,0.04,0.0,0.0,0.0,0.0,0.5,0.7749999999999999,97.445,0.0,0.55,0.0,0.0,0.0,0.0,0.0,0.0,0.2,0.0,0.0,0.0,0.0,0.0,0.0,0.0,0.0,,,"Normalized, Machined To 13.7 mm, Pseudocarburized, Reheated To 775C, 150C Temper","Normalized, Machined To 13.7 mm, Pseudocarburized, Reheated To 775C, 150C Temper",713,0,Carburized – quenched (oil) – wear-resistant surface steel,0
,,,1,Steel database with labelled clusters,,,AISI 1095 Steel,Ultimate tensile strength,1160.0,MPa,Yield strength,675.0,MPa,Ductility,12.0,%,0.0,0.0,0.965,0.0,0.0,0.0,0.0,0.0,0.0,0.0,0.04,0.05,0.0,0.0,0.0,0.0,0.0,0.4,98.545,0.0,0.0,0.0,0.0,0.0,0.0,0.0,0.0,0.0,0.0,0.0,0.0,0.0,0.0,0.0,0.0,0.0,,,"Oil Quenched 800C (1470F), 480C (900F) Temper, 50 mm (2 In.) Round","Oil Quenched 800C (1470F), 480C (900F) Temper, 50 mm (2 In.) Round",1841,6,Quenched (oil) & tempered – high-strength structural steel,6
,,,1,Steel database with labelled clusters,,,AISI Type S5 Tool Steel,Ultimate tensile strength,2230.0,MPa,Yield strength,1730.0,MPa,Ductility,9.0,%,0.0,0.0,0.575,0.0,0.0,0.0,0.0,0.0,0.0,2.0,0.03,0.03,0.0,0.0,0.0,0.35,0.35,0.8,95.095,0.0,0.0,0.0,0.0,0.0,0.0,0.0,0.0,0.77,0.0,0.0,0.0,0.0,0.0,0.0,0.0,0.0,,,"Austenitized 855-870C (1575-1600F), Oil Quenched To 55 Hrc","Austenitized 855-870C (1575-1600F), Oil Quenched To 55 Hrc",1126,2,Quenched (oil) – general-purpose steel (tested),2
,,,1,Steel database with labelled clusters,,,AISI 4620 Steel,Ultimate tensile strength,945.0,MPa,Yield strength,752.0,MPa,Ductility,17.0,%,0.0,0.0,0.195,0.0,0.0,0.0,0.0,0.0,0.0,0.25,0.035,0.04,0.0,0.0,0.0,0.0,0.0,0.55,96.855,0.0,1.825,0.0,0.0,0.0,0.0,0.0,0.0,0.25,0.0,0.0,0.0,0.0,0.0,0.0,0.0,0.0,,,"Normalized, Machined To 25 mm (1 In.) Rounds, Pseudocarburized, Reheated To 830C (1525F), Quenched And Tempered","Normalized, Machined To 25 mm (1 In.) Rounds, Pseudocarburized, Reheated To 830C (1525F), Quenched And Tempered",340,0,Carburized – quenched (oil) – wear-resistant surface steel,0
,,,1,Steel database with labelled clusters,,,AISI 8622 Steel,Ultimate tensile strength,1451.0,MPa,Yield strength,1041.0,MPa,Ductility,13.0,%,0.0,0.0,0.225,0.0,0.0,0.0,0.0,0.0,0.0,0.2249999999999999,0.035,0.04,0.0,0.0,0.0,0.0,0.5,0.8,97.425,0.0,0.55,0.0,0.0,0.0,0.0,0.0,0.0,0.2,0.0,0.0,0.0,0.0,0.0,0.0,0.0,0.0,,,"Heat Treated, Machined To 13.7 mm Rounds, Pseudocarburized, 820C (1510F) Reheat, 150C (300F) Temper","Heat Treated, Machined To 13.7 mm Rounds, Pseudocarburized, 820C (1510F) Reheat, 150C (300F) Temper",809,0,Carburized – quenched (oil) – wear-resistant surface steel,0
,,,1,Steel database with labelled clusters,,,AISI 1117 Steel,Ultimate tensile strength,595.0,MPa,Yield strength,515.0,MPa,Ductility,22.0,%,0.0,0.0,0.17,0.0,0.0,0.0,0.0,0.0,0.0,0.0,0.04,0.105,0.0,0.0,0.0,0.0,0.0,1.15,98.535,0.0,0.0,0.0,0.0,0.0,0.0,0.0,0.0,0.0,0.0,0.0,0.0,0.0,0.0,0.0,0.0,0.0,,,"Cold Finished, 19-32 mm (0.75-1.25 In) Round","Cold Finished, 19-32 mm (0.75-1.25 In) Round",1856,3,Normalized – easy-to-machine stock (cold drawn),3
,,,1,Steel database with labelled clusters,,,ASTM A285,Ultimate tensile strength,345.0,MPa,Yield strength,185.0,MPa,Ductility,25.0,%,0.0,0.0,0.22,0.0,0.0,0.0,0.0,0.0,0.0,0.0,0.035,0.04,0.0,0.0,0.0,0.0,0.0,0.9,98.805,0.0,0.0,0.0,0.0,0.0,0.0,0.0,0.0,0.0,0.0,0.0,0.0,0.0,0.0,0.0,0.0,0.0,,,Grade B,Grade B,1134,1,Hot rolled – general construction steel,1
,,,1,Steel database with labelled clusters,,,AISI 4820 Steel,Ultimate tensile strength,1234.0,MPa,Yield strength,820.0,MPa,Ductility,14.0,%,0.0,0.0,0.205,0.0,0.0,0.0,0.0,0.0,0.0,0.2249999999999999,0.035,0.04,0.0,0.0,0.0,0.0,0.0,0.6,95.145,0.0,3.5,0.0,0.0,0.0,0.0,0.0,0.0,0.25,0.0,0.0,0.0,0.0,0.0,0.0,0.0,0.0,,,"Heat Treated, Machined To 25 mm, Pseudocarburized, Reheated To 755C (1390F), 150C (300F) Temper","Heat Treated, Machined To 25 mm, Pseudocarburized, Reheated To 755C (1390F), 150C (300F) Temper",496,0,Carburized – quenched (oil) – wear-resistant surface steel,0
,,,1,Steel database with labelled clusters,,,AISI E9310 Steel,Ultimate tensile strength,1289.0,MPa,Yield strength,1117.0,MPa,Ductility,15.0,%,0.0,0.0,0.105,0.0,0.0,0.0,0.0,0.0,0.0,0.275,0.025,0.025,0.0,0.0,0.0,0.0,1.2,0.55,94.455,0.0,3.25,0.0,0.0,0.0,0.0,0.0,0.0,0.1149999999999999,0.0,0.0,0.0,0.0,0.0,0.0,0.0,0.0,,,"Normalized, Machined To 13.7 mm Rounds, Pseudocarburized, 150C (300F) Temper","Normalized, Machined To 13.7 mm Rounds, Pseudocarburized, 150C (300F) Temper",985,0,Carburized – quenched (oil) – wear-resistant surface steel,0
,,,1,Steel database with labelled clusters,,,ASTM A302 Alloy Steel,Ultimate tensile strength,515.0,MPa,Yield strength,310.0,MPa,Ductility,15.0,%,0.0,0.0,0.25,0.0,0.0,0.0,0.0,0.0,0.0,0.275,0.04,0.04,0.0,0.0,0.0,0.0,0.0,1.125,97.745,0.0,0.0,0.0,0.0,0.0,0.0,0.0,0.0,0.525,0.0,0.0,0.0,0.0,0.0,0.0,0.0,0.0,,,Grade A,Grade A,1258,1,Hot rolled – general construction steel,1
,,,1,Steel database with labelled clusters,,,AISI 1050 Steel,Ultimate tensile strength,689.0,MPa,Yield strength,386.0,MPa,Ductility,21.0,%,0.0,0.0,0.51,0.0,0.0,0.0,0.0,0.0,0.0,0.0,0.04,0.05,0.0,0.0,0.0,0.0,0.0,0.75,98.65,0.0,0.0,0.0,0.0,0.0,0.0,0.0,0.0,0.0,0.0,0.0,0.0,0.0,0.0,0.0,0.0,0.0,,,"Normalized At 900C (1650F), Air Cooled, 100 mm (4 In.) Round","Normalized At 900C (1650F), Air Cooled, 100 mm (4 In.) Round",1657,4,Normalized (air cooled) – general-purpose steel,4
,,,1,Steel database with labelled clusters,,,AISI 4140H Steel,Ultimate tensile strength,1860.0,MPa,Yield strength,1655.0,MPa,Ductility,11.0,%,0.0,0.0,0.405,0.0,0.0,0.0,0.0,0.0,0.0,0.2249999999999999,0.035,0.04,0.0,0.0,0.0,0.0,0.975,0.875,97.22,0.0,0.0,0.0,0.0,0.0,0.0,0.0,0.0,0.2249999999999999,0.0,0.0,0.0,0.0,0.0,0.0,0.0,0.0,,,"Heat Treated, Tempered 260C (500F), 25 mm (1 In.) Round","Heat Treated, Tempered 260C (500F), 25 mm (1 In.) Round",272,0,Carburized – quenched (oil) – wear-resistant surface steel,0
,,,1,Steel database with labelled clusters,,,AISI 4140 Steel,Ultimate tensile strength,1380.0,MPa,Yield strength,1170.0,MPa,Ductility,15.0,%,0.0,0.0,0.405,0.0,0.0,0.0,0.0,0.0,0.0,0.2249999999999999,0.035,0.04,0.0,0.0,0.0,0.0,0.95,0.875,97.27,0.0,0.0,0.0,0.0,0.0,0.0,0.0,0.0,0.2,0.0,0.0,0.0,0.0,0.0,0.0,0.0,0.0,,,"Oil Quenched, 425C (800F) Temper, 25 mm (1 In.) Round","Oil Quenched, 425C (800F) Temper, 25 mm (1 In.) Round",185,6,Quenched (oil) & tempered – high-strength structural steel,6
,,,1,Steel database with labelled clusters,,,ASTM A662 Carbon Steel,Ultimate tensile strength,450.0,MPa,Yield strength,275.0,MPa,Ductility,20.0,%,0.0,0.0,0.19,0.0,0.0,0.0,0.0,0.0,0.0,0.275,0.04,0.04,0.0,0.0,0.0,0.0,0.0,1.175,98.28,0.0,0.0,0.0,0.0,0.0,0.0,0.0,0.0,0.0,0.0,0.0,0.0,0.0,0.0,0.0,0.0,0.0,,,Grade B,Grade B,1364,1,Hot rolled – general construction steel,1
,,,1,Steel database with labelled clusters,,,AISI 4118 Steel,Ultimate tensile strength,827.0,MPa,Yield strength,435.0,MPa,Ductility,22.0,%,0.0,0.0,0.205,0.0,0.0,0.0,0.0,0.0,0.0,0.25,0.035,0.04,0.0,0.0,0.0,0.0,0.5,0.8,98.055,0.0,0.0,0.0,0.0,0.0,0.0,0.0,0.0,0.1149999999999999,0.0,0.0,0.0,0.0,0.0,0.0,0.0,0.0,,,"Double Quenched And Tempered, Carburized, 230C (450F) Temper","Double Quenched And Tempered, Carburized, 230C (450F) Temper",245,5,Carburized – quenched (oil) – wear-resistant surface steel (variant),5
,,,1,Steel database with labelled clusters,,,AISI 8630H Steel,Ultimate tensile strength,738.0,MPa,Yield strength,565.0,MPa,Ductility,23.0,%,0.0,0.0,0.3,0.0,0.0,0.0,0.0,0.0,0.0,0.2249999999999999,0.035,0.04,0.0,0.0,0.0,0.0,0.5,0.8,97.35,0.0,0.55,0.0,0.0,0.0,0.0,0.0,0.0,0.2,0.0,0.0,0.0,0.0,0.0,0.0,0.0,0.0,,,"Water Quenched 845C (1550F), 540C (1000F) Temper, 100 mm (4 In.) Round","Water Quenched 845C (1550F), 540C (1000F) Temper, 100 mm (4 In.) Round",807,10,Quenched (water) & tempered – high-strength structural steel,10
,,,1,Steel database with labelled clusters,,,AISI 1030 Steel,Ultimate tensile strength,470.0,MPa,Yield strength,260.0,MPa,Ductility,20.0,%,0.0,0.0,0.305,0.0,0.0,0.0,0.0,0.0,0.0,0.0,0.04,0.05,0.0,0.0,0.0,0.0,0.0,0.75,98.855,0.0,0.0,0.0,0.0,0.0,0.0,0.0,0.0,0.0,0.0,0.0,0.0,0.0,0.0,0.0,0.0,0.0,,,"Hot Rolled, 19-32 mm (0.75-1.25 In) Round","Hot Rolled, 19-32 mm (0.75-1.25 In) Round",1538,3,Normalized – easy-to-machine stock (cold drawn),3
,,,1,Steel database with labelled clusters,,,ASTM A387 Alloy Steel,Ultimate tensile strength,515.0,MPa,Yield strength,310.0,MPa,Ductility,18.0,%,0.0,0.0,0.15,0.0,0.0,0.0,0.0,0.0,0.0,0.5,0.04,0.04,0.0,0.0,0.0,0.0,2.25,0.4499999999999999,95.57,0.0,0.0,0.0,0.0,0.0,0.0,0.0,0.0,1.0,0.0,0.0,0.0,0.0,0.0,0.0,0.0,0.0,,,"Grade 22, Class 2","Grade 22, Class 2",1481,1,Hot rolled – general construction steel,1
,,,1,Steel database with labelled clusters,,,AISI 1050 Steel,Ultimate tensile strength,667.0,MPa,Yield strength,384.0,MPa,Ductility,25.0,%,0.0,0.0,0.51,0.0,0.0,0.0,0.0,0.0,0.0,0.0,0.04,0.05,0.0,0.0,0.0,0.0,0.0,0.75,98.65,0.0,0.0,0.0,0.0,0.0,0.0,0.0,0.0,0.0,0.0,0.0,0.0,0.0,0.0,0.0,0.0,0.0,,,"Oil Quenched 845C (1550F), 650C (1200F) Temper, 100 mm (4 In.) Round","Oil Quenched 845C (1550F), 650C (1200F) Temper, 100 mm (4 In.) Round",1677,6,Quenched (oil) & tempered – high-strength structural steel,6
,,,1,Steel database with labelled clusters,,,AISI 8650 Steel,Ultimate tensile strength,986.0,MPa,Yield strength,779.0,MPa,Ductility,18.0,%,0.0,0.0,0.505,0.0,0.0,0.0,0.0,0.0,0.0,0.2249999999999999,0.035,0.045,0.0,0.0,0.0,0.0,0.5,0.875,97.065,0.0,0.55,0.0,0.0,0.0,0.0,0.0,0.0,0.2,0.0,0.0,0.0,0.0,0.0,0.0,0.0,0.0,,,"Oil Quenched 800C (1470F), 540C (1000F) Temper, 100 mm (4 In.) Round","Oil Quenched 800C (1470F), 540C (1000F) Temper, 100 mm (4 In.) Round",862,6,Quenched (oil) & tempered – high-strength structural steel,6
,,,1,Steel database with labelled clusters,,,ASTM A424 Steel,Ultimate tensile strength,295.0,MPa,Yield strength,200.0,MPa,Ductility,38.0,%,0.0,0.0,0.08,0.0,0.0,0.0,0.0,0.0,0.0,0.0,0.015,0.035,0.0,0.0,0.0,0.0,0.0,0.2,99.67,0.0,0.0,0.0,0.0,0.0,0.0,0.0,0.0,0.0,0.0,0.0,0.0,0.0,0.0,0.0,0.0,0.0,,,"Type Ii, Composition B, Drawing Quality","Type Ii, Composition B, Drawing Quality",1235,2,Quenched (oil) – general-purpose steel (tested),2
,,,1,Steel database with labelled clusters,,,ASTM A709 Steel,Ultimate tensile strength,400.0,MPa,Yield strength,250.0,MPa,Ductility,20.0,%,0.0,0.0,0.27,0.0,0.0,0.0,0.0,0.0,0.0,0.27,0.04,0.05,0.0,0.0,0.0,0.0,0.0,1.0,98.37,0.0,0.0,0.0,0.0,0.0,0.0,0.0,0.0,0.0,0.0,0.0,0.0,0.0,0.0,0.0,0.0,0.0,,,"Grade 36, Carbon Steel Shapes (_ 634 Kg/M)","Grade 36, Carbon Steel Shapes (_ 634 Kg/M)",1304,2,Quenched (oil) – general-purpose steel (tested),2
,,,1,Steel database with labelled clusters,,,AISI 4620 Steel,Ultimate tensile strength,958.0,MPa,Yield strength,786.0,MPa,Ductility,16.0,%,0.0,0.0,0.195,0.0,0.0,0.0,0.0,0.0,0.0,0.25,0.035,0.04,0.0,0.0,0.0,0.0,0.0,0.55,96.855,0.0,1.825,0.0,0.0,0.0,0.0,0.0,0.0,0.25,0.0,0.0,0.0,0.0,0.0,0.0,0.0,0.0,,,"Normalized, Machined To 13.7 mm Rounds, Pseudocarburized, Reheated To 800C (1470F), Quenched And Tempered","Normalized, Machined To 13.7 mm Rounds, Pseudocarburized, Reheated To 800C (1470F), Quenched And Tempered",416,0,Carburized – quenched (oil) – wear-resistant surface steel,0
,,,1,Steel database with labelled clusters,,,AISI 4320 Steel,Ultimate tensile strength,896.0,MPa,Yield strength,585.0,MPa,Ductility,20.0,%,0.0,0.0,0.195,0.0,0.0,0.0,0.0,0.0,0.0,0.2249999999999999,0.035,0.04,0.0,0.0,0.0,0.0,0.5,0.55,96.38,0.0,1.825,0.0,0.0,0.0,0.0,0.0,0.0,0.25,0.0,0.0,0.0,0.0,0.0,0.0,0.0,0.0,,,"Mock Carburized 925C (1700F) For 8 Hrs., Reheated To 815C (1500F), Oil Quenched, 230C (450F) Temper, 50 mm (2 In.) Round","Mock Carburized 925C (1700F) For 8 Hrs., Reheated To 815C (1500F), Oil Quenched, 230C (450F) Temper, 50 mm (2 In.) Round",274,8,Carburized – quenched (oil) – wear-resistant surface steel (variant),8
,,,1,Steel database with labelled clusters,,,AISI 8620 Steel,Ultimate tensile strength,958.0,MPa,Yield strength,765.0,MPa,Ductility,16.0,%,0.0,0.0,0.205,0.0,0.0,0.0,0.0,0.0,0.0,0.25,0.035,0.04,0.0,0.0,0.0,0.0,0.5,0.8,97.42,0.0,0.55,0.0,0.0,0.0,0.0,0.0,0.0,0.2,0.0,0.0,0.0,0.0,0.0,0.0,0.0,0.0,,,"Normalized, Machined To 25 mm, Pseudocarburized, Reheated To 800C, 150C Temper","Normalized, Machined To 25 mm, Pseudocarburized, Reheated To 800C, 150C Temper",694,0,Carburized – quenched (oil) – wear-resistant surface steel,0
,,,1,Steel database with labelled clusters,,,AISI 1040 Steel,Ultimate tensile strength,519.0,MPa,Yield strength,353.0,MPa,Ductility,30.0,%,0.0,0.0,0.405,0.0,0.0,0.0,0.0,0.0,0.0,0.0,0.04,0.05,0.0,0.0,0.0,0.0,0.0,0.75,98.755,0.0,0.0,0.0,0.0,0.0,0.0,0.0,0.0,0.0,0.0,0.0,0.0,0.0,0.0,0.0,0.0,0.0,,,"Annealed At 790C (1450F), Furnace Cooled 11C (20F) Per Hour To 650C (1200F), Air Cooled, 25 mm (1 In.) Round","Annealed At 790C (1450F), Furnace Cooled 11C (20F) Per Hour To 650C (1200F), Air Cooled, 25 mm (1 In.) Round",1626,7,Annealed – easy-to-machine – round annealed stock,7
,,,1,Steel database with labelled clusters,,,AISI 1015 Steel,Ultimate tensile strength,385.0,MPa,Yield strength,325.0,MPa,Ductility,18.0,%,0.0,0.0,0.155,0.0,0.0,0.0,0.0,0.0,0.0,0.0,0.04,0.05,0.0,0.0,0.0,0.0,0.0,0.4499999999999999,99.305,0.0,0.0,0.0,0.0,0.0,0.0,0.0,0.0,0.0,0.0,0.0,0.0,0.0,0.0,0.0,0.0,0.0,,,Cold Drawn,Cold Drawn,1436,2,Quenched (oil) – general-purpose steel (tested),2
,,,1,Steel database with labelled clusters,,,AISI 4340 Steel,Ultimate tensile strength,1595.0,MPa,Yield strength,1475.0,MPa,Ductility,12.0,%,0.0,0.0,0.4,0.0,0.0,0.0,0.0,0.0,0.0,0.2249999999999999,0.035,0.04,0.0,0.0,0.0,0.0,0.8,0.7,95.725,0.0,1.825,0.0,0.0,0.0,0.0,0.0,0.0,0.25,0.0,0.0,0.0,0.0,0.0,0.0,0.0,0.0,,,"Oil Quenched 845C, 425C (800F) Temper","Oil Quenched 845C, 425C (800F) Temper",251,6,Quenched (oil) & tempered – high-strength structural steel,6
,,,1,Steel database with labelled clusters,,,AISI 4820 Steel,Ultimate tensile strength,896.0,MPa,Yield strength,635.0,MPa,Ductility,19.0,%,0.0,0.0,0.205,0.0,0.0,0.0,0.0,0.0,0.0,0.2249999999999999,0.035,0.04,0.0,0.0,0.0,0.0,0.0,0.6,95.145,0.0,3.5,0.0,0.0,0.0,0.0,0.0,0.0,0.25,0.0,0.0,0.0,0.0,0.0,0.0,0.0,0.0,,,"Mock Carburized, Reheated To 800C (1470F), 230C (450F) Temper, 50 mm (2 In.) Round","Mock Carburized, Reheated To 800C (1470F), 230C (450F) Temper, 50 mm (2 In.) Round",414,8,Carburized – quenched (oil) – wear-resistant surface steel (variant),8
,,,1,Steel database with labelled clusters,,,AISI 51B60 Steel,Ultimate tensile strength,1170.0,MPa,Yield strength,1070.0,MPa,Ductility,14.0,%,0.0,0.00175,0.6000000000000001,0.0,0.0,0.0,0.0,0.0,0.0,0.2249999999999999,0.035,0.04,0.0,0.0,0.0,0.0,0.8,0.875,97.42325,0.0,0.0,0.0,0.0,0.0,0.0,0.0,0.0,0.0,0.0,0.0,0.0,0.0,0.0,0.0,0.0,0.0,,,"Oil Quenched From 830C (1525F), 540C (1000F) Temper, 13 mm (0.5 In.) Round","Oil Quenched From 830C (1525F), 540C (1000F) Temper, 13 mm (0.5 In.) Round",583,6,Quenched (oil) & tempered – high-strength structural steel,6
,,,1,Steel database with labelled clusters,,,AISI 1095 Steel,Ultimate tensile strength,1270.0,MPa,Yield strength,800.0,MPa,Ductility,12.0,%,0.0,0.0,0.965,0.0,0.0,0.0,0.0,0.0,0.0,0.0,0.04,0.05,0.0,0.0,0.0,0.0,0.0,0.4,98.545,0.0,0.0,0.0,0.0,0.0,0.0,0.0,0.0,0.0,0.0,0.0,0.0,0.0,0.0,0.0,0.0,0.0,,,"Oil Quenched From 800C (1475F), Tempered At 480C (900F)","Oil Quenched From 800C (1475F), Tempered At 480C (900F)",1768,6,Quenched (oil) & tempered – high-strength structural steel,6
,,,1,Steel database with labelled clusters,,,AISI 9255 Steel,Ultimate tensile strength,951.0,MPa,Yield strength,585.0,MPa,Ductility,20.0,%,0.0,0.0,0.55,0.0,0.0,0.0,0.0,0.0,0.0,2.0,0.035,0.04,0.0,0.0,0.0,0.0,0.0,0.825,96.55,0.0,0.0,0.0,0.0,0.0,0.0,0.0,0.0,0.0,0.0,0.0,0.0,0.0,0.0,0.0,0.0,0.0,,,"Normalized At 900C (1650F), 13 mm (0.5 In.) Round","Normalized At 900C (1650F), 13 mm (0.5 In.) Round",924,4,Normalized (air cooled) – general-purpose steel,4
,,,1,Steel database with labelled clusters,,,AISI 4419 Steel,Ultimate tensile strength,708.0,MPa,Yield strength,431.0,MPa,Ductility,24.0,%,0.0,0.0,0.205,0.0,0.0,0.0,0.0,0.0,0.0,0.25,0.035,0.04,0.0,0.0,0.0,0.0,0.0,0.55,98.395,0.0,0.0,0.0,0.0,0.0,0.0,0.0,0.0,0.525,0.0,0.0,0.0,0.0,0.0,0.0,0.0,0.0,,,"Single Quenched, 230C (450F) Temper","Single Quenched, 230C (450F) Temper",311,5,Carburized – quenched (oil) – wear-resistant surface steel (variant),5
,,,1,Steel database with labelled clusters,,,AISI 4718 Steel,Ultimate tensile strength,1131.0,MPa,Yield strength,735.0,MPa,Ductility,9.0,%,0.0,0.0,0.185,0.0,0.0,0.0,0.0,0.0,0.0,0.275,0.04,0.04,0.0,0.0,0.0,0.0,0.45,0.8,96.81,0.0,1.05,0.0,0.0,0.0,0.0,0.0,0.0,0.35,0.0,0.0,0.0,0.0,0.0,0.0,0.0,0.0,,,"Pseudocarburized, Reheated To 765C (1410F) And Oil Quenched, 150C (300F) Temper, 13.7 mm Round","Pseudocarburized, Reheated To 765C (1410F) And Oil Quenched, 150C (300F) Temper, 13.7 mm Round",382,0,Carburized – quenched (oil) – wear-resistant surface steel,0
,,,1,Steel database with labelled clusters,,,AISI 4820H Steel,Ultimate tensile strength,1234.0,MPa,Yield strength,820.0,MPa,Ductility,14.0,%,0.0,0.0,0.2,0.0,0.0,0.0,0.0,0.0,0.0,0.2249999999999999,0.035,0.04,0.0,0.0,0.0,0.0,0.0,0.6000000000000001,95.15,0.0,3.5,0.0,0.0,0.0,0.0,0.0,0.0,0.25,0.0,0.0,0.0,0.0,0.0,0.0,0.0,0.0,,,"Heat Treated, Machined To 13.7 mm, Pseudocarburized, Reheated To 755C (1390F), 150C (300F) Temper","Heat Treated, Machined To 13.7 mm, Pseudocarburized, Reheated To 755C (1390F), 150C (300F) Temper",465,0,Carburized – quenched (oil) – wear-resistant surface steel,0
,,,1,Steel database with labelled clusters,,,AISI 4340 Steel,Ultimate tensile strength,1448.0,MPa,Yield strength,972.0,MPa,Ductility,12.0,%,0.0,0.0,0.4,0.0,0.0,0.0,0.0,0.0,0.0,0.2249999999999999,0.035,0.04,0.0,0.0,0.0,0.0,0.8,0.7,95.725,0.0,1.825,0.0,0.0,0.0,0.0,0.0,0.0,0.25,0.0,0.0,0.0,0.0,0.0,0.0,0.0,0.0,,,"Normalized, 13 mm (0.5 In.) Round","Normalized, 13 mm (0.5 In.) Round",426,9,Normalized – general-purpose steel (round normalized stock),9
,,,1,Steel database with labelled clusters,,,AISI 4620 Steel,Ultimate tensile strength,883.0,MPa,Yield strength,758.0,MPa,Ductility,16.0,%,0.0,0.0,0.195,0.0,0.0,0.0,0.0,0.0,0.0,0.25,0.035,0.04,0.0,0.0,0.0,0.0,0.0,0.55,96.855,0.0,1.825,0.0,0.0,0.0,0.0,0.0,0.0,0.25,0.0,0.0,0.0,0.0,0.0,0.0,0.0,0.0,,,"Normalized, Machined To 25 mm (1 In.) Rounds, Pseudocarburized, Reheated To 775C (1430F), Quenched And Tempered","Normalized, Machined To 25 mm (1 In.) Rounds, Pseudocarburized, Reheated To 775C (1430F), Quenched And Tempered",495,0,Carburized – quenched (oil) – wear-resistant surface steel,0
,,,1,Steel database with labelled clusters,,,AISI 1144 Steel,Ultimate tensile strength,655.0,MPa,Yield strength,550.0,MPa,Ductility,15.0,%,0.0,0.0,0.44,0.0,0.0,0.0,0.0,0.0,0.0,0.0,0.04,0.285,0.0,0.0,0.0,0.0,0.0,1.5,97.735,0.0,0.0,0.0,0.0,0.0,0.0,0.0,0.0,0.0,0.0,0.0,0.0,0.0,0.0,0.0,0.0,0.0,,,"Cold Drawn, High Temperature, Stress Relieved, 32-50 mm (1.25-2 In) Round","Cold Drawn, High Temperature, Stress Relieved, 32-50 mm (1.25-2 In) Round",1888,0,Carburized – quenched (oil) – wear-resistant surface steel,0
,,,1,Steel database with labelled clusters,,,ASTM A517 Low Alloy Steel,Ultimate tensile strength,795.0,MPa,Yield strength,690.0,MPa,Ductility,16.0,%,0.0,0.003,0.1649999999999999,0.0,0.0,0.0,0.0,0.0,0.0,0.275,0.04,0.04,0.0,0.0,0.0,0.0,0.0,0.575,97.027,0.0,1.35,0.0,0.0,0.0,0.0,0.0,0.0,0.525,0.0,0.0,0.0,0.0,0.0,0.0,0.0,0.0,,,Grade M,Grade M,1374,1,Hot rolled – general construction steel,1
,,,1,Steel database with labelled clusters,,,ASTM A533 Low Alloy Steel,Ultimate tensile strength,620.0,MPa,Yield strength,485.0,MPa,Ductility,16.0,%,0.0,0.0,0.25,0.0,0.0,0.0,0.0,0.0,0.0,0.275,0.04,0.04,0.0,0.0,0.0,0.0,0.0,1.325,97.545,0.0,0.0,0.0,0.0,0.0,0.0,0.0,0.0,0.525,0.0,0.0,0.0,0.0,0.0,0.0,0.0,0.0,,,"Grade A, Class 2","Grade A, Class 2",1333,1,Hot rolled – general construction steel,1
,,,1,Steel database with labelled clusters,,,AISI 4820 Steel,Ultimate tensile strength,1230.0,MPa,Yield strength,806.0,MPa,Ductility,13.0,%,0.0,0.0,0.205,0.0,0.0,0.0,0.0,0.0,0.0,0.2249999999999999,0.035,0.04,0.0,0.0,0.0,0.0,0.0,0.6,95.145,0.0,3.5,0.0,0.0,0.0,0.0,0.0,0.0,0.25,0.0,0.0,0.0,0.0,0.0,0.0,0.0,0.0,,,"Heat Treated, Machined To 25 mm, Pseudocarburized, Reheated To 730C (1350F), 150C (300F) Temper","Heat Treated, Machined To 25 mm, Pseudocarburized, Reheated To 730C (1350F), 150C (300F) Temper",409,0,Carburized – quenched (oil) – wear-resistant surface steel,0
,,,1,Steel database with labelled clusters,,,AISI 1020 Steel,Ultimate tensile strength,420.0,MPa,Yield strength,350.0,MPa,Ductility,15.0,%,0.0,0.0,0.2,0.0,0.0,0.0,0.0,0.0,0.0,0.0,0.04,0.05,0.0,0.0,0.0,0.0,0.0,0.4499999999999999,99.26,0.0,0.0,0.0,0.0,0.0,0.0,0.0,0.0,0.0,0.0,0.0,0.0,0.0,0.0,0.0,0.0,0.0,,,Cold Rolled,Cold Rolled,1574,2,Quenched (oil) – general-purpose steel (tested),2
,,,1,Steel database with labelled clusters,,,AISI 1055 Steel,Ultimate tensile strength,650.0,MPa,Yield strength,355.0,MPa,Ductility,12.0,%,0.0,0.0,0.55,0.0,0.0,0.0,0.0,0.0,0.0,0.0,0.04,0.05,0.0,0.0,0.0,0.0,0.0,0.75,98.61,0.0,0.0,0.0,0.0,0.0,0.0,0.0,0.0,0.0,0.0,0.0,0.0,0.0,0.0,0.0,0.0,0.0,,,"Hot Rolled, 19-32 mm (0.75-1.25 In) Round","Hot Rolled, 19-32 mm (0.75-1.25 In) Round",1736,3,Normalized – easy-to-machine stock (cold drawn),3
,,,1,Steel database with labelled clusters,,,AISI 1020 Steel,Ultimate tensile strength,600.0,MPa,Yield strength,370.0,MPa,Ductility,23.0,%,0.0,0.0,0.2,0.0,0.0,0.0,0.0,0.0,0.0,0.0,0.04,0.05,0.0,0.0,0.0,0.0,0.0,0.4499999999999999,99.26,0.0,0.0,0.0,0.0,0.0,0.0,0.0,0.0,0.0,0.0,0.0,0.0,0.0,0.0,0.0,0.0,0.0,,,"Mock Carburized At 915C (1680F) For 8 Hours, 775C (1430F) Reheat, Water Quenched, 175C (350F) Temper, 25 mm (1 In.) Round","Mock Carburized At 915C (1680F) For 8 Hours, 775C (1430F) Reheat, Water Quenched, 175C (350F) Temper, 25 mm (1 In.) Round",1474,8,Carburized – quenched (oil) – wear-resistant surface steel (variant),8
,,,1,Steel database with labelled clusters,,,AISI 8740H Steel,Ultimate tensile strength,910.0,MPa,Yield strength,605.0,MPa,Ductility,16.0,%,0.0,0.0,0.405,0.0,0.0,0.0,0.0,0.0,0.0,0.2249999999999999,0.035,0.04,0.0,0.0,0.0,0.0,0.5,0.875,97.12,0.0,0.55,0.0,0.0,0.0,0.0,0.0,0.0,0.25,0.0,0.0,0.0,0.0,0.0,0.0,0.0,0.0,,,"Normalized 870C (1600F), 50 mm (2 In.) Round","Normalized 870C (1600F), 50 mm (2 In.) Round",942,4,Normalized (air cooled) – general-purpose steel,4
,,,1,Steel database with labelled clusters,,,AISI 51B60H Steel,Ultimate tensile strength,958.0,MPa,Yield strength,530.0,MPa,Ductility,17.0,%,0.0,0.00175,0.6000000000000001,0.0,0.0,0.0,0.0,0.0,0.0,0.2249999999999999,0.035,0.04,0.0,0.0,0.0,0.0,0.8,0.875,97.42325,0.0,0.0,0.0,0.0,0.0,0.0,0.0,0.0,0.0,0.0,0.0,0.0,0.0,0.0,0.0,0.0,0.0,,,Normalized 855C (1570F),Normalized 855C (1570F),618,4,Normalized (air cooled) – general-purpose steel,4
,,,1,Steel database with labelled clusters,,,AISI 51B60 Steel,Ultimate tensile strength,958.0,MPa,Yield strength,530.0,MPa,Ductility,17.0,%,0.0,0.00175,0.6000000000000001,0.0,0.0,0.0,0.0,0.0,0.0,0.2249999999999999,0.035,0.04,0.0,0.0,0.0,0.0,0.8,0.875,97.42325,0.0,0.0,0.0,0.0,0.0,0.0,0.0,0.0,0.0,0.0,0.0,0.0,0.0,0.0,0.0,0.0,0.0,,,Normalized 855C (1570F),Normalized 855C (1570F),611,4,Normalized (air cooled) – general-purpose steel,4
,,,1,Steel database with labelled clusters,,,AISI 4419 Steel,Ultimate tensile strength,515.0,MPa,Yield strength,350.0,MPa,Ductility,32.0,%,0.0,0.0,0.205,0.0,0.0,0.0,0.0,0.0,0.0,0.25,0.035,0.04,0.0,0.0,0.0,0.0,0.0,0.55,98.395,0.0,0.0,0.0,0.0,0.0,0.0,0.0,0.0,0.525,0.0,0.0,0.0,0.0,0.0,0.0,0.0,0.0,,,"Normalized At 955C (1750F), 25 mm (1 In.) Round","Normalized At 955C (1750F), 25 mm (1 In.) Round",183,4,Normalized (air cooled) – general-purpose steel,4
,,,1,Steel database with labelled clusters,,,ASTM A570 Steel,Ultimate tensile strength,340.0,MPa,Yield strength,205.0,MPa,Ductility,25.0,%,0.0,0.0,0.25,0.0,0.0,0.0,0.0,0.0,0.0,0.0,0.04,0.04,0.0,0.0,0.0,0.0,0.0,0.43,99.04,0.0,0.0,0.2,0.0,0.0,0.0,0.0,0.0,0.0,0.0,0.0,0.0,0.0,0.0,0.0,0.0,0.0,,,"Grade B, Sheet And Strip","Grade B, Sheet And Strip",1427,1,Hot rolled – general construction steel,1
,,,1,Steel database with labelled clusters,,,AISI 4140H Steel,Ultimate tensile strength,655.0,MPa,Yield strength,485.0,MPa,Ductility,26.0,%,0.0,0.0,0.405,0.0,0.0,0.0,0.0,0.0,0.0,0.2249999999999999,0.035,0.04,0.0,0.0,0.0,0.0,0.975,0.875,97.22,0.0,0.0,0.0,0.0,0.0,0.0,0.0,0.0,0.2249999999999999,0.0,0.0,0.0,0.0,0.0,0.0,0.0,0.0,,,Annealed 25 mm (1 In.) Round,Annealed 25 mm (1 In.) Round,171,3,Normalized – easy-to-machine stock (cold drawn),3
,,,1,Steel database with labelled clusters,,,AISI E4340 H Steel,Ultimate tensile strength,1138.0,MPa,Yield strength,1096.0,MPa,Ductility,16.0,%,0.0,0.0,0.405,0.0,0.0,0.0,0.0,0.0,0.0,0.2249999999999999,0.025,0.02,0.0,0.0,0.0,0.0,0.8,0.7749999999999999,95.725,0.0,1.775,0.0,0.0,0.0,0.0,0.0,0.0,0.25,0.0,0.0,0.0,0.0,0.0,0.0,0.0,0.0,,,"Oil Quenched 800C (1470F), 595C (1100F) Temper, 25 mm Round","Oil Quenched 800C (1470F), 595C (1100F) Temper, 25 mm Round",293,6,Quenched (oil) & tempered – high-strength structural steel,6
,,,1,Steel database with labelled clusters,,,AISI 5140H Steel,Ultimate tensile strength,814.0,MPa,Yield strength,615.0,MPa,Ductility,22.0,%,0.0,0.0,0.405,0.0,0.0,0.0,0.0,0.0,0.0,0.2249999999999999,0.035,0.04,0.0,0.0,0.0,0.0,0.8,0.8,97.695,0.0,0.0,0.0,0.0,0.0,0.0,0.0,0.0,0.0,0.0,0.0,0.0,0.0,0.0,0.0,0.0,0.0,,,"Oil Quenched 845C (1550F), 595C (1100F) Temper, 50 mm (2 In.) Round","Oil Quenched 845C (1550F), 595C (1100F) Temper, 50 mm (2 In.) Round",531,6,Quenched (oil) & tempered – high-strength structural steel,6
,,,1,Steel database with labelled clusters,,,AISI 1006 Steel,Ultimate tensile strength,295.0,MPa,Yield strength,165.0,MPa,Ductility,30.0,%,0.0,0.0,0.08,0.0,0.0,0.0,0.0,0.0,0.0,0.0,0.04,0.05,0.0,0.0,0.0,0.0,0.0,0.325,99.505,0.0,0.0,0.0,0.0,0.0,0.0,0.0,0.0,0.0,0.0,0.0,0.0,0.0,0.0,0.0,0.0,0.0,,,"Hot Rolled Bar, 19-32 mm (0.75-1.25 In) Round","Hot Rolled Bar, 19-32 mm (0.75-1.25 In) Round",1764,2,Quenched (oil) – general-purpose steel (tested),2
,,,1,Steel database with labelled clusters,,,AISI 4320H Steel,Ultimate tensile strength,1025.0,MPa,Yield strength,848.0,MPa,Ductility,15.0,%,0.0,0.0,0.2,0.0,0.0,0.0,0.0,0.0,0.0,0.2249999999999999,0.035,0.04,0.0,0.0,0.0,0.0,0.5,0.55,96.425,0.0,1.775,0.0,0.0,0.0,0.0,0.0,0.0,0.25,0.0,0.0,0.0,0.0,0.0,0.0,0.0,0.0,,,"Normalized 925C (1700F), Pseudocarburized At 925C (1700F) For 8 Hrs., Reheated To 800C (1470F) And Oil Quenched, 150C (300F) Temper","Normalized 925C (1700F), Pseudocarburized At 925C (1700F) For 8 Hrs., Reheated To 800C (1470F) And Oil Quenched, 150C (300F) Temper",301,0,Carburized – quenched (oil) – wear-resistant surface steel,0
,,,1,Steel database with labelled clusters,,,AISI 1211 Steel,Ultimate tensile strength,380.0,MPa,Yield strength,230.0,MPa,Ductility,25.0,%,0.0,0.0,0.13,0.0,0.0,0.0,0.0,0.0,0.0,0.0,0.095,0.125,0.0,0.0,0.0,0.0,0.0,0.75,98.9,0.0,0.0,0.0,0.0,0.0,0.0,0.0,0.0,0.0,0.0,0.0,0.0,0.0,0.0,0.0,0.0,0.0,,,"Hot Rolled, 19-38 mm Round","Hot Rolled, 19-38 mm Round",1847,3,Normalized – easy-to-machine stock (cold drawn),3
,,,1,Steel database with labelled clusters,,,AISI E4340 H Steel,Ultimate tensile strength,1207.0,MPa,Yield strength,1145.0,MPa,Ductility,14.0,%,0.0,0.0,0.405,0.0,0.0,0.0,0.0,0.0,0.0,0.2249999999999999,0.025,0.02,0.0,0.0,0.0,0.0,0.8,0.7749999999999999,95.725,0.0,1.775,0.0,0.0,0.0,0.0,0.0,0.0,0.25,0.0,0.0,0.0,0.0,0.0,0.0,0.0,0.0,,,"Oil Quenched 800C (1470F), 540C (1000F) Temper, 25 mm Round","Oil Quenched 800C (1470F), 540C (1000F) Temper, 25 mm Round",528,6,Quenched (oil) & tempered – high-strength structural steel,6
,,,1,Steel database with labelled clusters,,,AISI 1040 Steel,Ultimate tensile strength,620.0,MPa,Yield strength,415.0,MPa,Ductility,25.0,%,0.0,0.0,0.405,0.0,0.0,0.0,0.0,0.0,0.0,0.0,0.04,0.05,0.0,0.0,0.0,0.0,0.0,0.75,98.755,0.0,0.0,0.0,0.0,0.0,0.0,0.0,0.0,0.0,0.0,0.0,0.0,0.0,0.0,0.0,0.0,0.0,,,As Rolled,As Rolled,1631,2,Quenched (oil) – general-purpose steel (tested),2
,,,1,Steel database with labelled clusters,,,AISI 1117 Steel,Ultimate tensile strength,475.0,MPa,Yield strength,400.0,MPa,Ductility,15.0,%,0.0,0.0,0.17,0.0,0.0,0.0,0.0,0.0,0.0,0.0,0.04,0.105,0.0,0.0,0.0,0.0,0.0,1.15,98.535,0.0,0.0,0.0,0.0,0.0,0.0,0.0,0.0,0.0,0.0,0.0,0.0,0.0,0.0,0.0,0.0,0.0,,,"Cold Drawn, 19-32 mm (0.75-1.25 In) Round","Cold Drawn, 19-32 mm (0.75-1.25 In) Round",1759,3,Normalized – easy-to-machine stock (cold drawn),3
,,,1,Steel database with labelled clusters,,,AISI 1137 Steel,Ultimate tensile strength,675.0,MPa,Yield strength,565.0,MPa,Ductility,10.0,%,0.0,0.0,0.355,0.0,0.0,0.0,0.0,0.0,0.0,0.0,0.04,0.105,0.0,0.0,0.0,0.0,0.0,1.5,98.0,0.0,0.0,0.0,0.0,0.0,0.0,0.0,0.0,0.0,0.0,0.0,0.0,0.0,0.0,0.0,0.0,0.0,,,"Cold Drawn, 19-32 mm (0.75-1.25 In) Round","Cold Drawn, 19-32 mm (0.75-1.25 In) Round",1915,3,Normalized – easy-to-machine stock (cold drawn),3
,,,1,Steel database with labelled clusters,,,AISI 4140H Steel,Ultimate tensile strength,1185.0,MPa,Yield strength,1110.0,MPa,Ductility,15.0,%,0.0,0.0,0.405,0.0,0.0,0.0,0.0,0.0,0.0,0.2249999999999999,0.035,0.04,0.0,0.0,0.0,0.0,0.975,0.875,97.22,0.0,0.0,0.0,0.0,0.0,0.0,0.0,0.0,0.2249999999999999,0.0,0.0,0.0,0.0,0.0,0.0,0.0,0.0,,,"Oil Quenched 845C (1550F), Tempered 540C (1000F), 13 mm (0.5 In.) Round","Oil Quenched 845C (1550F), Tempered 540C (1000F), 13 mm (0.5 In.) Round",273,6,Quenched (oil) & tempered – high-strength structural steel,6
,,,1,Steel database with labelled clusters,,,ASTM A514 Steel,Ultimate tensile strength,793.0,MPa,Yield strength,620.0,MPa,Ductility,16.0,%,0.0,0.0,0.175,0.0,0.0,0.0,0.0,0.0,0.0,0.25,0.035,0.04,0.0,0.0,0.0,0.055,1.25,1.125,95.22,0.0,1.35,0.0,0.0,0.0,0.0,0.0,0.0,0.5,0.0,0.0,0.0,0.0,0.0,0.0,0.0,0.0,,,"Grade Q, Plate Thickness 64 - 120 mm","Grade Q, Plate Thickness 64 - 120 mm",1115,11,plate – no special treatment – general-purpose steel,11
,,,1,Steel database with labelled clusters,,,AISI Type S5 Tool Steel,Ultimate tensile strength,1130.0,MPa,Yield strength,975.0,MPa,Ductility,19.0,%,0.0,0.0,0.575,0.0,0.0,0.0,0.0,0.0,0.0,2.0,0.03,0.03,0.0,0.0,0.0,0.35,0.35,0.8,95.095,0.0,0.0,0.0,0.0,0.0,0.0,0.0,0.0,0.77,0.0,0.0,0.0,0.0,0.0,0.0,0.0,0.0,,,"Austenitized 855-870C (1575-1600F), Oil Quenched To 35 Hrc","Austenitized 855-870C (1575-1600F), Oil Quenched To 35 Hrc",1246,2,Quenched (oil) – general-purpose steel (tested),2
,,,1,Steel database with labelled clusters,,,ASTM A710 Steel,Ultimate tensile strength,495.0,MPa,Yield strength,450.0,MPa,Ductility,20.0,%,0.0,0.0,0.07,0.0,0.0,0.0,0.0,0.0,0.0,0.4,0.025,0.025,0.0,0.0,0.0,0.0,0.75,0.55,95.96,0.0,0.85,1.15,0.0,0.0,0.0,0.0,0.02,0.2,0.0,0.0,0.0,0.0,0.0,0.0,0.0,0.0,,,"Grade A, Class 2, 6.4 - 25 mm Inclusive","Grade A, Class 2, 6.4 - 25 mm Inclusive",1119,1,Hot rolled – general construction steel,1
,,,1,Steel database with labelled clusters,,,AISI 4620H Steel,Ultimate tensile strength,1017.0,MPa,Yield strength,798.0,MPa,Ductility,16.0,%,0.0,0.0,0.2,0.0,0.0,0.0,0.0,0.0,0.0,0.25,0.035,0.04,0.0,0.0,0.0,0.0,0.0,0.55,96.9,0.0,1.775,0.0,0.0,0.0,0.0,0.0,0.0,0.25,0.0,0.0,0.0,0.0,0.0,0.0,0.0,0.0,,,"Direct Quench From Pot, Carburized, Oil Quenched, 230C (450F) Temper","Direct Quench From Pot, Carburized, Oil Quenched, 230C (450F) Temper",423,5,Carburized – quenched (oil) – wear-resistant surface steel (variant),5
,,,1,Steel database with labelled clusters,,,AISI 4620 Steel,Ultimate tensile strength,600.0,MPa,Yield strength,380.0,MPa,Ductility,30.0,%,0.0,0.0,0.195,0.0,0.0,0.0,0.0,0.0,0.0,0.25,0.035,0.04,0.0,0.0,0.0,0.0,0.0,0.55,96.855,0.0,1.825,0.0,0.0,0.0,0.0,0.0,0.0,0.25,0.0,0.0,0.0,0.0,0.0,0.0,0.0,0.0,,,"Normalized, 13 mm (0.5 In.) Round","Normalized, 13 mm (0.5 In.) Round",372,9,Normalized – general-purpose steel (round normalized stock),9
,,,1,Steel database with labelled clusters,,,AISI 1060 Steel,Ultimate tensile strength,1025.0,MPa,Yield strength,677.0,MPa,Ductility,15.0,%,0.0,0.0,0.605,0.0,0.0,0.0,0.0,0.0,0.0,0.0,0.04,0.05,0.0,0.0,0.0,0.0,0.0,0.75,98.555,0.0,0.0,0.0,0.0,0.0,0.0,0.0,0.0,0.0,0.0,0.0,0.0,0.0,0.0,0.0,0.0,0.0,,,"Oil Quenched 845C (1550F), 480C (900F) Temper, 13 mm (0.5 In.) Round","Oil Quenched 845C (1550F), 480C (900F) Temper, 13 mm (0.5 In.) Round",1746,6,Quenched (oil) & tempered – high-strength structural steel,6
,,,1,Steel database with labelled clusters,,,AISI 1340H Steel,Ultimate tensile strength,910.0,MPa,Yield strength,565.0,MPa,Ductility,20.0,%,0.0,0.0,0.405,0.0,0.0,0.0,0.0,0.0,0.0,0.25,0.035,0.04,0.0,0.0,0.0,0.0,0.0,1.75,97.52,0.0,0.0,0.0,0.0,0.0,0.0,0.0,0.0,0.0,0.0,0.0,0.0,0.0,0.0,0.0,0.0,0.0,,,"Normalized At 870C (1600F), Air Cooled, 13 mm (0.5 In.) Round","Normalized At 870C (1600F), Air Cooled, 13 mm (0.5 In.) Round",1053,4,Normalized (air cooled) – general-purpose steel,4
,,,1,Steel database with labelled clusters,,,AISI 5150 Steel,Ultimate tensile strength,993.0,MPa,Yield strength,903.0,MPa,Ductility,19.0,%,0.0,0.0,0.505,0.0,0.0,0.0,0.0,0.0,0.0,0.2249999999999999,0.035,0.04,0.0,0.0,0.0,0.0,0.8,0.8,97.595,0.0,0.0,0.0,0.0,0.0,0.0,0.0,0.0,0.0,0.0,0.0,0.0,0.0,0.0,0.0,0.0,0.0,,,"Oil Quenched From 830C (1525F), 595C (1100F) Temper, 13 mm (0.5 In.) Round","Oil Quenched From 830C (1525F), 595C (1100F) Temper, 13 mm (0.5 In.) Round",693,6,Quenched (oil) & tempered – high-strength structural steel,6
,,,1,Steel database with labelled clusters,,,AISI 9255 Steel,Ultimate tensile strength,931.0,MPa,Yield strength,580.0,MPa,Ductility,19.0,%,0.0,0.0,0.55,0.0,0.0,0.0,0.0,0.0,0.0,2.0,0.035,0.04,0.0,0.0,0.0,0.0,0.0,0.825,96.55,0.0,0.0,0.0,0.0,0.0,0.0,0.0,0.0,0.0,0.0,0.0,0.0,0.0,0.0,0.0,0.0,0.0,,,"Normalized At 900C (1650F), 25 mm (1 In.) Round","Normalized At 900C (1650F), 25 mm (1 In.) Round",989,4,Normalized (air cooled) – general-purpose steel,4
,,,1,Steel database with labelled clusters,,,AISI 6150 Steel,Ultimate tensile strength,841.0,MPa,Yield strength,650.0,MPa,Ductility,21.0,%,0.0,0.0,0.505,0.0,0.0,0.0,0.0,0.0,0.0,0.2249999999999999,0.035,0.04,0.0,0.0,0.0,0.15,0.95,0.8,97.295,0.0,0.0,0.0,0.0,0.0,0.0,0.0,0.0,0.0,0.0,0.0,0.0,0.0,0.0,0.0,0.0,0.0,,,"Oil Quenched 845C (1550F), 650C (1200F) Temper, 100 mm (4 In.) Round","Oil Quenched 845C (1550F), 650C (1200F) Temper, 100 mm (4 In.) Round",655,6,Quenched (oil) & tempered – high-strength structural steel,6
,,,1,Steel database with labelled clusters,,,AISI 4150 Steel,Ultimate tensile strength,931.0,MPa,Yield strength,814.0,MPa,Ductility,20.0,%,0.0,0.0,0.505,0.0,0.0,0.0,0.0,0.0,0.0,0.2249999999999999,0.035,0.04,0.0,0.0,0.0,0.0,0.95,0.875,97.17,0.0,0.0,0.0,0.0,0.0,0.0,0.0,0.0,0.2,0.0,0.0,0.0,0.0,0.0,0.0,0.0,0.0,,,"Oil Quenched 830C (1525F), 650C (1200F) Temper, 50 mm (2 In.) Round","Oil Quenched 830C (1525F), 650C (1200F) Temper, 50 mm (2 In.) Round",176,6,Quenched (oil) & tempered – high-strength structural steel,6
,,,1,Steel database with labelled clusters,,,AISI 8620H Steel,Ultimate tensile strength,958.0,MPa,Yield strength,765.0,MPa,Ductility,16.0,%,0.0,0.0,0.205,0.0,0.0,0.0,0.0,0.0,0.0,0.25,0.035,0.04,0.0,0.0,0.0,0.0,0.5,0.7749999999999999,97.445,0.0,0.55,0.0,0.0,0.0,0.0,0.0,0.0,0.2,0.0,0.0,0.0,0.0,0.0,0.0,0.0,0.0,,,"Normalized, Machined To 25 mm, Pseudocarburized, Reheated To 800C, 150C Temper","Normalized, Machined To 25 mm, Pseudocarburized, Reheated To 800C, 150C Temper",744,0,Carburized – quenched (oil) – wear-resistant surface steel,0
,,,1,Steel database with labelled clusters,,,AISI 1045 Steel,Ultimate tensile strength,620.0,MPa,Yield strength,550.0,MPa,Ductility,11.0,%,0.0,0.0,0.4599999999999999,0.0,0.0,0.0,0.0,0.0,0.0,0.0,0.04,0.05,0.0,0.0,0.0,0.0,0.0,0.75,98.7,0.0,0.0,0.0,0.0,0.0,0.0,0.0,0.0,0.0,0.0,0.0,0.0,0.0,0.0,0.0,0.0,0.0,,,"As Cold Drawn, 22-32 mm (0.875-1.25 In) Round","As Cold Drawn, 22-32 mm (0.875-1.25 In) Round",1570,3,Normalized – easy-to-machine stock (cold drawn),3
,,,1,Steel database with labelled clusters,,,AISI 8740H Steel,Ultimate tensile strength,965.0,MPa,Yield strength,876.0,MPa,Ductility,19.0,%,0.0,0.0,0.405,0.0,0.0,0.0,0.0,0.0,0.0,0.2249999999999999,0.035,0.04,0.0,0.0,0.0,0.0,0.5,0.875,97.12,0.0,0.55,0.0,0.0,0.0,0.0,0.0,0.0,0.25,0.0,0.0,0.0,0.0,0.0,0.0,0.0,0.0,,,"Oil Quenched 830C (1525F), 650C (1200F) Temper, 13 mm (0.5 In.) Round","Oil Quenched 830C (1525F), 650C (1200F) Temper, 13 mm (0.5 In.) Round",1074,6,Quenched (oil) & tempered – high-strength structural steel,6
,,,1,Steel database with labelled clusters,,,ASTM A543 Low Alloy Steel,Ultimate tensile strength,720.0,MPa,Yield strength,485.0,MPa,Ductility,16.0,%,0.0,0.0,0.23,0.0,0.0,0.0,0.0,0.0,0.0,0.3,0.04,0.04,0.0,0.0,0.0,0.03,1.75,0.4,94.285,0.0,2.925,0.0,0.0,0.0,0.0,0.0,0.0,0.0,0.0,0.0,0.0,0.0,0.0,0.0,0.0,0.0,,,"Grade B, Class 3","Grade B, Class 3",1322,1,Hot rolled – general construction steel,1
,,,1,Steel database with labelled clusters,,,AISI 4320 Steel,Ultimate tensile strength,1460.0,MPa,Yield strength,1125.0,MPa,Ductility,11.0,%,0.0,0.0,0.195,0.0,0.0,0.0,0.0,0.0,0.0,0.2249999999999999,0.035,0.04,0.0,0.0,0.0,0.0,0.5,0.55,96.38,0.0,1.825,0.0,0.0,0.0,0.0,0.0,0.0,0.25,0.0,0.0,0.0,0.0,0.0,0.0,0.0,0.0,,,"Mock Carburized 925C (1700F) For 8 Hrs., Reheated To 815C (1500F), Oil Quenched, 150C (300F) Temper, 13 mm (0.5 In.) Round","Mock Carburized 925C (1700F) For 8 Hrs., Reheated To 815C (1500F), Oil Quenched, 150C (300F) Temper, 13 mm (0.5 In.) Round",335,8,Carburized – quenched (oil) – wear-resistant surface steel (variant),8
,,,1,Steel database with labelled clusters,,,AISI 8740 Steel,Ultimate tensile strength,1225.0,MPa,Yield strength,1130.0,MPa,Ductility,16.0,%,0.0,0.0,0.405,0.0,0.0,0.0,0.0,0.0,0.0,0.2249999999999999,0.035,0.04,0.0,0.0,0.0,0.0,0.5,0.875,97.12,0.0,0.55,0.0,0.0,0.0,0.0,0.0,0.0,0.25,0.0,0.0,0.0,0.0,0.0,0.0,0.0,0.0,,,"Oil Quenched 830C (1525F), 540C (1000F) Temper, 25 mm (1 In.) Round","Oil Quenched 830C (1525F), 540C (1000F) Temper, 25 mm (1 In.) Round",870,6,Quenched (oil) & tempered – high-strength structural steel,6
,,,1,Steel database with labelled clusters,,,ASTM A533 Low Alloy Steel,Ultimate tensile strength,620.0,MPa,Yield strength,485.0,MPa,Ductility,16.0,%,0.0,0.0,0.25,0.0,0.0,0.0,0.0,0.0,0.0,0.275,0.04,0.04,0.0,0.0,0.0,0.0,0.0,1.325,96.695,0.0,0.85,0.0,0.0,0.0,0.0,0.0,0.0,0.525,0.0,0.0,0.0,0.0,0.0,0.0,0.0,0.0,,,"Grade C, Class 2","Grade C, Class 2",1306,1,Hot rolled – general construction steel,1
,,,1,Steel database with labelled clusters,,,ASTM A553 Alloy Steel,Ultimate tensile strength,690.0,MPa,Yield strength,585.0,MPa,Ductility,20.0,%,0.0,0.0,0.13,0.0,0.0,0.0,0.0,0.0,0.0,0.275,0.04,0.04,0.0,0.0,0.0,0.0,0.0,0.9,89.615,0.0,9.0,0.0,0.0,0.0,0.0,0.0,0.0,0.0,0.0,0.0,0.0,0.0,0.0,0.0,0.0,0.0,,,Grade I,Grade I,1138,1,Hot rolled – general construction steel,1
,,,1,Steel database with labelled clusters,,,ASTM A131 Steel,Ultimate tensile strength,490.0,MPa,Yield strength,350.0,MPa,Ductility,19.0,%,0.0,0.0,0.18,0.0,0.0,0.0,0.0,0.0,0.0,0.3,0.04,0.04,0.0,0.0,0.0,0.1,0.25,1.25,96.96,0.0,0.4,0.35,0.0,0.0,0.0,0.0,0.05,0.08,0.0,0.0,0.0,0.0,0.0,0.0,0.0,0.0,,,Grade Ah36,Grade Ah36,1251,1,Hot rolled – general construction steel,1
,,,1,Steel database with labelled clusters,,,AISI 1340 Steel,Ultimate tensile strength,876.0,MPa,Yield strength,814.0,MPa,Ductility,21.0,%,0.0,0.0,0.405,0.0,0.0,0.0,0.0,0.0,0.0,0.25,0.035,0.04,0.0,0.0,0.0,0.0,0.0,1.75,97.52,0.0,0.0,0.0,0.0,0.0,0.0,0.0,0.0,0.0,0.0,0.0,0.0,0.0,0.0,0.0,0.0,0.0,,,"Oil Quenched From 830C (1525F), 595C (1100F) Temper, 13 mm (0.5 In.) Round","Oil Quenched From 830C (1525F), 595C (1100F) Temper, 13 mm (0.5 In.) Round",1030,6,Quenched (oil) & tempered – high-strength structural steel,6
,,,1,Steel database with labelled clusters,,,AISI E9310H Steel,Ultimate tensile strength,820.0,MPa,Yield strength,450.0,MPa,Ductility,17.0,%,0.0,0.0,0.1,0.0,0.0,0.0,0.0,0.0,0.0,0.2249999999999999,0.0,0.05,0.0,0.0,0.0,0.0,1.225,0.55,94.485,0.0,3.25,0.0,0.0,0.0,0.0,0.0,0.0,0.1149999999999999,0.0,0.0,0.0,0.0,0.0,0.0,0.0,0.0,,,"Annealed At 845C (1550F), 25 mm (1 In.) Round","Annealed At 845C (1550F), 25 mm (1 In.) Round",994,7,Annealed – easy-to-machine – round annealed stock,7
,,,1,Steel database with labelled clusters,,,Cast Stainless Steel CF3,Ultimate tensile strength,485.0,MPa,Yield strength,205.0,MPa,Ductility,35.0,%,0.0,0.0,0.03,0.0,0.0,0.0,0.0,0.0,0.0,2.0,0.04,0.04,0.0,0.0,0.0,0.0,19.0,1.5,66.89,0.0,10.0,0.0,0.0,0.0,0.0,0.0,0.0,0.5,0.0,0.0,0.0,0.0,0.0,0.0,0.0,0.0,,,Uns J92800,Uns J92800,1199,2,Quenched (oil) – general-purpose steel (tested),2
,,,1,Steel database with labelled clusters,,,AISI 4815H Steel,Ultimate tensile strength,1095.0,MPa,Yield strength,917.0,MPa,Ductility,16.0,%,0.0,0.0,0.15,0.0,0.0,0.0,0.0,0.0,0.0,0.2249999999999999,0.035,0.04,0.0,0.0,0.0,0.0,0.0,0.5,95.3,0.0,3.5,0.0,0.0,0.0,0.0,0.0,0.0,0.25,0.0,0.0,0.0,0.0,0.0,0.0,0.0,0.0,,,"Pseudocarburized And Oil Quenched, 150C (300F) Temper, 25 mm (1 In.) Round","Pseudocarburized And Oil Quenched, 150C (300F) Temper, 25 mm (1 In.) Round",573,0,Carburized – quenched (oil) – wear-resistant surface steel,0
,,,1,Steel database with labelled clusters,,,AISI 4419 Steel,Ultimate tensile strength,650.0,MPa,Yield strength,405.0,MPa,Ductility,25.0,%,0.0,0.0,0.205,0.0,0.0,0.0,0.0,0.0,0.0,0.25,0.035,0.04,0.0,0.0,0.0,0.0,0.0,0.55,98.395,0.0,0.0,0.0,0.0,0.0,0.0,0.0,0.0,0.525,0.0,0.0,0.0,0.0,0.0,0.0,0.0,0.0,,,"Mock Carburized, 230C (450F) Temper, 25 mm (1 In.) Round","Mock Carburized, 230C (450F) Temper, 25 mm (1 In.) Round",199,8,Carburized – quenched (oil) – wear-resistant surface steel (variant),8
,,,1,Steel database with labelled clusters,,,AISI 4130H Steel,Ultimate tensile strength,1110.0,MPa,Yield strength,951.0,MPa,Ductility,14.0,%,0.0,0.0,0.3,0.0,0.0,0.0,0.0,0.0,0.0,0.25,0.035,0.04,0.0,0.0,0.0,0.0,0.975,0.5,97.7,0.0,0.0,0.0,0.0,0.0,0.0,0.0,0.0,0.2,0.0,0.0,0.0,0.0,0.0,0.0,0.0,0.0,,,"Water Quenched 855C (1570F), 480C (900F) Temper, 25 mm (1 In.) Round","Water Quenched 855C (1570F), 480C (900F) Temper, 25 mm (1 In.) Round",16,10,Quenched (water) & tempered – high-strength structural steel,10
,,,1,Steel database with labelled clusters,,,AISI 4320 Steel,Ultimate tensile strength,793.0,MPa,Yield strength,460.0,MPa,Ductility,20.0,%,0.0,0.0,0.195,0.0,0.0,0.0,0.0,0.0,0.0,0.2249999999999999,0.035,0.04,0.0,0.0,0.0,0.0,0.5,0.55,96.38,0.0,1.825,0.0,0.0,0.0,0.0,0.0,0.0,0.25,0.0,0.0,0.0,0.0,0.0,0.0,0.0,0.0,,,Normalized At 895C (1640F),Normalized At 895C (1640F),266,4,Normalized (air cooled) – general-purpose steel,4
,,,1,Steel database with labelled clusters,,,AISI 86B30H Steel,Ultimate tensile strength,979.0,MPa,Yield strength,841.0,MPa,Ductility,16.0,%,0.0,0.00175,0.3,0.0,0.0,0.0,0.0,0.0,0.0,0.2249999999999999,0.035,0.04,0.0,0.0,0.0,0.0,0.5,0.8,97.34825,0.0,0.55,0.0,0.0,0.0,0.0,0.0,0.0,0.2,0.0,0.0,0.0,0.0,0.0,0.0,0.0,0.0,,,"Oil Quenched 845C (1550F), 455C (850F) Temper","Oil Quenched 845C (1550F), 455C (850F) Temper",901,6,Quenched (oil) & tempered – high-strength structural steel,6
,,,1,Steel database with labelled clusters,,,ASTM A424 Steel,Ultimate tensile strength,295.0,MPa,Yield strength,200.0,MPa,Ductility,38.0,%,0.0,0.0,0.04,0.0,0.0,0.0,0.0,0.0,0.0,0.0,0.015,0.035,0.0,0.0,0.0,0.0,0.0,0.12,99.79,0.0,0.0,0.0,0.0,0.0,0.0,0.0,0.0,0.0,0.0,0.0,0.0,0.0,0.0,0.0,0.0,0.0,,,"Type Ii, Composition A, Drawing Quality","Type Ii, Composition A, Drawing Quality",1174,2,Quenched (oil) – general-purpose steel (tested),2
,,,1,Steel database with labelled clusters,,,AISI 6150H Steel,Ultimate tensile strength,1020.0,MPa,Yield strength,910.0,MPa,Ductility,17.0,%,0.0,0.0,0.505,0.0,0.0,0.0,0.0,0.0,0.0,0.2249999999999999,0.035,0.04,0.0,0.0,0.0,0.15,0.975,0.8,97.27,0.0,0.0,0.0,0.0,0.0,0.0,0.0,0.0,0.0,0.0,0.0,0.0,0.0,0.0,0.0,0.0,0.0,,,"Oil Quenched 845C (1550F), 595C (1100F) Temper, 50 mm (2 In.) Round","Oil Quenched 845C (1550F), 595C (1100F) Temper, 50 mm (2 In.) Round",939,6,Quenched (oil) & tempered – high-strength structural steel,6
,,,1,Steel database with labelled clusters,,,AISI 4820H Steel,Ultimate tensile strength,1415.0,MPa,Yield strength,1170.0,MPa,Ductility,13.0,%,0.0,0.0,0.2,0.0,0.0,0.0,0.0,0.0,0.0,0.2249999999999999,0.035,0.04,0.0,0.0,0.0,0.0,0.0,0.6000000000000001,95.15,0.0,3.5,0.0,0.0,0.0,0.0,0.0,0.0,0.25,0.0,0.0,0.0,0.0,0.0,0.0,0.0,0.0,,,"Mock Carburized, Reheated To 800C (1470F), 230C (450F) Temper, 13 mm (0.5 In.) Round","Mock Carburized, Reheated To 800C (1470F), 230C (450F) Temper, 13 mm (0.5 In.) Round",545,8,Carburized – quenched (oil) – wear-resistant surface steel (variant),8
,,,1,Steel database with labelled clusters,,,AISI 1141 Steel,Ultimate tensile strength,600.0,MPa,Yield strength,350.0,MPa,Ductility,26.0,%,0.0,0.0,0.41,0.0,0.0,0.0,0.0,0.0,0.0,0.0,0.04,0.105,0.0,0.0,0.0,0.0,0.0,1.5,97.945,0.0,0.0,0.0,0.0,0.0,0.0,0.0,0.0,0.0,0.0,0.0,0.0,0.0,0.0,0.0,0.0,0.0,,,Annealed At 815C (1500F),Annealed At 815C (1500F),2041,7,Annealed – easy-to-machine – round annealed stock,7
,,,1,Steel database with labelled clusters,,,AISI 8630 Steel,Ultimate tensile strength,1015.0,MPa,Yield strength,910.0,MPa,Ductility,16.0,%,0.0,0.0,0.305,0.0,0.0,0.0,0.0,0.0,0.0,0.2249999999999999,0.035,0.04,0.0,0.0,0.0,0.0,0.5,0.8,97.345,0.0,0.55,0.0,0.0,0.0,0.0,0.0,0.0,0.2,0.0,0.0,0.0,0.0,0.0,0.0,0.0,0.0,,,"Water Quenched 845C (1550F), 480C (900F) Temper, 25 mm (1 In.) Round","Water Quenched 845C (1550F), 480C (900F) Temper, 25 mm (1 In.) Round",860,10,Quenched (water) & tempered – high-strength structural steel,10
,,,1,Steel database with labelled clusters,,,ASTM A514 Steel,Ultimate tensile strength,760.0,MPa,Yield strength,690.0,MPa,Ductility,18.0,%,0.0,0.003,0.16,0.0,0.0,0.0,0.0,0.0,0.0,0.3,0.04,0.04,0.0,0.0,0.055,0.0,1.7,0.55,96.652,0.0,0.0,0.0,0.0,0.0,0.0,0.0,0.0,0.5,0.0,0.0,0.0,0.0,0.0,0.0,0.0,0.0,,,"Grade E, Plate Thickness _ 19 mm","Grade E, Plate Thickness _ 19 mm",1369,11,plate – no special treatment – general-purpose steel,11
,,,1,Steel database with labelled clusters,,,AISI 1541 Steel,Ultimate tensile strength,634.0,MPa,Yield strength,352.0,MPa,Ductility,15.0,%,0.0,0.0,0.4,0.0,0.0,0.0,0.0,0.0,0.0,0.0,0.04,0.05,0.0,0.0,0.0,0.0,0.0,1.5,98.01,0.0,0.0,0.0,0.0,0.0,0.0,0.0,0.0,0.0,0.0,0.0,0.0,0.0,0.0,0.0,0.0,0.0,,,Hot Rolled Bar (Uns G15410),Hot Rolled Bar (Uns G15410),1921,2,Quenched (oil) – general-purpose steel (tested),2
,,,1,Steel database with labelled clusters,,,ASTM A607 Steel,Ultimate tensile strength,550.0,MPa,Yield strength,450.0,MPa,Ductility,15.0,%,0.0,0.0,0.26,0.01,0.0,0.0,0.0,0.0,0.0,0.0,0.04,0.05,0.0,0.0,0.0,0.0,0.0,1.5,98.14,0.0,0.0,0.0,0.0,0.0,0.0,0.0,0.0,0.0,0.0,0.0,0.0,0.0,0.0,0.0,0.0,0.0,,,"Grade 65, Cold Rolled","Grade 65, Cold Rolled",1542,1,Hot rolled – general construction steel,1
,,,1,Steel database with labelled clusters,,,ASTM A572 Steel,Ultimate tensile strength,450.0,MPa,Yield strength,345.0,MPa,Ductility,18.0,%,0.0,0.0,0.23,0.0,0.0,0.0,0.0,0.0,0.0,0.4,0.04,0.05,0.0,0.0,0.0,0.0,0.0,1.35,97.93,0.0,0.0,0.0,0.0,0.0,0.0,0.0,0.0,0.0,0.0,0.0,0.0,0.0,0.0,0.0,0.0,0.0,,,Grade 50,Grade 50,1500,1,Hot rolled – general construction steel,1
,,,1,Steel database with labelled clusters,,,AISI 4820 Steel,Ultimate tensile strength,1440.0,MPa,Yield strength,1195.0,MPa,Ductility,14.0,%,0.0,0.0,0.205,0.0,0.0,0.0,0.0,0.0,0.0,0.2249999999999999,0.035,0.04,0.0,0.0,0.0,0.0,0.0,0.6,95.145,0.0,3.5,0.0,0.0,0.0,0.0,0.0,0.0,0.25,0.0,0.0,0.0,0.0,0.0,0.0,0.0,0.0,,,"Mock Carburized, Reheated To 800C (1470F), 150C (300F) Temper, 13 mm (0.5 In.) Round","Mock Carburized, Reheated To 800C (1470F), 150C (300F) Temper, 13 mm (0.5 In.) Round",466,8,Carburized – quenched (oil) – wear-resistant surface steel (variant),8
,,,1,Steel database with labelled clusters,,,AISI 5150 Steel,Ultimate tensile strength,945.0,MPa,Yield strength,793.0,MPa,Ductility,20.0,%,0.0,0.0,0.505,0.0,0.0,0.0,0.0,0.0,0.0,0.2249999999999999,0.035,0.04,0.0,0.0,0.0,0.0,0.8,0.8,97.595,0.0,0.0,0.0,0.0,0.0,0.0,0.0,0.0,0.0,0.0,0.0,0.0,0.0,0.0,0.0,0.0,0.0,,,"Oil Quenched From 830C (1525F), 595C (1100F) Temper, 25 mm (1 In.) Round","Oil Quenched From 830C (1525F), 595C (1100F) Temper, 25 mm (1 In.) Round",533,6,Quenched (oil) & tempered – high-strength structural steel,6
,,,1,Steel database with labelled clusters,,,AISI 4140 Steel,Ultimate tensile strength,965.0,MPa,Yield strength,800.0,MPa,Ductility,17.0,%,0.0,0.0,0.405,0.0,0.0,0.0,0.0,0.0,0.0,0.2249999999999999,0.035,0.04,0.0,0.0,0.0,0.0,0.95,0.875,97.27,0.0,0.0,0.0,0.0,0.0,0.0,0.0,0.0,0.2,0.0,0.0,0.0,0.0,0.0,0.0,0.0,0.0,,,"Oil Quenched, 50 mm (2 In.) Round [845C (1550F) Quench, 540C (1000F) Temper]","Oil Quenched, 50 mm (2 In.) Round [845C (1550F) Quench, 540C (1000F) Temper]",200,6,Quenched (oil) & tempered – high-strength structural steel,6
,,,1,Steel database with labelled clusters,,,AISI 8740H Steel,Ultimate tensile strength,1235.0,MPa,Yield strength,1140.0,MPa,Ductility,13.0,%,0.0,0.0,0.405,0.0,0.0,0.0,0.0,0.0,0.0,0.2249999999999999,0.035,0.04,0.0,0.0,0.0,0.0,0.5,0.875,97.12,0.0,0.55,0.0,0.0,0.0,0.0,0.0,0.0,0.25,0.0,0.0,0.0,0.0,0.0,0.0,0.0,0.0,,,"Oil Quenched 830C (1525F), 540C (1000F) Temper, 13 mm (0.5 In.) Round","Oil Quenched 830C (1525F), 540C (1000F) Temper, 13 mm (0.5 In.) Round",875,6,Quenched (oil) & tempered – high-strength structural steel,6
,,,1,Steel database with labelled clusters,,,AISI 1050 Steel,Ultimate tensile strength,841.0,MPa,Yield strength,558.0,MPa,Ductility,22.0,%,0.0,0.0,0.51,0.0,0.0,0.0,0.0,0.0,0.0,0.0,0.04,0.05,0.0,0.0,0.0,0.0,0.0,0.75,98.65,0.0,0.0,0.0,0.0,0.0,0.0,0.0,0.0,0.0,0.0,0.0,0.0,0.0,0.0,0.0,0.0,0.0,,,"Oil Quenched 845C (1550F), 595C (1100F) Temper, 13 mm (0.5 In.) Round","Oil Quenched 845C (1550F), 595C (1100F) Temper, 13 mm (0.5 In.) Round",1674,6,Quenched (oil) & tempered – high-strength structural steel,6
,,,1,Steel database with labelled clusters,,,ASTM A203 Low Alloy Steel,Ultimate tensile strength,450.0,MPa,Yield strength,255.0,MPa,Ductility,19.0,%,0.0,0.0,0.2,0.0,0.0,0.0,0.0,0.0,0.0,0.275,0.04,0.04,0.0,0.0,0.0,0.0,0.0,0.8,95.145,0.0,3.5,0.0,0.0,0.0,0.0,0.0,0.0,0.0,0.0,0.0,0.0,0.0,0.0,0.0,0.0,0.0,,,Grade D,Grade D,1234,1,Hot rolled – general construction steel,1
,,,1,Steel database with labelled clusters,,,AISI 1340H Steel,Ultimate tensile strength,814.0,MPa,Yield strength,676.0,MPa,Ductility,21.0,%,0.0,0.0,0.405,0.0,0.0,0.0,0.0,0.0,0.0,0.25,0.035,0.04,0.0,0.0,0.0,0.0,0.0,1.75,97.52,0.0,0.0,0.0,0.0,0.0,0.0,0.0,0.0,0.0,0.0,0.0,0.0,0.0,0.0,0.0,0.0,0.0,,,"Oil Quenched From 830C (1525F), 595C (1100F) Temper, 25 mm (1 In.) Round","Oil Quenched From 830C (1525F), 595C (1100F) Temper, 25 mm (1 In.) Round",1028,6,Quenched (oil) & tempered – high-strength structural steel,6
,,,1,Steel database with labelled clusters,,,AISI 1141 Steel,Ultimate tensile strength,738.0,MPa,Yield strength,460.0,MPa,Ductility,20.0,%,0.0,0.0,0.41,0.0,0.0,0.0,0.0,0.0,0.0,0.0,0.04,0.105,0.0,0.0,0.0,0.0,0.0,1.5,97.945,0.0,0.0,0.0,0.0,0.0,0.0,0.0,0.0,0.0,0.0,0.0,0.0,0.0,0.0,0.0,0.0,0.0,,,"Oil Quenched From 815C, 540C (1000F) Temper, 100 mm (4 In.) Round","Oil Quenched From 815C, 540C (1000F) Temper, 100 mm (4 In.) Round",1892,6,Quenched (oil) & tempered – high-strength structural steel,6
,,,1,Steel database with labelled clusters,,,ASTM A442 Carbon Steel,Ultimate tensile strength,380.0,MPa,Yield strength,205.0,MPa,Ductility,21.0,%,0.0,0.0,0.24,0.0,0.0,0.0,0.0,0.0,0.0,0.275,0.04,0.04,0.0,0.0,0.0,0.0,0.0,0.95,98.455,0.0,0.0,0.0,0.0,0.0,0.0,0.0,0.0,0.0,0.0,0.0,0.0,0.0,0.0,0.0,0.0,0.0,,,Grade 55,Grade 55,1273,1,Hot rolled – general construction steel,1
,,,1,Steel database with labelled clusters,,,ASTM A710 Steel,Ultimate tensile strength,620.0,MPa,Yield strength,585.0,MPa,Ductility,20.0,%,0.0,0.0,0.07,0.0,0.0,0.0,0.0,0.0,0.0,0.4,0.025,0.025,0.0,0.0,0.0,0.0,0.75,0.55,95.96,0.0,0.85,1.15,0.0,0.0,0.0,0.0,0.02,0.2,0.0,0.0,0.0,0.0,0.0,0.0,0.0,0.0,,,"Grade A, Class 1, 6.4 - 8.0 mm Thick","Grade A, Class 1, 6.4 - 8.0 mm Thick",1407,1,Hot rolled – general construction steel,1
,,,1,Steel database with labelled clusters,,,AISI 8650H Steel,Ultimate tensile strength,1020.0,MPa,Yield strength,689.0,MPa,Ductility,14.0,%,0.0,0.0,0.505,0.0,0.0,0.0,0.0,0.0,0.0,0.25,0.035,0.045,0.0,0.0,0.0,0.0,0.5,0.875,97.04,0.0,0.55,0.0,0.0,0.0,0.0,0.0,0.0,0.2,0.0,0.0,0.0,0.0,0.0,0.0,0.0,0.0,,,"Normalized, 25 mm (1 In.) Round","Normalized, 25 mm (1 In.) Round",846,9,Normalized – general-purpose steel (round normalized stock),9
,,,1,Steel database with labelled clusters,,,ASTM A735 Low Alloy Steel,Ultimate tensile strength,585.0,MPa,Yield strength,485.0,MPa,Ductility,12.0,%,0.0,0.0,0.06,0.0,0.0,0.0,0.0,0.0,0.0,0.4,0.04,0.03,0.0,0.0,0.0,0.0,0.0,1.7,97.435,0.0,0.0,0.275,0.0,0.0,0.0,0.0,0.06,0.0,0.0,0.0,0.0,0.0,0.0,0.0,0.0,0.0,,,Class 2,Class 2,1381,1,Hot rolled – general construction steel,1
,,,1,Steel database with labelled clusters,,,AISI 1025 Steel,Ultimate tensile strength,345.0,MPa,Yield strength,275.0,MPa,Ductility,15.0,%,0.0,0.0,0.25,0.0,0.0,0.0,0.0,0.0,0.0,0.0,0.04,0.05,0.0,0.0,0.0,0.0,0.0,0.4499999999999999,99.21,0.0,0.0,0.0,0.0,0.0,0.0,0.0,0.0,0.0,0.0,0.0,0.0,0.0,0.0,0.0,0.0,0.0,,,"Cold Drawn, High Temperature, Stress Relieved, 50-75 mm (2-3 In) Round","Cold Drawn, High Temperature, Stress Relieved, 50-75 mm (2-3 In) Round",1752,0,Carburized – quenched (oil) – wear-resistant surface steel,0
,,,1,Steel database with labelled clusters,,,AISI 1045 Steel,Ultimate tensile strength,585.0,MPa,Yield strength,505.0,MPa,Ductility,12.0,%,0.0,0.0,0.4599999999999999,0.0,0.0,0.0,0.0,0.0,0.0,0.0,0.04,0.05,0.0,0.0,0.0,0.0,0.0,0.75,98.7,0.0,0.0,0.0,0.0,0.0,0.0,0.0,0.0,0.0,0.0,0.0,0.0,0.0,0.0,0.0,0.0,0.0,,,"Cold Drawn, Annealed, 19-32 mm (0.75-1.25 In) Round","Cold Drawn, Annealed, 19-32 mm (0.75-1.25 In) Round",1744,3,Normalized – easy-to-machine stock (cold drawn),3
,,,1,Steel database with labelled clusters,,,AISI 8617 Steel,Ultimate tensile strength,820.0,MPa,Yield strength,550.0,MPa,Ductility,23.0,%,0.0,0.0,0.175,0.0,0.0,0.0,0.0,0.0,0.0,0.2249999999999999,0.035,0.04,0.0,0.0,0.0,0.0,0.5,0.8,97.475,0.0,0.55,0.0,0.0,0.0,0.0,0.0,0.0,0.2,0.0,0.0,0.0,0.0,0.0,0.0,0.0,0.0,,,"Double Quenched, 150C (300F) Temper","Double Quenched, 150C (300F) Temper",731,5,Carburized – quenched (oil) – wear-resistant surface steel (variant),5
,,,1,Steel database with labelled clusters,,,AISI 4118H Steel,Ultimate tensile strength,583.0,MPa,Yield strength,386.0,MPa,Ductility,32.0,%,0.0,0.0,0.2,0.0,0.0,0.0,0.0,0.0,0.0,0.2249999999999999,0.035,0.04,0.0,0.0,0.0,0.0,0.5,0.8,98.085,0.0,0.0,0.0,0.0,0.0,0.0,0.0,0.0,0.1149999999999999,0.0,0.0,0.0,0.0,0.0,0.0,0.0,0.0,,,"Normalized At 910C (1670F), Air Cooled, 25 mm (1 In.) Round","Normalized At 910C (1670F), Air Cooled, 25 mm (1 In.) Round",44,4,Normalized (air cooled) – general-purpose steel,4
,,,1,Steel database with labelled clusters,,,AISI E4340 H Steel,Ultimate tensile strength,1282.0,MPa,Yield strength,862.0,MPa,Ductility,12.0,%,0.0,0.0,0.405,0.0,0.0,0.0,0.0,0.0,0.0,0.2249999999999999,0.025,0.02,0.0,0.0,0.0,0.0,0.8,0.7749999999999999,95.725,0.0,1.775,0.0,0.0,0.0,0.0,0.0,0.0,0.25,0.0,0.0,0.0,0.0,0.0,0.0,0.0,0.0,,,"Normalized, 25 mm Round","Normalized, 25 mm Round",275,9,Normalized – general-purpose steel (round normalized stock),9
,,,1,Steel database with labelled clusters,,,AISI 4150H Steel,Ultimate tensile strength,1020.0,MPa,Yield strength,945.0,MPa,Ductility,17.0,%,0.0,0.0,0.505,0.0,0.0,0.0,0.0,0.0,0.0,0.2249999999999999,0.035,0.04,0.0,0.0,0.0,0.0,0.975,0.875,97.145,0.0,0.0,0.0,0.0,0.0,0.0,0.0,0.0,0.2,0.0,0.0,0.0,0.0,0.0,0.0,0.0,0.0,,,"Oil Quenched 830C (1525F), 650C (1200F) Temper, 13 mm (0.5 In.) Round","Oil Quenched 830C (1525F), 650C (1200F) Temper, 13 mm (0.5 In.) Round",102,6,Quenched (oil) & tempered – high-strength structural steel,6
,,,1,Steel database with labelled clusters,,,AISI 86B30H Steel,Ultimate tensile strength,635.0,MPa,Yield strength,385.0,MPa,Ductility,24.0,%,0.0,0.00175,0.3,0.0,0.0,0.0,0.0,0.0,0.0,0.2249999999999999,0.035,0.04,0.0,0.0,0.0,0.0,0.5,0.8,97.34825,0.0,0.55,0.0,0.0,0.0,0.0,0.0,0.0,0.2,0.0,0.0,0.0,0.0,0.0,0.0,0.0,0.0,,,"Normalized, 100 mm (4 In.) Round","Normalized, 100 mm (4 In.) Round",820,9,Normalized – general-purpose steel (round normalized stock),9
,,,1,Steel database with labelled clusters,,,AISI 8822H Steel,Ultimate tensile strength,1198.0,MPa,Yield strength,693.0,MPa,Ductility,11.0,%,0.0,0.0,0.22,0.0,0.0,0.0,0.0,0.0,0.0,0.2249999999999999,0.035,0.04,0.0,0.0,0.0,0.0,0.5,0.875,97.205,0.0,0.55,0.0,0.0,0.0,0.0,0.0,0.0,0.35,0.0,0.0,0.0,0.0,0.0,0.0,0.0,0.0,,,"Normalized, Machined To 13.7 mm Rounds, Pseudocarburized, 775C (1430F) Reheat, 150C (300F) Temper","Normalized, Machined To 13.7 mm Rounds, Pseudocarburized, 775C (1430F) Reheat, 150C (300F) Temper",995,0,Carburized – quenched (oil) – wear-resistant surface steel,0
,,,1,Steel database with labelled clusters,,,AISI 8650 Steel,Ultimate tensile strength,1020.0,MPa,Yield strength,945.0,MPa,Ductility,18.0,%,0.0,0.0,0.505,0.0,0.0,0.0,0.0,0.0,0.0,0.2249999999999999,0.035,0.045,0.0,0.0,0.0,0.0,0.5,0.875,97.065,0.0,0.55,0.0,0.0,0.0,0.0,0.0,0.0,0.2,0.0,0.0,0.0,0.0,0.0,0.0,0.0,0.0,,,"Oil Quenched 800C (1470F), 650C (1200F) Temper, 13 mm (0.5 In.) Round","Oil Quenched 800C (1470F), 650C (1200F) Temper, 13 mm (0.5 In.) Round",905,6,Quenched (oil) & tempered – high-strength structural steel,6
,,,1,Steel database with labelled clusters,,,AISI 4150 Steel,Ultimate tensile strength,910.0,MPa,Yield strength,675.0,MPa,Ductility,20.0,%,0.0,0.0,0.505,0.0,0.0,0.0,0.0,0.0,0.0,0.2249999999999999,0.035,0.04,0.0,0.0,0.0,0.0,0.95,0.875,97.17,0.0,0.0,0.0,0.0,0.0,0.0,0.0,0.0,0.2,0.0,0.0,0.0,0.0,0.0,0.0,0.0,0.0,,,"Oil Quenched 830C (1525F), 595C (1100F) Temper, 100 mm (4 In.) Round","Oil Quenched 830C (1525F), 595C (1100F) Temper, 100 mm (4 In.) Round",108,6,Quenched (oil) & tempered – high-strength structural steel,6
,,,1,Steel database with labelled clusters,,,AISI 5160H Steel,Ultimate tensile strength,917.0,MPa,Yield strength,793.0,MPa,Ductility,19.0,%,0.0,0.0,0.6000000000000001,0.0,0.0,0.0,0.0,0.0,0.0,0.2249999999999999,0.035,0.04,0.0,0.0,0.0,0.0,0.8,0.875,97.425,0.0,0.0,0.0,0.0,0.0,0.0,0.0,0.0,0.0,0.0,0.0,0.0,0.0,0.0,0.0,0.0,0.0,,,"Oil Quenched From 830C (1525F), 650C (1200F) Temper, 13 mm (0.5 In.) Round","Oil Quenched From 830C (1525F), 650C (1200F) Temper, 13 mm (0.5 In.) Round",652,6,Quenched (oil) & tempered – high-strength structural steel,6
,,,1,Steel database with labelled clusters,,,AISI E4340 H Steel,Ultimate tensile strength,855.0,MPa,Yield strength,731.0,MPa,Ductility,21.0,%,0.0,0.0,0.405,0.0,0.0,0.0,0.0,0.0,0.0,0.2249999999999999,0.025,0.02,0.0,0.0,0.0,0.0,0.8,0.7749999999999999,95.725,0.0,1.775,0.0,0.0,0.0,0.0,0.0,0.0,0.25,0.0,0.0,0.0,0.0,0.0,0.0,0.0,0.0,,,"Oil Quenched 800C (1470F), 650C (1200F) Temper, 100 mm (4 In.) Round","Oil Quenched 800C (1470F), 650C (1200F) Temper, 100 mm (4 In.) Round",498,6,Quenched (oil) & tempered – high-strength structural steel,6
,,,1,Steel database with labelled clusters,,,AISI 1547 Steel,Ultimate tensile strength,655.0,MPa,Yield strength,585.0,MPa,Ductility,10.0,%,0.0,0.0,0.47,0.0,0.0,0.0,0.0,0.0,0.0,0.0,0.04,0.05,0.0,0.0,0.0,0.0,0.0,1.5,97.94,0.0,0.0,0.0,0.0,0.0,0.0,0.0,0.0,0.0,0.0,0.0,0.0,0.0,0.0,0.0,0.0,0.0,,,"Annealed, Cold Drawn, 19-32 mm (0.75-1.25 In) Round","Annealed, Cold Drawn, 19-32 mm (0.75-1.25 In) Round",1977,3,Normalized – easy-to-machine stock (cold drawn),3
,,,1,Steel database with labelled clusters,,,AISI 8622H Steel,Ultimate tensile strength,1176.0,MPa,Yield strength,654.0,MPa,Ductility,12.0,%,0.0,0.0,0.22,0.0,0.0,0.0,0.0,0.0,0.0,0.2249999999999999,0.035,0.04,0.0,0.0,0.0,0.0,0.495,0.7749999999999999,97.46,0.0,0.55,0.0,0.0,0.0,0.0,0.0,0.0,0.2,0.0,0.0,0.0,0.0,0.0,0.0,0.0,0.0,,,"Heat Treated, Machined To 25 mm (1 In.) Rounds, Pseudocarburized, 775C (1430F) Reheat, 150C (300F) Temper","Heat Treated, Machined To 25 mm (1 In.) Rounds, Pseudocarburized, 775C (1430F) Reheat, 150C (300F) Temper",833,0,Carburized – quenched (oil) – wear-resistant surface steel,0
,,,1,Steel database with labelled clusters,,,ASTM A562 Carbon Steel,Ultimate tensile strength,380.0,MPa,Yield strength,205.0,MPa,Ductility,22.0,%,0.0,0.0,0.12,0.0,0.0,0.0,0.0,0.0,0.0,0.325,0.04,0.04,0.0,0.0,0.48,0.0,0.0,1.2,97.645,0.0,0.0,0.15,0.0,0.0,0.0,0.0,0.0,0.0,0.0,0.0,0.0,0.0,0.0,0.0,0.0,0.0,,,Titanium Alloy,Titanium Alloy,1323,2,Quenched (oil) – general-purpose steel (tested),2
,,,1,Steel database with labelled clusters,,,AISI 5160H Steel,Ultimate tensile strength,827.0,MPa,Yield strength,540.0,MPa,Ductility,22.0,%,0.0,0.0,0.6000000000000001,0.0,0.0,0.0,0.0,0.0,0.0,0.2249999999999999,0.035,0.04,0.0,0.0,0.0,0.0,0.8,0.875,97.425,0.0,0.0,0.0,0.0,0.0,0.0,0.0,0.0,0.0,0.0,0.0,0.0,0.0,0.0,0.0,0.0,0.0,,,"Oil Quenched From 830C (1525F), 650C (1200F) Temper, 100 mm (4 In.) Round","Oil Quenched From 830C (1525F), 650C (1200F) Temper, 100 mm (4 In.) Round",586,6,Quenched (oil) & tempered – high-strength structural steel,6
,,,1,Steel database with labelled clusters,,,AISI Grade 18Ni (200) Maraging Steel,Ultimate tensile strength,1750.0,MPa,Yield strength,1710.0,MPa,Ductility,11.0,%,0.0,0.0,0.03,0.0,0.0,0.0,0.0,0.0,0.1,0.1,0.01,0.01,0.0,0.0,0.2,0.0,0.0,0.1,69.19,8.5,18.5,0.0,0.0,0.0,0.0,0.01,0.0,3.25,0.0,0.0,0.0,0.0,0.0,0.0,0.0,0.0,,,"Aged, 75 mm Round Bar, Tested In Longitudinal Direction","Aged, 75 mm Round Bar, Tested In Longitudinal Direction",1075,2,Quenched (oil) – general-purpose steel (tested),2
,,,1,Steel database with labelled clusters,,,ASTM A242 Steel,Ultimate tensile strength,435.0,MPa,Yield strength,290.0,MPa,Ductility,18.0,%,0.0,0.0,0.15,0.0,0.0,0.0,0.0,0.0,0.0,0.0,0.15,0.05,0.0,0.0,0.0,0.0,0.0,1.0,98.45,0.0,0.0,0.2,0.0,0.0,0.0,0.0,0.0,0.0,0.0,0.0,0.0,0.0,0.0,0.0,0.0,0.0,,,"Type 1, 19-38 mm Thick","Type 1, 19-38 mm Thick",1430,2,Quenched (oil) – general-purpose steel (tested),2
,,,1,Steel database with labelled clusters,,,AISI 86B50 Steel,Ultimate tensile strength,958.0,MPa,Yield strength,640.0,MPa,Ductility,15.0,%,0.0,0.00175,0.505,0.0,0.0,0.0,0.0,0.0,0.0,0.25,0.035,0.045,0.0,0.0,0.0,0.0,0.5,0.875,97.03825,0.0,0.55,0.0,0.0,0.0,0.0,0.0,0.0,0.2,0.0,0.0,0.0,0.0,0.0,0.0,0.0,0.0,,,"Normalized, 100 mm (4 In.) Round","Normalized, 100 mm (4 In.) Round",979,9,Normalized – general-purpose steel (round normalized stock),9
,,,1,Steel database with labelled clusters,,,AISI 1045 Steel,Ultimate tensile strength,625.0,MPa,Yield strength,530.0,MPa,Ductility,12.0,%,0.0,0.0,0.4599999999999999,0.0,0.0,0.0,0.0,0.0,0.0,0.0,0.04,0.05,0.0,0.0,0.0,0.0,0.0,0.75,98.7,0.0,0.0,0.0,0.0,0.0,0.0,0.0,0.0,0.0,0.0,0.0,0.0,0.0,0.0,0.0,0.0,0.0,,,"Cold Drawn, 19-32 mm (0.75-1.25 In) Round","Cold Drawn, 19-32 mm (0.75-1.25 In) Round",1721,3,Normalized – easy-to-machine stock (cold drawn),3
,,,1,Steel database with labelled clusters,,,AISI 4130H Steel,Ultimate tensile strength,917.0,MPa,Yield strength,841.0,MPa,Ductility,20.0,%,0.0,0.0,0.3,0.0,0.0,0.0,0.0,0.0,0.0,0.25,0.035,0.04,0.0,0.0,0.0,0.0,0.975,0.5,97.7,0.0,0.0,0.0,0.0,0.0,0.0,0.0,0.0,0.2,0.0,0.0,0.0,0.0,0.0,0.0,0.0,0.0,,,"Water Quenched 855C (1570F), 595C (1100F) Temper, 13 mm (0.5 In.) Round","Water Quenched 855C (1570F), 595C (1100F) Temper, 13 mm (0.5 In.) Round",73,10,Quenched (water) & tempered – high-strength structural steel,10
,,,1,Steel database with labelled clusters,,,AISI E9310 Steel,Ultimate tensile strength,1169.0,MPa,Yield strength,951.0,MPa,Ductility,14.0,%,0.0,0.0,0.105,0.0,0.0,0.0,0.0,0.0,0.0,0.275,0.025,0.025,0.0,0.0,0.0,0.0,1.2,0.55,94.455,0.0,3.25,0.0,0.0,0.0,0.0,0.0,0.0,0.1149999999999999,0.0,0.0,0.0,0.0,0.0,0.0,0.0,0.0,,,"Double Quenched And Tempered At 230C (450F), 1.4 mm Case Depth","Double Quenched And Tempered At 230C (450F), 1.4 mm Case Depth",941,5,Carburized – quenched (oil) – wear-resistant surface steel (variant),5
,,,1,Steel database with labelled clusters,,,AISI 1141 Steel,Ultimate tensile strength,660.0,MPa,Yield strength,485.0,MPa,Ductility,24.0,%,0.0,0.0,0.41,0.0,0.0,0.0,0.0,0.0,0.0,0.0,0.04,0.105,0.0,0.0,0.0,0.0,0.0,1.5,97.945,0.0,0.0,0.0,0.0,0.0,0.0,0.0,0.0,0.0,0.0,0.0,0.0,0.0,0.0,0.0,0.0,0.0,,,"Oil Quenched From 815C, 650C (1200F) Temper, 25 mm (1 In.) Round","Oil Quenched From 815C, 650C (1200F) Temper, 25 mm (1 In.) Round",1843,6,Quenched (oil) & tempered – high-strength structural steel,6
,,,1,Steel database with labelled clusters,,,Cast Stainless Steel CA15M,Ultimate tensile strength,760.0,MPa,Yield strength,515.0,MPa,Ductility,15.0,%,0.0,0.0,0.06,0.0,0.0,0.0,0.0,0.0,0.0,1.0,0.04,0.03,0.0,0.0,0.0,0.05,12.75,1.0,79.87,0.0,4.0,0.5,0.0,0.0,0.0,0.0,0.0,0.7,0.0,0.0,0.0,0.0,0.0,0.0,0.0,0.0,,,Astm A487,Astm A487,1139,2,Quenched (oil) – general-purpose steel (tested),2
,,,1,Steel database with labelled clusters,,,AISI 5150H Steel,Ultimate tensile strength,910.0,MPa,Yield strength,670.0,MPa,Ductility,18.0,%,0.0,0.0,0.505,0.0,0.0,0.0,0.0,0.0,0.0,0.2249999999999999,0.035,0.04,0.0,0.0,0.0,0.0,0.8,0.8,97.595,0.0,0.0,0.0,0.0,0.0,0.0,0.0,0.0,0.0,0.0,0.0,0.0,0.0,0.0,0.0,0.0,0.0,,,"Oil Quenched From 830C (1525F), 540C (1000F) Temper, 50 mm (2 In.) Round","Oil Quenched From 830C (1525F), 540C (1000F) Temper, 50 mm (2 In.) Round",597,6,Quenched (oil) & tempered – high-strength structural steel,6
,,,1,Steel database with labelled clusters,,,AISI 4422 Steel,Ultimate tensile strength,827.0,MPa,Yield strength,370.0,MPa,Ductility,14.0,%,0.0,0.0,0.225,0.0,0.0,0.0,0.0,0.0,0.0,0.2249999999999999,0.035,0.04,0.0,0.0,0.0,0.0,0.0,0.75,98.325,0.0,0.0,0.0,0.0,0.0,0.0,0.0,0.0,0.4,0.0,0.0,0.0,0.0,0.0,0.0,0.0,0.0,,,"Heat Treated In 13.7 mm Rounds, Reheated To 775C (1425F), 150C (300F) Temper","Heat Treated In 13.7 mm Rounds, Reheated To 775C (1425F), 150C (300F) Temper",482,0,Carburized – quenched (oil) – wear-resistant surface steel,0
,,,1,Steel database with labelled clusters,,,AK Steel ASTM A 424 Type II,Ultimate tensile strength,311.0,MPa,Yield strength,198.0,MPa,Ductility,43.0,%,0.0,0.0,0.04,0.0,0.0,0.0,0.0,0.0,0.05,0.01,0.01,0.01,0.0,0.0,0.0,0.0,0.0,0.21,99.65,0.0,0.0,0.02,0.0,0.0,0.0,0.0,0.0,0.0,0.0,0.0,0.0,0.0,0.0,0.0,0.0,0.0,,,Vit-Plus Ds Enameling Carbon Steel,Vit-Plus Ds Enameling Carbon Steel,1398,2,Quenched (oil) – general-purpose steel (tested),2
,,,1,Steel database with labelled clusters,,,AISI 5120 Steel,Ultimate tensile strength,938.0,MPa,Yield strength,758.0,MPa,Ductility,16.0,%,0.0,0.0,0.195,0.0,0.0,0.0,0.0,0.0,0.0,0.2249999999999999,0.035,0.04,0.0,0.0,0.0,0.0,0.8,0.8,97.905,0.0,0.0,0.0,0.0,0.0,0.0,0.0,0.0,0.0,0.0,0.0,0.0,0.0,0.0,0.0,0.0,0.0,,,"Heat Treated, Machined To 25 mm, Pseudocarburized, Reheated To 845C (1550F), 150C (300F) Temper","Heat Treated, Machined To 25 mm, Pseudocarburized, Reheated To 845C (1550F), 150C (300F) Temper",507,0,Carburized – quenched (oil) – wear-resistant surface steel,0
,,,1,Steel database with labelled clusters,,,AISI 8620 Steel,Ultimate tensile strength,530.0,MPa,Yield strength,385.0,MPa,Ductility,31.0,%,0.0,0.0,0.205,0.0,0.0,0.0,0.0,0.0,0.0,0.25,0.035,0.04,0.0,0.0,0.0,0.0,0.5,0.8,97.42,0.0,0.55,0.0,0.0,0.0,0.0,0.0,0.0,0.2,0.0,0.0,0.0,0.0,0.0,0.0,0.0,0.0,,,Annealed 13 mm (0.5 In.) Round,Annealed 13 mm (0.5 In.) Round,722,3,Normalized – easy-to-machine stock (cold drawn),3
,,,1,Steel database with labelled clusters,,,ASTM A514 Steel,Ultimate tensile strength,760.0,MPa,Yield strength,690.0,MPa,Ductility,18.0,%,0.0,0.003,0.16,0.0,0.0,0.0,0.0,0.0,0.0,0.275,0.04,0.04,0.0,0.0,0.0,0.0,0.0,0.575,98.332,0.0,0.0,0.0,0.0,0.0,0.0,0.0,0.0,0.575,0.0,0.0,0.0,0.0,0.0,0.0,0.0,0.0,,,"Grade J, Plate Thickness _ 19 mm","Grade J, Plate Thickness _ 19 mm",1289,11,plate – no special treatment – general-purpose steel,11
,,,1,Steel database with labelled clusters,,,AISI 1144 Steel,Ultimate tensile strength,690.0,MPa,Yield strength,585.0,MPa,Ductility,15.0,%,0.0,0.0,0.44,0.0,0.0,0.0,0.0,0.0,0.0,0.0,0.04,0.285,0.0,0.0,0.0,0.0,0.0,1.5,97.735,0.0,0.0,0.0,0.0,0.0,0.0,0.0,0.0,0.0,0.0,0.0,0.0,0.0,0.0,0.0,0.0,0.0,,,"Cold Drawn, High Temperature, Stress Relieved, 22-32 mm (0.875-1.25 In) Round","Cold Drawn, High Temperature, Stress Relieved, 22-32 mm (0.875-1.25 In) Round",2032,0,Carburized – quenched (oil) – wear-resistant surface steel,0
,,,1,Steel database with labelled clusters,,,AISI 6150H Steel,Ultimate tensile strength,972.0,MPa,Yield strength,896.0,MPa,Ductility,18.0,%,0.0,0.0,0.505,0.0,0.0,0.0,0.0,0.0,0.0,0.2249999999999999,0.035,0.04,0.0,0.0,0.0,0.15,0.975,0.8,97.27,0.0,0.0,0.0,0.0,0.0,0.0,0.0,0.0,0.0,0.0,0.0,0.0,0.0,0.0,0.0,0.0,0.0,,,"Oil Quenched 845C (1550F), 650C (1200F) Temper, 25 mm (1 In.) Round","Oil Quenched 845C (1550F), 650C (1200F) Temper, 25 mm (1 In.) Round",702,6,Quenched (oil) & tempered – high-strength structural steel,6
,,,1,Steel database with labelled clusters,,,AISI 8620H Steel,Ultimate tensile strength,1050.0,MPa,Yield strength,855.0,MPa,Ductility,17.0,%,0.0,0.0,0.205,0.0,0.0,0.0,0.0,0.0,0.0,0.25,0.035,0.04,0.0,0.0,0.0,0.0,0.5,0.7749999999999999,97.445,0.0,0.55,0.0,0.0,0.0,0.0,0.0,0.0,0.2,0.0,0.0,0.0,0.0,0.0,0.0,0.0,0.0,,,"Normalized, Machined To 25 mm, Pseudocarburized, Reheated To 845C, 150C Temper","Normalized, Machined To 25 mm, Pseudocarburized, Reheated To 845C, 150C Temper",789,0,Carburized – quenched (oil) – wear-resistant surface steel,0
,,,1,Steel database with labelled clusters,,,AISI 1025 Steel,Ultimate tensile strength,450.0,MPa,Yield strength,310.0,MPa,Ductility,20.0,%,0.0,0.0,0.25,0.0,0.0,0.0,0.0,0.0,0.0,0.0,0.04,0.05,0.0,0.0,0.0,0.0,0.0,0.4499999999999999,99.21,0.0,0.0,0.0,0.0,0.0,0.0,0.0,0.0,0.0,0.0,0.0,0.0,0.0,0.0,0.0,0.0,0.0,,,"Cold Drawn, High Temperature, Stress Relieved, 16-22 mm (0.625-0.875 In) Round","Cold Drawn, High Temperature, Stress Relieved, 16-22 mm (0.625-0.875 In) Round",1536,0,Carburized – quenched (oil) – wear-resistant surface steel,0
,,,1,Steel database with labelled clusters,,,AISI 4320 Steel,Ultimate tensile strength,1505.0,MPa,Yield strength,1225.0,MPa,Ductility,13.0,%,0.0,0.0,0.195,0.0,0.0,0.0,0.0,0.0,0.0,0.2249999999999999,0.035,0.04,0.0,0.0,0.0,0.0,0.5,0.55,96.38,0.0,1.825,0.0,0.0,0.0,0.0,0.0,0.0,0.25,0.0,0.0,0.0,0.0,0.0,0.0,0.0,0.0,,,"Single Quenched And Tempered (Carburized 925C (1700F) For 8Hrs, Pot Cooled, Reheated To 830C (1525F), Quenched In Agitated Oil, 150C (300F) Temper)","Single Quenched And Tempered (Carburized 925C (1700F) For 8Hrs, Pot Cooled, Reheated To 830C (1525F), Quenched In Agitated Oil, 150C (300F) Temper)",312,5,Carburized – quenched (oil) – wear-resistant surface steel (variant),5
,,,1,Steel database with labelled clusters,,,ASTM A517 Low Alloy Steel,Ultimate tensile strength,795.0,MPa,Yield strength,690.0,MPa,Ductility,16.0,%,0.0,0.00325,0.15,0.0,0.0,0.0,0.0,0.0,0.0,0.25,0.04,0.04,0.0,0.0,0.0,0.0,0.525,0.8,96.84175,0.0,0.85,0.0,0.0,0.0,0.0,0.0,0.0,0.5,0.0,0.0,0.0,0.0,0.0,0.0,0.0,0.0,,,Grade F,Grade F,1297,1,Hot rolled – general construction steel,1
,,,1,Steel database with labelled clusters,,,AISI 4815 Steel,Ultimate tensile strength,1025.0,MPa,Yield strength,855.0,MPa,Ductility,15.0,%,0.0,0.0,0.155,0.0,0.0,0.0,0.0,0.0,0.0,0.2249999999999999,0.035,0.04,0.0,0.0,0.0,0.0,0.0,0.5,95.295,0.0,3.5,0.0,0.0,0.0,0.0,0.0,0.0,0.25,0.0,0.0,0.0,0.0,0.0,0.0,0.0,0.0,,,"Pseudocarburized, Reheated To 775C (1430F) And Oil Quenched, 150C (300F) Temper, 25 mm (1 In.) Round","Pseudocarburized, Reheated To 775C (1430F) And Oil Quenched, 150C (300F) Temper, 25 mm (1 In.) Round",406,0,Carburized – quenched (oil) – wear-resistant surface steel,0
,,,1,Steel database with labelled clusters,,,ASTM A678 Steel,Ultimate tensile strength,485.0,MPa,Yield strength,345.0,MPa,Ductility,22.0,%,0.0,0.0,0.16,0.0,0.0,0.0,0.0,0.0,0.0,0.325,0.04,0.05,0.0,0.0,0.0,0.0,0.25,1.2,97.37,0.0,0.25,0.275,0.0,0.0,0.0,0.0,0.0,0.08,0.0,0.0,0.0,0.0,0.0,0.0,0.0,0.0,,,Grade A,Grade A,1380,1,Hot rolled – general construction steel,1
,,,1,Steel database with labelled clusters,,,ASTM A514 Steel,Ultimate tensile strength,828.0,MPa,Yield strength,690.0,MPa,Ductility,18.0,%,0.0,0.0,0.175,0.0,0.0,0.0,0.0,0.0,0.0,0.25,0.035,0.04,0.0,0.0,0.0,0.055,1.25,1.125,95.22,0.0,1.35,0.0,0.0,0.0,0.0,0.0,0.0,0.5,0.0,0.0,0.0,0.0,0.0,0.0,0.0,0.0,,,"Grade Q, Plate Thickness 19 - 64 mm","Grade Q, Plate Thickness 19 - 64 mm",1111,11,plate – no special treatment – general-purpose steel,11
,,,1,Steel database with labelled clusters,,,AISI E4340 Steel,Ultimate tensile strength,924.0,MPa,Yield strength,786.0,MPa,Ductility,19.0,%,0.0,0.0,0.405,0.0,0.0,0.0,0.0,0.0,0.0,0.2249999999999999,0.025,0.02,0.0,0.0,0.0,0.0,0.8,0.75,95.7,0.0,1.825,0.0,0.0,0.0,0.0,0.0,0.0,0.25,0.0,0.0,0.0,0.0,0.0,0.0,0.0,0.0,,,"Oil Quenched 800C (1470F), 595C (1100F) Temper, 100 mm (4 In.) Round","Oil Quenched 800C (1470F), 595C (1100F) Temper, 100 mm (4 In.) Round",310,6,Quenched (oil) & tempered – high-strength structural steel,6
,,,1,Steel database with labelled clusters,,,AISI 4340 Steel,Ultimate tensile strength,745.0,MPa,Yield strength,470.0,MPa,Ductility,22.0,%,0.0,0.0,0.4,0.0,0.0,0.0,0.0,0.0,0.0,0.2249999999999999,0.035,0.04,0.0,0.0,0.0,0.0,0.8,0.7,95.725,0.0,1.825,0.0,0.0,0.0,0.0,0.0,0.0,0.25,0.0,0.0,0.0,0.0,0.0,0.0,0.0,0.0,,,"Annealed, 25 mm Round","Annealed, 25 mm Round",227,3,Normalized – easy-to-machine stock (cold drawn),3
,,,1,Steel database with labelled clusters,,,AISI 1040 Steel,Ultimate tensile strength,683.0,MPa,Yield strength,440.0,MPa,Ductility,24.0,%,0.0,0.0,0.405,0.0,0.0,0.0,0.0,0.0,0.0,0.0,0.04,0.05,0.0,0.0,0.0,0.0,0.0,0.75,98.755,0.0,0.0,0.0,0.0,0.0,0.0,0.0,0.0,0.0,0.0,0.0,0.0,0.0,0.0,0.0,0.0,0.0,,,"Water Quenched From 845C (1550F), 540C (1000F) Temper, 100 mm (4 In.) Round","Water Quenched From 845C (1550F), 540C (1000F) Temper, 100 mm (4 In.) Round",1676,10,Quenched (water) & tempered – high-strength structural steel,10
,,,1,Steel database with labelled clusters,,,ASTM A387 Alloy Steel,Ultimate tensile strength,415.0,MPa,Yield strength,205.0,MPa,Ductility,18.0,%,0.0,0.0,0.15,0.0,0.0,0.0,0.0,0.0,0.0,1.0,0.03,0.03,0.0,0.0,0.0,0.0,9.0,0.4499999999999999,88.34,0.0,0.0,0.0,0.0,0.0,0.0,0.0,0.0,1.0,0.0,0.0,0.0,0.0,0.0,0.0,0.0,0.0,,,"Grade 9, Class 1","Grade 9, Class 1",1137,1,Hot rolled – general construction steel,1
,,,1,Steel database with labelled clusters,,,AISI 1021 Steel,Ultimate tensile strength,486.0,MPa,Yield strength,365.0,MPa,Ductility,35.0,%,0.0,0.0,0.2,0.0,0.0,0.0,0.0,0.0,0.0,0.0,0.04,0.05,0.0,0.0,0.0,0.0,0.0,0.75,98.96,0.0,0.0,0.0,0.0,0.0,0.0,0.0,0.0,0.0,0.0,0.0,0.0,0.0,0.0,0.0,0.0,0.0,,,"Normalized At 925C (1700F), Air Cooled, 13 mm (0.5 In.) Round","Normalized At 925C (1700F), Air Cooled, 13 mm (0.5 In.) Round",1510,4,Normalized (air cooled) – general-purpose steel,4
,,,1,Steel database with labelled clusters,,,AISI 8630 Steel,Ultimate tensile strength,924.0,MPa,Yield strength,910.0,MPa,Ductility,19.0,%,0.0,0.0,0.305,0.0,0.0,0.0,0.0,0.0,0.0,0.2249999999999999,0.035,0.04,0.0,0.0,0.0,0.0,0.5,0.8,97.345,0.0,0.55,0.0,0.0,0.0,0.0,0.0,0.0,0.2,0.0,0.0,0.0,0.0,0.0,0.0,0.0,0.0,,,"Water Quenched 845C (1550F), 595C (1100F) Temper, 13 mm (0.5 In.) Round","Water Quenched 845C (1550F), 595C (1100F) Temper, 13 mm (0.5 In.) Round",783,10,Quenched (water) & tempered – high-strength structural steel,10
,,,1,Steel database with labelled clusters,,,AISI 8630H Steel,Ultimate tensile strength,1050.0,MPa,Yield strength,1035.0,MPa,Ductility,16.0,%,0.0,0.0,0.3,0.0,0.0,0.0,0.0,0.0,0.0,0.2249999999999999,0.035,0.04,0.0,0.0,0.0,0.0,0.5,0.8,97.35,0.0,0.55,0.0,0.0,0.0,0.0,0.0,0.0,0.2,0.0,0.0,0.0,0.0,0.0,0.0,0.0,0.0,,,"Water Quenched 845C (1550F), 480C (900F) Temper, 13 mm (0.5 In.) Round","Water Quenched 845C (1550F), 480C (900F) Temper, 13 mm (0.5 In.) Round",788,10,Quenched (water) & tempered – high-strength structural steel,10
,,,1,Steel database with labelled clusters,,,AISI 4130 Steel,Ultimate tensile strength,883.0,MPa,Yield strength,779.0,MPa,Ductility,21.0,%,0.0,0.0,0.305,0.0,0.0,0.0,0.0,0.0,0.0,0.2249999999999999,0.035,0.04,0.0,0.0,0.0,0.0,0.95,0.5,97.745,0.0,0.0,0.0,0.0,0.0,0.0,0.0,0.0,0.2,0.0,0.0,0.0,0.0,0.0,0.0,0.0,0.0,,,"Water Quenched 855C (1570F), 595C (1100F) Temper, 25 mm (1 In.) Round","Water Quenched 855C (1570F), 595C (1100F) Temper, 25 mm (1 In.) Round",149,10,Quenched (water) & tempered – high-strength structural steel,10
,,,1,Steel database with labelled clusters,,,AISI 5160H Steel,Ultimate tensile strength,889.0,MPa,Yield strength,615.0,MPa,Ductility,21.0,%,0.0,0.0,0.6000000000000001,0.0,0.0,0.0,0.0,0.0,0.0,0.2249999999999999,0.035,0.04,0.0,0.0,0.0,0.0,0.8,0.875,97.425,0.0,0.0,0.0,0.0,0.0,0.0,0.0,0.0,0.0,0.0,0.0,0.0,0.0,0.0,0.0,0.0,0.0,,,"Oil Quenched From 830C (1525F), 595C (1100F) Temper, 100 mm (4 In.) Round","Oil Quenched From 830C (1525F), 595C (1100F) Temper, 100 mm (4 In.) Round",591,6,Quenched (oil) & tempered – high-strength structural steel,6
,,,1,Steel database with labelled clusters,,,AISI 5160H Steel,Ultimate tensile strength,1060.0,MPa,Yield strength,703.0,MPa,Ductility,17.0,%,0.0,0.0,0.6000000000000001,0.0,0.0,0.0,0.0,0.0,0.0,0.2249999999999999,0.035,0.04,0.0,0.0,0.0,0.0,0.8,0.875,97.425,0.0,0.0,0.0,0.0,0.0,0.0,0.0,0.0,0.0,0.0,0.0,0.0,0.0,0.0,0.0,0.0,0.0,,,"Oil Quenched From 830C (1525F), 540C (1000F) Temper, 50 mm (2 In.) Round","Oil Quenched From 830C (1525F), 540C (1000F) Temper, 50 mm (2 In.) Round",678,6,Quenched (oil) & tempered – high-strength structural steel,6
,,,1,Steel database with labelled clusters,,,AISI 1141 Steel,Ultimate tensile strength,724.0,MPa,Yield strength,600.0,MPa,Ductility,23.0,%,0.0,0.0,0.41,0.0,0.0,0.0,0.0,0.0,0.0,0.0,0.04,0.105,0.0,0.0,0.0,0.0,0.0,1.5,97.945,0.0,0.0,0.0,0.0,0.0,0.0,0.0,0.0,0.0,0.0,0.0,0.0,0.0,0.0,0.0,0.0,0.0,,,"Oil Quenched From 815C, 650C (1200F) Temper, 13 mm (0.5 In.) Round","Oil Quenched From 815C, 650C (1200F) Temper, 13 mm (0.5 In.) Round",1817,6,Quenched (oil) & tempered – high-strength structural steel,6
,,,1,Steel database with labelled clusters,,,AISI 8630 Steel,Ultimate tensile strength,655.0,MPa,Yield strength,425.0,MPa,Ductility,25.0,%,0.0,0.0,0.305,0.0,0.0,0.0,0.0,0.0,0.0,0.2249999999999999,0.035,0.04,0.0,0.0,0.0,0.0,0.5,0.8,97.345,0.0,0.55,0.0,0.0,0.0,0.0,0.0,0.0,0.2,0.0,0.0,0.0,0.0,0.0,0.0,0.0,0.0,,,"Normalized, 13 mm (0.5 In.) Round","Normalized, 13 mm (0.5 In.) Round",775,9,Normalized – general-purpose steel (round normalized stock),9
,,,1,Steel database with labelled clusters,,,ASTM A709 Steel,Ultimate tensile strength,450.0,MPa,Yield strength,345.0,MPa,Ductility,18.0,%,0.0,0.0,0.23,0.0,0.0,0.0,0.0,0.0,0.0,0.0,0.04,0.05,0.0,0.0,0.0,0.0,0.0,1.35,98.33,0.0,0.0,0.0,0.0,0.0,0.0,0.0,0.0,0.0,0.0,0.0,0.0,0.0,0.0,0.0,0.0,0.0,,,Grade 50,Grade 50,1397,1,Hot rolled – general construction steel,1
,,,1,Steel database with labelled clusters,,,AISI 5140 Steel,Ultimate tensile strength,896.0,MPa,Yield strength,779.0,MPa,Ductility,20.0,%,0.0,0.0,0.405,0.0,0.0,0.0,0.0,0.0,0.0,0.2249999999999999,0.035,0.04,0.0,0.0,0.0,0.0,0.8,0.8,97.695,0.0,0.0,0.0,0.0,0.0,0.0,0.0,0.0,0.0,0.0,0.0,0.0,0.0,0.0,0.0,0.0,0.0,,,"Oil Quenched 845C (1550F), 595C (1100F) Temper, 13 mm (0.5 In.) Round","Oil Quenched 845C (1550F), 595C (1100F) Temper, 13 mm (0.5 In.) Round",558,6,Quenched (oil) & tempered – high-strength structural steel,6
,,,1,Steel database with labelled clusters,,,AISI 8620H Steel,Ultimate tensile strength,540.0,MPa,Yield strength,385.0,MPa,Ductility,31.0,%,0.0,0.0,0.205,0.0,0.0,0.0,0.0,0.0,0.0,0.25,0.035,0.04,0.0,0.0,0.0,0.0,0.5,0.7749999999999999,97.445,0.0,0.55,0.0,0.0,0.0,0.0,0.0,0.0,0.2,0.0,0.0,0.0,0.0,0.0,0.0,0.0,0.0,,,Annealed 25 mm (1 In.) Round,Annealed 25 mm (1 In.) Round,716,3,Normalized – easy-to-machine stock (cold drawn),3
,,,1,Steel database with labelled clusters,,,Cast Stainless Steel CA15M,Ultimate tensile strength,620.0,MPa,Yield strength,450.0,MPa,Ductility,18.0,%,0.0,0.0,0.15,0.0,0.0,0.0,0.0,0.0,0.0,0.65,0.04,0.04,0.0,0.0,0.0,0.0,12.75,1.0,83.795,0.0,1.0,0.0,0.0,0.0,0.0,0.0,0.0,0.575,0.0,0.0,0.0,0.0,0.0,0.0,0.0,0.0,,,Astm A743,Astm A743,1171,2,Quenched (oil) – general-purpose steel (tested),2
,,,1,Steel database with labelled clusters,,,Cast Stainless Steel CF8M,Ultimate tensile strength,485.0,MPa,Yield strength,205.0,MPa,Ductility,30.0,%,0.0,0.0,0.08,0.0,0.0,0.0,0.0,0.0,0.0,2.0,0.04,0.04,0.0,0.0,0.0,0.0,19.5,1.5,63.84,0.0,10.5,0.0,0.0,0.0,0.0,0.0,0.0,2.5,0.0,0.0,0.0,0.0,0.0,0.0,0.0,0.0,,,Astm A744,Astm A744,1324,2,Quenched (oil) – general-purpose steel (tested),2
,,,1,Steel database with labelled clusters,,,ASTM A387 Alloy Steel,Ultimate tensile strength,585.0,MPa,Yield strength,415.0,MPa,Ductility,18.0,%,0.0,0.0,0.1,0.05,0.0,0.0,0.0,0.0,0.04,0.35,0.02,0.01,0.0,0.0,0.0,0.215,8.75,0.4499999999999999,88.58500000000001,0.0,0.4,0.0,0.0,0.0,0.0,0.0,0.08,0.95,0.0,0.0,0.0,0.0,0.0,0.0,0.0,0.0,,,Grade 91,Grade 91,1130,1,Hot rolled – general construction steel,1
,,,1,Steel database with labelled clusters,,,AISI 8650 Steel,Ultimate tensile strength,1060.0,MPa,Yield strength,986.0,MPa,Ductility,17.0,%,0.0,0.0,0.505,0.0,0.0,0.0,0.0,0.0,0.0,0.2249999999999999,0.035,0.045,0.0,0.0,0.0,0.0,0.5,0.875,97.065,0.0,0.55,0.0,0.0,0.0,0.0,0.0,0.0,0.2,0.0,0.0,0.0,0.0,0.0,0.0,0.0,0.0,,,"Oil Quenched 800C (1470F), 595C (1100F) Temper, 25 mm (1 In.) Round","Oil Quenched 800C (1470F), 595C (1100F) Temper, 25 mm (1 In.) Round",910,6,Quenched (oil) & tempered – high-strength structural steel,6
,,,1,Steel database with labelled clusters,,,AISI 4320 Steel,Ultimate tensile strength,1240.0,MPa,Yield strength,1020.0,MPa,Ductility,14.0,%,0.0,0.0,0.195,0.0,0.0,0.0,0.0,0.0,0.0,0.2249999999999999,0.035,0.04,0.0,0.0,0.0,0.0,0.5,0.55,96.38,0.0,1.825,0.0,0.0,0.0,0.0,0.0,0.0,0.25,0.0,0.0,0.0,0.0,0.0,0.0,0.0,0.0,,,"Normalized 925C (1700F) In 32 mm Rounds, Machined To 13.7 mm Rounds, Pseudocarburized 925C (1700F) For 8 Hrs., Oil Quenched, 150C (300F) Temper, Tested In 12.8 mm Rounds","Normalized 925C (1700F) In 32 mm Rounds, Machined To 13.7 mm Rounds, Pseudocarburized 925C (1700F) For 8 Hrs., Oil Quenched, 150C (300F) Temper, Tested In 12.8 mm Rounds",287,0,Carburized – quenched (oil) – wear-resistant surface steel,0
,,,1,Steel database with labelled clusters,,,AISI 1040 Steel,Ultimate tensile strength,581.0,MPa,Yield strength,365.0,MPa,Ductility,28.0,%,0.0,0.0,0.405,0.0,0.0,0.0,0.0,0.0,0.0,0.0,0.04,0.05,0.0,0.0,0.0,0.0,0.0,0.75,98.755,0.0,0.0,0.0,0.0,0.0,0.0,0.0,0.0,0.0,0.0,0.0,0.0,0.0,0.0,0.0,0.0,0.0,,,"Normalized At 900C (1650F), Air Cooled, 50 mm (2 In.) Round","Normalized At 900C (1650F), Air Cooled, 50 mm (2 In.) Round",1585,4,Normalized (air cooled) – general-purpose steel,4
,,,1,Steel database with labelled clusters,,,AISI 1023 Steel,Ultimate tensile strength,425.0,MPa,Yield strength,360.0,MPa,Ductility,15.0,%,0.0,0.0,0.22,0.0,0.0,0.0,0.0,0.0,0.0,0.0,0.04,0.05,0.0,0.0,0.0,0.0,0.0,0.4499999999999999,99.24,0.0,0.0,0.0,0.0,0.0,0.0,0.0,0.0,0.0,0.0,0.0,0.0,0.0,0.0,0.0,0.0,0.0,,,"Cold Drawn, 19-32 mm (0.75-1.25 In) Round","Cold Drawn, 19-32 mm (0.75-1.25 In) Round",1551,3,Normalized – easy-to-machine stock (cold drawn),3
,,,1,Steel database with labelled clusters,,,AISI E9310H Steel,Ultimate tensile strength,910.0,MPa,Yield strength,660.0,MPa,Ductility,20.0,%,0.0,0.0,0.1,0.0,0.0,0.0,0.0,0.0,0.0,0.2249999999999999,0.0,0.05,0.0,0.0,0.0,0.0,1.225,0.55,94.485,0.0,3.25,0.0,0.0,0.0,0.0,0.0,0.0,0.1149999999999999,0.0,0.0,0.0,0.0,0.0,0.0,0.0,0.0,,,"Mock Carburized, 790C (1450F) Reheat, 230C (450F) Temper, 100 mm (4 In.) Round","Mock Carburized, 790C (1450F) Reheat, 230C (450F) Temper, 100 mm (4 In.) Round",987,8,Carburized – quenched (oil) – wear-resistant surface steel (variant),8
,,,1,Steel database with labelled clusters,,,AISI 1040 Steel,Ultimate tensile strength,655.0,MPa,Yield strength,585.0,MPa,Ductility,12.0,%,0.0,0.0,0.405,0.0,0.0,0.0,0.0,0.0,0.0,0.0,0.04,0.05,0.0,0.0,0.0,0.0,0.0,0.75,98.755,0.0,0.0,0.0,0.0,0.0,0.0,0.0,0.0,0.0,0.0,0.0,0.0,0.0,0.0,0.0,0.0,0.0,,,"Cold Drawn, Low Temperature, Stress Relieved, 16-22 mm (0.625-0.875 In) Round","Cold Drawn, Low Temperature, Stress Relieved, 16-22 mm (0.625-0.875 In) Round",1617,0,Carburized – quenched (oil) – wear-resistant surface steel,0
,,,1,Steel database with labelled clusters,,,AISI 1021 Steel,Ultimate tensile strength,470.0,MPa,Yield strength,395.0,MPa,Ductility,15.0,%,0.0,0.0,0.2,0.0,0.0,0.0,0.0,0.0,0.0,0.0,0.04,0.05,0.0,0.0,0.0,0.0,0.0,0.75,98.96,0.0,0.0,0.0,0.0,0.0,0.0,0.0,0.0,0.0,0.0,0.0,0.0,0.0,0.0,0.0,0.0,0.0,,,Cold Drawn,Cold Drawn,1568,2,Quenched (oil) – general-purpose steel (tested),2
,,,1,Steel database with labelled clusters,,,AISI 8650 Steel,Ultimate tensile strength,1000.0,MPa,Yield strength,903.0,MPa,Ductility,20.0,%,0.0,0.0,0.505,0.0,0.0,0.0,0.0,0.0,0.0,0.2249999999999999,0.035,0.045,0.0,0.0,0.0,0.0,0.5,0.875,97.065,0.0,0.55,0.0,0.0,0.0,0.0,0.0,0.0,0.2,0.0,0.0,0.0,0.0,0.0,0.0,0.0,0.0,,,"Oil Quenched 800C (1470F), 595C (1100F) Temper, 50 mm (2 In.) Round","Oil Quenched 800C (1470F), 595C (1100F) Temper, 50 mm (2 In.) Round",1006,6,Quenched (oil) & tempered – high-strength structural steel,6
,,,1,Steel database with labelled clusters,,,AISI 1046 Steel,Ultimate tensile strength,585.0,MPa,Yield strength,325.0,MPa,Ductility,15.0,%,0.0,0.0,0.4599999999999999,0.0,0.0,0.0,0.0,0.0,0.0,0.0,0.04,0.05,0.0,0.0,0.0,0.0,0.0,0.85,98.6,0.0,0.0,0.0,0.0,0.0,0.0,0.0,0.0,0.0,0.0,0.0,0.0,0.0,0.0,0.0,0.0,0.0,,,"Hot Rolled, 19-32 mm (0.75-1.25 In) Round","Hot Rolled, 19-32 mm (0.75-1.25 In) Round",1567,3,Normalized – easy-to-machine stock (cold drawn),3
,,,1,Steel database with labelled clusters,,,AISI 8620H Steel,Ultimate tensile strength,1325.0,MPa,Yield strength,1035.0,MPa,Ductility,12.0,%,0.0,0.0,0.205,0.0,0.0,0.0,0.0,0.0,0.0,0.25,0.035,0.04,0.0,0.0,0.0,0.0,0.5,0.7749999999999999,97.445,0.0,0.55,0.0,0.0,0.0,0.0,0.0,0.0,0.2,0.0,0.0,0.0,0.0,0.0,0.0,0.0,0.0,,,"Quenched From Carburizing Box, 13 mm (0.5 In.) Round","Quenched From Carburizing Box, 13 mm (0.5 In.) Round",765,2,Quenched (oil) – general-purpose steel (tested),2
,,,1,Steel database with labelled clusters,,,AISI 1080 Steel,Ultimate tensile strength,1255.0,MPa,Yield strength,772.0,MPa,Ductility,13.0,%,0.0,0.0,0.815,0.0,0.0,0.0,0.0,0.0,0.0,0.0,0.04,0.05,0.0,0.0,0.0,0.0,0.0,0.75,98.345,0.0,0.0,0.0,0.0,0.0,0.0,0.0,0.0,0.0,0.0,0.0,0.0,0.0,0.0,0.0,0.0,0.0,,,"Oil Quenched From 815C (1500F), 480C (900F) Temper, 25 mm (1 In.) Round","Oil Quenched From 815C (1500F), 480C (900F) Temper, 25 mm (1 In.) Round",1705,6,Quenched (oil) & tempered – high-strength structural steel,6
,,,1,Steel database with labelled clusters,,,AISI 1080 Steel,Ultimate tensile strength,615.0,MPa,Yield strength,380.0,MPa,Ductility,25.0,%,0.0,0.0,0.815,0.0,0.0,0.0,0.0,0.0,0.0,0.0,0.04,0.05,0.0,0.0,0.0,0.0,0.0,0.75,98.345,0.0,0.0,0.0,0.0,0.0,0.0,0.0,0.0,0.0,0.0,0.0,0.0,0.0,0.0,0.0,0.0,0.0,,,Annealed At 790C (1450F),Annealed At 790C (1450F),1864,7,Annealed – easy-to-machine – round annealed stock,7
,,,1,Steel database with labelled clusters,,,AISI 9840 Steel,Ultimate tensile strength,1240.0,MPa,Yield strength,1105.0,MPa,Ductility,15.0,%,0.0,0.0,0.405,0.0,0.0,0.0,0.0,0.0,0.0,0.2249999999999999,0.035,0.04,0.0,0.0,0.0,0.0,0.8,0.8,96.445,0.0,1.0,0.0,0.0,0.0,0.0,0.0,0.0,0.25,0.0,0.0,0.0,0.0,0.0,0.0,0.0,0.0,,,"540C (1000F) Temper, 25 mm (1 In.) Round","540C (1000F) Temper, 25 mm (1 In.) Round",1011,0,Carburized – quenched (oil) – wear-resistant surface steel,0
,,,1,Steel database with labelled clusters,,,ASTM A514 Steel,Ultimate tensile strength,690.0,MPa,Yield strength,620.0,MPa,Ductility,16.0,%,0.0,0.003,0.16,0.0,0.0,0.0,0.0,0.0,0.0,0.3,0.04,0.04,0.0,0.0,0.055,0.0,1.7,0.55,96.652,0.0,0.0,0.0,0.0,0.0,0.0,0.0,0.0,0.5,0.0,0.0,0.0,0.0,0.0,0.0,0.0,0.0,,,"Grade E, Plate Thickness 64 - 150 mm","Grade E, Plate Thickness 64 - 150 mm",1334,11,plate – no special treatment – general-purpose steel,11
,,,1,Steel database with labelled clusters,,,ASTM A656 Steel,Ultimate tensile strength,655.0,MPa,Yield strength,550.0,MPa,Ductility,12.0,%,0.0,0.0,0.15,0.0,0.0,0.0,0.0,0.0,0.01,0.1,0.04,0.05,0.0,0.0,0.5,0.0,0.0,0.9,98.25,0.0,0.0,0.0,0.0,0.0,0.0,0.0,0.0,0.0,0.0,0.0,0.0,0.0,0.0,0.0,0.0,0.0,,,Grade 2,Grade 2,1423,1,Hot rolled – general construction steel,1
,,,1,Steel database with labelled clusters,,,AISI 8620 Steel,Ultimate tensile strength,1040.0,MPa,Yield strength,848.0,MPa,Ductility,15.0,%,0.0,0.0,0.205,0.0,0.0,0.0,0.0,0.0,0.0,0.25,0.035,0.04,0.0,0.0,0.0,0.0,0.5,0.8,97.42,0.0,0.55,0.0,0.0,0.0,0.0,0.0,0.0,0.2,0.0,0.0,0.0,0.0,0.0,0.0,0.0,0.0,,,"Normalized, Machined To 13.7 mm, Pseudocarburized, Reheated To 800C, 150C Temper","Normalized, Machined To 13.7 mm, Pseudocarburized, Reheated To 800C, 150C Temper",757,0,Carburized – quenched (oil) – wear-resistant surface steel,0
,,,1,Steel database with labelled clusters,,,ASTM A442 Carbon Steel,Ultimate tensile strength,415.0,MPa,Yield strength,220.0,MPa,Ductility,20.0,%,0.0,0.0,0.27,0.0,0.0,0.0,0.0,0.0,0.0,0.275,0.04,0.04,0.0,0.0,0.0,0.0,0.0,0.95,98.425,0.0,0.0,0.0,0.0,0.0,0.0,0.0,0.0,0.0,0.0,0.0,0.0,0.0,0.0,0.0,0.0,0.0,,,Grade 60,Grade 60,1403,1,Hot rolled – general construction steel,1
,,,1,Steel database with labelled clusters,,,AISI Type S1 Tool Steel,Ultimate tensile strength,2080.0,MPa,Yield strength,1800.0,MPa,Ductility,10.0,%,0.0,0.0,0.475,0.0,0.0,0.0,0.0,0.0,0.0,0.68,0.03,0.03,0.0,0.0,0.0,0.23,1.4,0.25,96.405,0.0,0.0,0.0,0.0,0.0,0.0,0.0,0.0,0.5,0.0,0.0,0.0,0.0,0.0,0.0,0.0,0.0,,,"Quenched 955C (1750F), Tempered 250C (500F)","Quenched 955C (1750F), Tempered 250C (500F)",1125,5,Carburized – quenched (oil) – wear-resistant surface steel (variant),5
,,,1,Steel database with labelled clusters,,,AISI 4820 Steel,Ultimate tensile strength,1328.0,MPa,Yield strength,920.0,MPa,Ductility,13.0,%,0.0,0.0,0.205,0.0,0.0,0.0,0.0,0.0,0.0,0.2249999999999999,0.035,0.04,0.0,0.0,0.0,0.0,0.0,0.6,95.145,0.0,3.5,0.0,0.0,0.0,0.0,0.0,0.0,0.25,0.0,0.0,0.0,0.0,0.0,0.0,0.0,0.0,,,"Heat Treated, Machined To 13.7 mm, Pseudocarburized, Reheated To 755C (1390F), 150C (300F) Temper","Heat Treated, Machined To 13.7 mm, Pseudocarburized, Reheated To 755C (1390F), 150C (300F) Temper",494,0,Carburized – quenched (oil) – wear-resistant surface steel,0
,,,1,Steel database with labelled clusters,,,ASTM A533 Low Alloy Steel,Ultimate tensile strength,690.0,MPa,Yield strength,570.0,MPa,Ductility,16.0,%,0.0,0.0,0.25,0.0,0.0,0.0,0.0,0.0,0.0,0.275,0.04,0.04,0.0,0.0,0.0,0.0,0.0,1.325,96.995,0.0,0.55,0.0,0.0,0.0,0.0,0.0,0.0,0.525,0.0,0.0,0.0,0.0,0.0,0.0,0.0,0.0,,,"Grade B, Class 3","Grade B, Class 3",1295,1,Hot rolled – general construction steel,1
,,,1,Steel database with labelled clusters,,,AISI 4320 Steel,Ultimate tensile strength,580.0,MPa,Yield strength,425.0,MPa,Ductility,29.0,%,0.0,0.0,0.195,0.0,0.0,0.0,0.0,0.0,0.0,0.2249999999999999,0.035,0.04,0.0,0.0,0.0,0.0,0.5,0.55,96.38,0.0,1.825,0.0,0.0,0.0,0.0,0.0,0.0,0.25,0.0,0.0,0.0,0.0,0.0,0.0,0.0,0.0,,,Annealed At 850C (1560F),Annealed At 850C (1560F),278,7,Annealed – easy-to-machine – round annealed stock,7
,,,1,Steel database with labelled clusters,,,AISI 1060 Steel,Ultimate tensile strength,910.0,MPa,Yield strength,569.0,MPa,Ductility,20.0,%,0.0,0.0,0.605,0.0,0.0,0.0,0.0,0.0,0.0,0.0,0.04,0.05,0.0,0.0,0.0,0.0,0.0,0.75,98.555,0.0,0.0,0.0,0.0,0.0,0.0,0.0,0.0,0.0,0.0,0.0,0.0,0.0,0.0,0.0,0.0,0.0,,,"Oil Quenched 845C (1550F), 595C (1100F) Temper, 13 mm (0.5 In.) Round","Oil Quenched 845C (1550F), 595C (1100F) Temper, 13 mm (0.5 In.) Round",1819,6,Quenched (oil) & tempered – high-strength structural steel,6
,,,1,Steel database with labelled clusters,,,AISI 4620H Steel,Ultimate tensile strength,675.0,MPa,Yield strength,460.0,MPa,Ductility,25.0,%,0.0,0.0,0.2,0.0,0.0,0.0,0.0,0.0,0.0,0.25,0.035,0.04,0.0,0.0,0.0,0.0,0.0,0.55,96.9,0.0,1.775,0.0,0.0,0.0,0.0,0.0,0.0,0.25,0.0,0.0,0.0,0.0,0.0,0.0,0.0,0.0,,,"Mock Carburized, 150C (300F) Temper, 25 mm (1 In.) Round","Mock Carburized, 150C (300F) Temper, 25 mm (1 In.) Round",359,8,Carburized – quenched (oil) – wear-resistant surface steel (variant),8
,,,1,Steel database with labelled clusters,,,AISI E9310 Steel,Ultimate tensile strength,910.0,MPa,Yield strength,660.0,MPa,Ductility,20.0,%,0.0,0.0,0.105,0.0,0.0,0.0,0.0,0.0,0.0,0.275,0.025,0.025,0.0,0.0,0.0,0.0,1.2,0.55,94.455,0.0,3.25,0.0,0.0,0.0,0.0,0.0,0.0,0.1149999999999999,0.0,0.0,0.0,0.0,0.0,0.0,0.0,0.0,,,"Mock Carburized, 790C (1450F) Reheat, 230C (450F) Temper, 100 mm (4 In.) Round","Mock Carburized, 790C (1450F) Reheat, 230C (450F) Temper, 100 mm (4 In.) Round",1079,8,Carburized – quenched (oil) – wear-resistant surface steel (variant),8
,,,1,Steel database with labelled clusters,,,AISI 4320 Steel,Ultimate tensile strength,1495.0,MPa,Yield strength,1105.0,MPa,Ductility,13.0,%,0.0,0.0,0.195,0.0,0.0,0.0,0.0,0.0,0.0,0.2249999999999999,0.035,0.04,0.0,0.0,0.0,0.0,0.5,0.55,96.38,0.0,1.825,0.0,0.0,0.0,0.0,0.0,0.0,0.25,0.0,0.0,0.0,0.0,0.0,0.0,0.0,0.0,,,"Direct Quench From Pot (Carburized 925C (1700F) For 8 Hrs., Quenched In Agitated Oil, 150C (300F) Temper), 1.5 mm Case Depth","Direct Quench From Pot (Carburized 925C (1700F) For 8 Hrs., Quenched In Agitated Oil, 150C (300F) Temper), 1.5 mm Case Depth",237,5,Carburized – quenched (oil) – wear-resistant surface steel (variant),5
,,,1,Steel database with labelled clusters,,,AISI 5140H Steel,Ultimate tensile strength,793.0,MPa,Yield strength,470.0,MPa,Ductility,22.0,%,0.0,0.0,0.405,0.0,0.0,0.0,0.0,0.0,0.0,0.2249999999999999,0.035,0.04,0.0,0.0,0.0,0.0,0.8,0.8,97.695,0.0,0.0,0.0,0.0,0.0,0.0,0.0,0.0,0.0,0.0,0.0,0.0,0.0,0.0,0.0,0.0,0.0,,,"Normalized, 25 mm (1 In.) Round","Normalized, 25 mm (1 In.) Round",552,9,Normalized – general-purpose steel (round normalized stock),9
,,,1,Steel database with labelled clusters,,,AISI 1144 Steel,Ultimate tensile strength,710.0,MPa,Yield strength,470.0,MPa,Ductility,21.0,%,0.0,0.0,0.44,0.0,0.0,0.0,0.0,0.0,0.0,0.0,0.04,0.285,0.0,0.0,0.0,0.0,0.0,1.5,97.735,0.0,0.0,0.0,0.0,0.0,0.0,0.0,0.0,0.0,0.0,0.0,0.0,0.0,0.0,0.0,0.0,0.0,,,"Oil Quenched 845C (1550F), 595C (1100F) Temper, 25 mm (1 In.) Round","Oil Quenched 845C (1550F), 595C (1100F) Temper, 25 mm (1 In.) Round",1840,6,Quenched (oil) & tempered – high-strength structural steel,6
,,,1,Steel database with labelled clusters,,,AISI E9310H Steel,Ultimate tensile strength,1000.0,MPa,Yield strength,745.0,MPa,Ductility,18.0,%,0.0,0.0,0.1,0.0,0.0,0.0,0.0,0.0,0.0,0.2249999999999999,0.0,0.05,0.0,0.0,0.0,0.0,1.225,0.55,94.485,0.0,3.25,0.0,0.0,0.0,0.0,0.0,0.0,0.1149999999999999,0.0,0.0,0.0,0.0,0.0,0.0,0.0,0.0,,,"Mock Carburized, 790C (1450F) Reheat, 150C (300F) Temper, 50 mm (2 In.) Round","Mock Carburized, 790C (1450F) Reheat, 150C (300F) Temper, 50 mm (2 In.) Round",1084,8,Carburized – quenched (oil) – wear-resistant surface steel (variant),8
,,,1,Steel database with labelled clusters,,,AISI 4140 Steel,Ultimate tensile strength,1965.0,MPa,Yield strength,1735.0,MPa,Ductility,11.0,%,0.0,0.0,0.405,0.0,0.0,0.0,0.0,0.0,0.0,0.2249999999999999,0.035,0.04,0.0,0.0,0.0,0.0,0.95,0.875,97.27,0.0,0.0,0.0,0.0,0.0,0.0,0.0,0.0,0.2,0.0,0.0,0.0,0.0,0.0,0.0,0.0,0.0,,,"Normalized At 870C (1600F), Reheated To 845C (1550F), Oil Quenched, 205C (400F) Temper, 25 mm (1 In.) Round","Normalized At 870C (1600F), Reheated To 845C (1550F), Oil Quenched, 205C (400F) Temper, 25 mm (1 In.) Round",209,0,Carburized – quenched (oil) – wear-resistant surface steel,0
,,,1,Steel database with labelled clusters,,,ASTM A572 Steel,Ultimate tensile strength,415.0,MPa,Yield strength,290.0,MPa,Ductility,20.0,%,0.0,0.0,0.21,0.0,0.0,0.0,0.0,0.0,0.0,0.4,0.04,0.05,0.0,0.0,0.0,0.0,0.0,1.35,97.95,0.0,0.0,0.0,0.0,0.0,0.0,0.0,0.0,0.0,0.0,0.0,0.0,0.0,0.0,0.0,0.0,0.0,,,Grade 42,Grade 42,1366,1,Hot rolled – general construction steel,1
,,,1,Steel database with labelled clusters,,,AISI 1015 Steel,Ultimate tensile strength,385.0,MPa,Yield strength,284.0,MPa,Ductility,37.0,%,0.0,0.0,0.155,0.0,0.0,0.0,0.0,0.0,0.0,0.0,0.04,0.05,0.0,0.0,0.0,0.0,0.0,0.4499999999999999,99.305,0.0,0.0,0.0,0.0,0.0,0.0,0.0,0.0,0.0,0.0,0.0,0.0,0.0,0.0,0.0,0.0,0.0,,,"Annealed At 870C (1600F), Furnace Cooled 17C (31F) Per Hour To 725C (1340F), Air Cooled, 25 mm (1 In.) Round","Annealed At 870C (1600F), Furnace Cooled 17C (31F) Per Hour To 725C (1340F), Air Cooled, 25 mm (1 In.) Round",1540,7,Annealed – easy-to-machine – round annealed stock,7
,,,1,Steel database with labelled clusters,,,AISI 4140H Steel,Ultimate tensile strength,1090.0,MPa,Yield strength,1025.0,MPa,Ductility,18.0,%,0.0,0.0,0.405,0.0,0.0,0.0,0.0,0.0,0.0,0.2249999999999999,0.035,0.04,0.0,0.0,0.0,0.0,0.975,0.875,97.22,0.0,0.0,0.0,0.0,0.0,0.0,0.0,0.0,0.2249999999999999,0.0,0.0,0.0,0.0,0.0,0.0,0.0,0.0,,,"Oil Quenched 845C (1550F), 595C (1100F) Temper, 13 mm (0.5 In.) Round","Oil Quenched 845C (1550F), 595C (1100F) Temper, 13 mm (0.5 In.) Round",59,6,Quenched (oil) & tempered – high-strength structural steel,6
,,,1,Steel database with labelled clusters,,,AISI 1039 Steel,Ultimate tensile strength,605.0,MPa,Yield strength,510.0,MPa,Ductility,12.0,%,0.0,0.0,0.4,0.0,0.0,0.0,0.0,0.0,0.0,0.0,0.04,0.05,0.0,0.0,0.0,0.0,0.0,0.85,98.66,0.0,0.0,0.0,0.0,0.0,0.0,0.0,0.0,0.0,0.0,0.0,0.0,0.0,0.0,0.0,0.0,0.0,,,"Cold Drawn, 19-32 mm (0.75-1.25 In) Round","Cold Drawn, 19-32 mm (0.75-1.25 In) Round",1565,3,Normalized – easy-to-machine stock (cold drawn),3
,,,1,Steel database with labelled clusters,,,AISI 1144 Steel,Ultimate tensile strength,675.0,MPa,Yield strength,415.0,MPa,Ductility,24.0,%,0.0,0.0,0.44,0.0,0.0,0.0,0.0,0.0,0.0,0.0,0.04,0.285,0.0,0.0,0.0,0.0,0.0,1.5,97.735,0.0,0.0,0.0,0.0,0.0,0.0,0.0,0.0,0.0,0.0,0.0,0.0,0.0,0.0,0.0,0.0,0.0,,,"Normalized At 900C (1650F), Air Cooled, 13 mm (0.5 In.) Round","Normalized At 900C (1650F), Air Cooled, 13 mm (0.5 In.) Round",1832,4,Normalized (air cooled) – general-purpose steel,4
,,,1,Steel database with labelled clusters,,,AISI 1065 Steel,Ultimate tensile strength,635.0,MPa,Yield strength,490.0,MPa,Ductility,10.0,%,0.0,0.0,0.6499999999999999,0.0,0.0,0.0,0.0,0.0,0.0,0.0,0.04,0.05,0.0,0.0,0.0,0.0,0.0,0.75,98.51,0.0,0.0,0.0,0.0,0.0,0.0,0.0,0.0,0.0,0.0,0.0,0.0,0.0,0.0,0.0,0.0,0.0,,,"Cold Drawn, Spheroidized, Annealed, 19-32 mm (0.75-1.25 In) Round","Cold Drawn, Spheroidized, Annealed, 19-32 mm (0.75-1.25 In) Round",1719,3,Normalized – easy-to-machine stock (cold drawn),3
,,,1,Steel database with labelled clusters,,,AISI 4427 Steel,Ultimate tensile strength,1076.0,MPa,Yield strength,670.0,MPa,Ductility,14.0,%,0.0,0.0,0.265,0.0,0.0,0.0,0.0,0.0,0.0,0.2249999999999999,0.035,0.04,0.0,0.0,0.0,0.0,0.0,0.8,98.235,0.0,0.0,0.0,0.0,0.0,0.0,0.0,0.0,0.4,0.0,0.0,0.0,0.0,0.0,0.0,0.0,0.0,,,"Heat Treated In 25 mm Rounds, Oil Quenched, 150C (300F) Temper","Heat Treated In 25 mm Rounds, Oil Quenched, 150C (300F) Temper",364,0,Carburized – quenched (oil) – wear-resistant surface steel,0
,,,1,Steel database with labelled clusters,,,AISI 4820 Steel,Ultimate tensile strength,1355.0,MPa,Yield strength,1182.0,MPa,Ductility,13.0,%,0.0,0.0,0.205,0.0,0.0,0.0,0.0,0.0,0.0,0.2249999999999999,0.035,0.04,0.0,0.0,0.0,0.0,0.0,0.6,95.145,0.0,3.5,0.0,0.0,0.0,0.0,0.0,0.0,0.25,0.0,0.0,0.0,0.0,0.0,0.0,0.0,0.0,,,"Double Quenched And Tempered (230C (450F)), 1.2 mm Case Depth","Double Quenched And Tempered (230C (450F)), 1.2 mm Case Depth",506,5,Carburized – quenched (oil) – wear-resistant surface steel (variant),5
,,,1,Steel database with labelled clusters,,,AISI 51B60H Steel,Ultimate tensile strength,889.0,MPa,Yield strength,765.0,MPa,Ductility,20.0,%,0.0,0.00175,0.6000000000000001,0.0,0.0,0.0,0.0,0.0,0.0,0.2249999999999999,0.035,0.04,0.0,0.0,0.0,0.0,0.8,0.875,97.42325,0.0,0.0,0.0,0.0,0.0,0.0,0.0,0.0,0.0,0.0,0.0,0.0,0.0,0.0,0.0,0.0,0.0,,,"Oil Quenched From 830C (1525F), 650C (1200F) Temper, 25 mm (1 In.) Round","Oil Quenched From 830C (1525F), 650C (1200F) Temper, 25 mm (1 In.) Round",638,6,Quenched (oil) & tempered – high-strength structural steel,6
,,,1,Steel database with labelled clusters,,,AISI 1340 Steel,Ultimate tensile strength,752.0,MPa,Yield strength,565.0,MPa,Ductility,24.0,%,0.0,0.0,0.405,0.0,0.0,0.0,0.0,0.0,0.0,0.25,0.035,0.04,0.0,0.0,0.0,0.0,0.0,1.75,97.52,0.0,0.0,0.0,0.0,0.0,0.0,0.0,0.0,0.0,0.0,0.0,0.0,0.0,0.0,0.0,0.0,0.0,,,"Oil Quenched From 830C (1525F), 595C (1100F) Temper, 50 mm (2 In.) Round","Oil Quenched From 830C (1525F), 595C (1100F) Temper, 50 mm (2 In.) Round",1090,6,Quenched (oil) & tempered – high-strength structural steel,6
,,,1,Steel database with labelled clusters,,,AISI 1035 Steel,Ultimate tensile strength,485.0,MPa,Yield strength,415.0,MPa,Ductility,15.0,%,0.0,0.0,0.345,0.0,0.0,0.0,0.0,0.0,0.0,0.0,0.04,0.05,0.0,0.0,0.0,0.0,0.0,0.75,98.815,0.0,0.0,0.0,0.0,0.0,0.0,0.0,0.0,0.0,0.0,0.0,0.0,0.0,0.0,0.0,0.0,0.0,,,"Cold Drawn, High Temperature, Stress Relieved, 32-50 mm (1.25-2 In) Round","Cold Drawn, High Temperature, Stress Relieved, 32-50 mm (1.25-2 In) Round",1584,0,Carburized – quenched (oil) – wear-resistant surface steel,0
,,,1,Steel database with labelled clusters,,,Cast Stainless Steel CF3MN,Ultimate tensile strength,515.0,MPa,Yield strength,255.0,MPa,Ductility,35.0,%,0.0,0.0,0.03,0.0,0.0,0.0,0.0,0.0,0.0,1.5,0.04,0.04,0.0,0.0,0.0,0.0,19.0,1.5,64.39,0.0,11.0,0.0,0.0,0.0,0.0,0.0,0.0,2.5,0.0,0.0,0.0,0.0,0.0,0.0,0.0,0.0,,,Astm A743,Astm A743,1194,2,Quenched (oil) – general-purpose steel (tested),2
,,,1,Steel database with labelled clusters,,,ASTM A299 Carbon Steel,Ultimate tensile strength,515.0,MPa,Yield strength,275.0,MPa,Ductility,16.0,%,0.0,0.0,0.3,0.0,0.0,0.0,0.0,0.0,0.0,0.275,0.04,0.04,0.0,0.0,0.0,0.0,0.0,1.2,98.145,0.0,0.0,0.0,0.0,0.0,0.0,0.0,0.0,0.0,0.0,0.0,0.0,0.0,0.0,0.0,0.0,0.0,,,Manganese Silicon Alloy,Manganese Silicon Alloy,1290,2,Quenched (oil) – general-purpose steel (tested),2
,,,1,Steel database with labelled clusters,,,AISI 8822H Steel,Ultimate tensile strength,1524.0,MPa,Yield strength,1149.0,MPa,Ductility,13.0,%,0.0,0.0,0.22,0.0,0.0,0.0,0.0,0.0,0.0,0.2249999999999999,0.035,0.04,0.0,0.0,0.0,0.0,0.5,0.875,97.205,0.0,0.55,0.0,0.0,0.0,0.0,0.0,0.0,0.35,0.0,0.0,0.0,0.0,0.0,0.0,0.0,0.0,,,"Normalized, Machined To 13.7 mm Rounds, Pseudocarburized, 150C (300F) Temper","Normalized, Machined To 13.7 mm Rounds, Pseudocarburized, 150C (300F) Temper",927,0,Carburized – quenched (oil) – wear-resistant surface steel,0
,,,1,Steel database with labelled clusters,,,AISI 1022 Steel,Ultimate tensile strength,555.0,MPa,Yield strength,350.0,MPa,Ductility,31.0,%,0.0,0.0,0.2,0.0,0.0,0.0,0.0,0.0,0.0,0.0,0.04,0.05,0.0,0.0,0.0,0.0,0.0,0.85,98.86,0.0,0.0,0.0,0.0,0.0,0.0,0.0,0.0,0.0,0.0,0.0,0.0,0.0,0.0,0.0,0.0,0.0,,,"Heat Treated, Reheated To 800C, 25 mm (1 In.) Round","Heat Treated, Reheated To 800C, 25 mm (1 In.) Round",1477,0,Carburized – quenched (oil) – wear-resistant surface steel,0
,,,1,Steel database with labelled clusters,,,AISI 4140 Steel,Ultimate tensile strength,655.0,MPa,Yield strength,415.0,MPa,Ductility,25.0,%,0.0,0.0,0.405,0.0,0.0,0.0,0.0,0.0,0.0,0.2249999999999999,0.035,0.04,0.0,0.0,0.0,0.0,0.95,0.875,97.27,0.0,0.0,0.0,0.0,0.0,0.0,0.0,0.0,0.2,0.0,0.0,0.0,0.0,0.0,0.0,0.0,0.0,,,"Annealed At 815C (1500F) Furnace Cooled 11C (20F)/Hour To 665C (1230F), Air Cooled, 25 mm (1 In.) Round","Annealed At 815C (1500F) Furnace Cooled 11C (20F)/Hour To 665C (1230F), Air Cooled, 25 mm (1 In.) Round",119,7,Annealed – easy-to-machine – round annealed stock,7
,,,1,Steel database with labelled clusters,,,ASTM A542 Low Alloy Steel,Ultimate tensile strength,585.0,MPa,Yield strength,380.0,MPa,Ductility,20.0,%,0.0,0.0,0.15,0.0,0.0,0.0,0.0,0.0,0.0,0.5,0.03,0.03,0.0,0.0,0.0,0.03,2.25,0.4499999999999999,95.76,0.0,0.4,0.4,0.0,0.0,0.0,0.0,0.0,0.0,0.0,0.0,0.0,0.0,0.0,0.0,0.0,0.0,,,"Grade A, Class 4","Grade A, Class 4",1343,1,Hot rolled – general construction steel,1
,,,1,Steel database with labelled clusters,,,AISI 6150 Steel,Ultimate tensile strength,924.0,MPa,Yield strength,800.0,MPa,Ductility,19.0,%,0.0,0.0,0.505,0.0,0.0,0.0,0.0,0.0,0.0,0.2249999999999999,0.035,0.04,0.0,0.0,0.0,0.15,0.95,0.8,97.295,0.0,0.0,0.0,0.0,0.0,0.0,0.0,0.0,0.0,0.0,0.0,0.0,0.0,0.0,0.0,0.0,0.0,,,"Oil Quenched 845C (1550F), 650C (1200F) Temper, 50 mm (2 In.) Round","Oil Quenched 845C (1550F), 650C (1200F) Temper, 50 mm (2 In.) Round",728,6,Quenched (oil) & tempered – high-strength structural steel,6
,,,1,Steel database with labelled clusters,,,AISI 5140H Steel,Ultimate tensile strength,972.0,MPa,Yield strength,841.0,MPa,Ductility,18.0,%,0.0,0.0,0.405,0.0,0.0,0.0,0.0,0.0,0.0,0.2249999999999999,0.035,0.04,0.0,0.0,0.0,0.0,0.8,0.8,97.695,0.0,0.0,0.0,0.0,0.0,0.0,0.0,0.0,0.0,0.0,0.0,0.0,0.0,0.0,0.0,0.0,0.0,,,"Oil Quenched 845C (1550F), 540C (1000F) Temper, 25 mm (1 In.) Round","Oil Quenched 845C (1550F), 540C (1000F) Temper, 25 mm (1 In.) Round",523,6,Quenched (oil) & tempered – high-strength structural steel,6
,,,1,Steel database with labelled clusters,,,AISI E4340 Steel,Ultimate tensile strength,1014.0,MPa,Yield strength,958.0,MPa,Ductility,19.0,%,0.0,0.0,0.405,0.0,0.0,0.0,0.0,0.0,0.0,0.2249999999999999,0.025,0.02,0.0,0.0,0.0,0.0,0.8,0.75,95.7,0.0,1.825,0.0,0.0,0.0,0.0,0.0,0.0,0.25,0.0,0.0,0.0,0.0,0.0,0.0,0.0,0.0,,,"Oil Quenched 800C (1470F), 595C (1100F) Temper, 50 mm (2 In.) Round","Oil Quenched 800C (1470F), 595C (1100F) Temper, 50 mm (2 In.) Round",514,6,Quenched (oil) & tempered – high-strength structural steel,6
,,,1,Steel database with labelled clusters,,,AISI 4140H Steel,Ultimate tensile strength,1450.0,MPa,Yield strength,1345.0,MPa,Ductility,15.0,%,0.0,0.0,0.405,0.0,0.0,0.0,0.0,0.0,0.0,0.2249999999999999,0.035,0.04,0.0,0.0,0.0,0.0,0.975,0.875,97.22,0.0,0.0,0.0,0.0,0.0,0.0,0.0,0.0,0.2249999999999999,0.0,0.0,0.0,0.0,0.0,0.0,0.0,0.0,,,"Heat Treated, Tempered 425C (800F), 25 mm (1 In.) Round","Heat Treated, Tempered 425C (800F), 25 mm (1 In.) Round",82,0,Carburized – quenched (oil) – wear-resistant surface steel,0
,,,1,Steel database with labelled clusters,,,AISI 1040 Steel,Ultimate tensile strength,635.0,MPa,Yield strength,412.0,MPa,Ductility,27.0,%,0.0,0.0,0.405,0.0,0.0,0.0,0.0,0.0,0.0,0.0,0.04,0.05,0.0,0.0,0.0,0.0,0.0,0.75,98.755,0.0,0.0,0.0,0.0,0.0,0.0,0.0,0.0,0.0,0.0,0.0,0.0,0.0,0.0,0.0,0.0,0.0,,,"Oil Quenched From 855C (1570F), 540C (1000F) Temper, 50 mm (2 In.) Round","Oil Quenched From 855C (1570F), 540C (1000F) Temper, 50 mm (2 In.) Round",1598,6,Quenched (oil) & tempered – high-strength structural steel,6
,,,1,Steel database with labelled clusters,,,AISI 1021 Steel,Ultimate tensile strength,483.0,MPa,Yield strength,360.0,MPa,Ductility,34.0,%,0.0,0.0,0.2,0.0,0.0,0.0,0.0,0.0,0.0,0.0,0.04,0.05,0.0,0.0,0.0,0.0,0.0,0.75,98.96,0.0,0.0,0.0,0.0,0.0,0.0,0.0,0.0,0.0,0.0,0.0,0.0,0.0,0.0,0.0,0.0,0.0,,,"Normalized At 925C (1700F), Air Cooled, 25 mm (1 In.) Round","Normalized At 925C (1700F), Air Cooled, 25 mm (1 In.) Round",1579,4,Normalized (air cooled) – general-purpose steel,4
,,,1,Steel database with labelled clusters,,,AISI 4320 Steel,Ultimate tensile strength,1050.0,MPa,Yield strength,738.0,MPa,Ductility,17.0,%,0.0,0.0,0.195,0.0,0.0,0.0,0.0,0.0,0.0,0.2249999999999999,0.035,0.04,0.0,0.0,0.0,0.0,0.5,0.55,96.38,0.0,1.825,0.0,0.0,0.0,0.0,0.0,0.0,0.25,0.0,0.0,0.0,0.0,0.0,0.0,0.0,0.0,,,"Mock Carburized 925C (1700F) For 8 Hrs., Reheated To 815C (1500F), Oil Quenched, 150C (300F) Temper, 25 mm (1 In.) Round","Mock Carburized 925C (1700F) For 8 Hrs., Reheated To 815C (1500F), Oil Quenched, 150C (300F) Temper, 25 mm (1 In.) Round",381,8,Carburized – quenched (oil) – wear-resistant surface steel (variant),8
,,,1,Steel database with labelled clusters,,,AISI 9255 Steel,Ultimate tensile strength,1005.0,MPa,Yield strength,635.0,MPa,Ductility,20.0,%,0.0,0.0,0.55,0.0,0.0,0.0,0.0,0.0,0.0,2.0,0.035,0.04,0.0,0.0,0.0,0.0,0.0,0.825,96.55,0.0,0.0,0.0,0.0,0.0,0.0,0.0,0.0,0.0,0.0,0.0,0.0,0.0,0.0,0.0,0.0,0.0,,,"Oil Quenched From 885C (1625F), 595C (1100F) Temper, 50 mm (2 In.) Round","Oil Quenched From 885C (1625F), 595C (1100F) Temper, 50 mm (2 In.) Round",977,6,Quenched (oil) & tempered – high-strength structural steel,6
,,,1,Steel database with labelled clusters,,,AISI 1050 Steel,Ultimate tensile strength,752.0,MPa,Yield strength,527.0,MPa,Ductility,23.0,%,0.0,0.0,0.51,0.0,0.0,0.0,0.0,0.0,0.0,0.0,0.04,0.05,0.0,0.0,0.0,0.0,0.0,0.75,98.65,0.0,0.0,0.0,0.0,0.0,0.0,0.0,0.0,0.0,0.0,0.0,0.0,0.0,0.0,0.0,0.0,0.0,,,"Water Quenched From 830C (1525F), 650C (1200F) Temper, 25 mm (1 In.) Round","Water Quenched From 830C (1525F), 650C (1200F) Temper, 25 mm (1 In.) Round",1666,10,Quenched (water) & tempered – high-strength structural steel,10
,,,1,Steel database with labelled clusters,,,AISI 4140 Steel,Ultimate tensile strength,1020.0,MPa,Yield strength,675.0,MPa,Ductility,17.0,%,0.0,0.0,0.405,0.0,0.0,0.0,0.0,0.0,0.0,0.2249999999999999,0.035,0.04,0.0,0.0,0.0,0.0,0.95,0.875,97.27,0.0,0.0,0.0,0.0,0.0,0.0,0.0,0.0,0.2,0.0,0.0,0.0,0.0,0.0,0.0,0.0,0.0,,,"Normalized At 870C (1600F), Air Cooled, 13 mm (0.5 In.) Round","Normalized At 870C (1600F), Air Cooled, 13 mm (0.5 In.) Round",85,4,Normalized (air cooled) – general-purpose steel,4
,,,1,Steel database with labelled clusters,,,AISI 1050 Steel,Ultimate tensile strength,620.0,MPa,Yield strength,550.0,MPa,Ductility,10.0,%,0.0,0.0,0.51,0.0,0.0,0.0,0.0,0.0,0.0,0.0,0.04,0.05,0.0,0.0,0.0,0.0,0.0,0.75,98.65,0.0,0.0,0.0,0.0,0.0,0.0,0.0,0.0,0.0,0.0,0.0,0.0,0.0,0.0,0.0,0.0,0.0,,,"Cold Drawn, Low Temperature, Stress Relieved, 50-75 mm (2-3 In) Round","Cold Drawn, Low Temperature, Stress Relieved, 50-75 mm (2-3 In) Round",1727,0,Carburized – quenched (oil) – wear-resistant surface steel,0
,,,1,Steel database with labelled clusters,,,AISI E4340 Steel,Ultimate tensile strength,1207.0,MPa,Yield strength,1145.0,MPa,Ductility,14.0,%,0.0,0.0,0.405,0.0,0.0,0.0,0.0,0.0,0.0,0.2249999999999999,0.025,0.02,0.0,0.0,0.0,0.0,0.8,0.75,95.7,0.0,1.825,0.0,0.0,0.0,0.0,0.0,0.0,0.25,0.0,0.0,0.0,0.0,0.0,0.0,0.0,0.0,,,"Oil Quenched 800C (1470F), 540C (1000F) Temper, 25 mm Round","Oil Quenched 800C (1470F), 540C (1000F) Temper, 25 mm Round",330,6,Quenched (oil) & tempered – high-strength structural steel,6
,,,1,Steel database with labelled clusters,,,AISI 4023 Steel,Ultimate tensile strength,931.0,MPa,Yield strength,620.0,MPa,Ductility,14.0,%,0.0,0.0,0.225,0.0,0.0,0.0,0.0,0.0,0.0,0.25,0.035,0.04,0.0,0.0,0.0,0.0,0.0,0.8,98.4,0.0,0.0,0.0,0.0,0.0,0.0,0.0,0.0,0.25,0.0,0.0,0.0,0.0,0.0,0.0,0.0,0.0,,,"Normalized At 925C (1700F), Machined To 13.7 mm (0.540 In.) Rounds, Pseudocarburized At 925C (1700F), Box Cooled To Rt, Reheated To 775C (1430F) And Oil Quenched, 150C (300F) Temper","Normalized At 925C (1700F), Machined To 13.7 mm (0.540 In.) Rounds, Pseudocarburized At 925C (1700F), Box Cooled To Rt, Reheated To 775C (1430F) And Oil Quenched, 150C (300F) Temper",7,0,Carburized – quenched (oil) – wear-resistant surface steel,0
,,,1,Steel database with labelled clusters,,,AISI 6150H Steel,Ultimate tensile strength,1240.0,MPa,Yield strength,1225.0,MPa,Ductility,14.0,%,0.0,0.0,0.505,0.0,0.0,0.0,0.0,0.0,0.0,0.2249999999999999,0.035,0.04,0.0,0.0,0.0,0.15,0.975,0.8,97.27,0.0,0.0,0.0,0.0,0.0,0.0,0.0,0.0,0.0,0.0,0.0,0.0,0.0,0.0,0.0,0.0,0.0,,,"Oil Quenched 845C (1550F), 540C (1000F) Temper, 13 mm (0.5 In.) Round","Oil Quenched 845C (1550F), 540C (1000F) Temper, 13 mm (0.5 In.) Round",707,6,Quenched (oil) & tempered – high-strength structural steel,6
,,,1,Steel database with labelled clusters,,,AISI 1118 Steel,Ultimate tensile strength,486.0,MPa,Yield strength,355.0,MPa,Ductility,32.0,%,0.0,0.0,0.17,0.0,0.0,0.0,0.0,0.0,0.0,0.0,0.04,0.105,0.0,0.0,0.0,0.0,0.0,1.45,98.235,0.0,0.0,0.0,0.0,0.0,0.0,0.0,0.0,0.0,0.0,0.0,0.0,0.0,0.0,0.0,0.0,0.0,,,"As Rolled, 25 mm (1 In.) Round","As Rolled, 25 mm (1 In.) Round",1855,3,Normalized – easy-to-machine stock (cold drawn),3
,,,1,Steel database with labelled clusters,,,AISI 86B30H Steel,Ultimate tensile strength,640.0,MPa,Yield strength,425.0,MPa,Ductility,26.0,%,0.0,0.00175,0.3,0.0,0.0,0.0,0.0,0.0,0.0,0.2249999999999999,0.035,0.04,0.0,0.0,0.0,0.0,0.5,0.8,97.34825,0.0,0.55,0.0,0.0,0.0,0.0,0.0,0.0,0.2,0.0,0.0,0.0,0.0,0.0,0.0,0.0,0.0,,,"Normalized, 50 mm (2 In.) Round","Normalized, 50 mm (2 In.) Round",865,9,Normalized – general-purpose steel (round normalized stock),9
,,,1,Steel database with labelled clusters,,,AISI 5140 Steel,Ultimate tensile strength,972.0,MPa,Yield strength,841.0,MPa,Ductility,18.0,%,0.0,0.0,0.405,0.0,0.0,0.0,0.0,0.0,0.0,0.2249999999999999,0.035,0.04,0.0,0.0,0.0,0.0,0.8,0.8,97.695,0.0,0.0,0.0,0.0,0.0,0.0,0.0,0.0,0.0,0.0,0.0,0.0,0.0,0.0,0.0,0.0,0.0,,,"Oil Quenched 845C (1550F), 540C (1000F) Temper, 25 mm (1 In.) Round","Oil Quenched 845C (1550F), 540C (1000F) Temper, 25 mm (1 In.) Round",825,6,Quenched (oil) & tempered – high-strength structural steel,6
,,,1,Steel database with labelled clusters,,,AISI 4820H Steel,Ultimate tensile strength,1410.0,MPa,Yield strength,1141.0,MPa,Ductility,13.0,%,0.0,0.0,0.2,0.0,0.0,0.0,0.0,0.0,0.0,0.2249999999999999,0.035,0.04,0.0,0.0,0.0,0.0,0.0,0.6000000000000001,95.15,0.0,3.5,0.0,0.0,0.0,0.0,0.0,0.0,0.25,0.0,0.0,0.0,0.0,0.0,0.0,0.0,0.0,,,"Double Quenched And Tempered (150C (300F)), 1.2 mm Case Depth","Double Quenched And Tempered (150C (300F)), 1.2 mm Case Depth",452,5,Carburized – quenched (oil) – wear-resistant surface steel (variant),5
,,,1,Steel database with labelled clusters,,,AISI 4620 Steel,Ultimate tensile strength,965.0,MPa,Yield strength,772.0,MPa,Ductility,15.0,%,0.0,0.0,0.195,0.0,0.0,0.0,0.0,0.0,0.0,0.25,0.035,0.04,0.0,0.0,0.0,0.0,0.0,0.55,96.855,0.0,1.825,0.0,0.0,0.0,0.0,0.0,0.0,0.25,0.0,0.0,0.0,0.0,0.0,0.0,0.0,0.0,,,"Normalized, Machined To 25 mm (1 In.) Rounds, Pseudocarburized, Reheated To 925C (1700F), Quenched And Tempered","Normalized, Machined To 25 mm (1 In.) Rounds, Pseudocarburized, Reheated To 925C (1700F), Quenched And Tempered",491,0,Carburized – quenched (oil) – wear-resistant surface steel,0
,,,1,Steel database with labelled clusters,,,AK Steel ASTM A 424 Type III,Ultimate tensile strength,313.0,MPa,Yield strength,159.0,MPa,Ductility,44.0,%,0.0,0.0,0.01,0.0,0.0,0.0,0.0,0.0,0.05,0.01,0.01,0.01,0.0,0.0,0.13,0.0,0.0,0.2,99.56,0.0,0.0,0.02,0.0,0.0,0.0,0.0,0.0,0.0,0.0,0.0,0.0,0.0,0.0,0.0,0.0,0.0,,,I-F Enamel Enameling Carbon Steel,I-F Enamel Enameling Carbon Steel,1655,2,Quenched (oil) – general-purpose steel (tested),2
,,,1,Steel database with labelled clusters,,,AISI 4320H Steel,Ultimate tensile strength,1050.0,MPa,Yield strength,738.0,MPa,Ductility,17.0,%,0.0,0.0,0.2,0.0,0.0,0.0,0.0,0.0,0.0,0.2249999999999999,0.035,0.04,0.0,0.0,0.0,0.0,0.5,0.55,96.425,0.0,1.775,0.0,0.0,0.0,0.0,0.0,0.0,0.25,0.0,0.0,0.0,0.0,0.0,0.0,0.0,0.0,,,"Mock Carburized, Oil Quenched, 150C (300F) Temper, 25 mm Round","Mock Carburized, Oil Quenched, 150C (300F) Temper, 25 mm Round",288,8,Carburized – quenched (oil) – wear-resistant surface steel (variant),8
,,,1,Steel database with labelled clusters,,,AISI 1212 Steel,Ultimate tensile strength,385.0,MPa,Yield strength,240.0,MPa,Ductility,25.0,%,0.0,0.0,0.13,0.0,0.0,0.0,0.0,0.0,0.0,0.0,0.095,0.195,0.0,0.0,0.0,0.0,0.0,0.85,98.73,0.0,0.0,0.0,0.0,0.0,0.0,0.0,0.0,0.0,0.0,0.0,0.0,0.0,0.0,0.0,0.0,0.0,,,"Hot Rolled, 19-38 mm Round","Hot Rolled, 19-38 mm Round",1886,3,Normalized – easy-to-machine stock (cold drawn),3
,,,1,Steel database with labelled clusters,,,AISI 1144 Steel,Ultimate tensile strength,585.0,MPa,Yield strength,345.0,MPa,Ductility,25.0,%,0.0,0.0,0.44,0.0,0.0,0.0,0.0,0.0,0.0,0.0,0.04,0.285,0.0,0.0,0.0,0.0,0.0,1.5,97.735,0.0,0.0,0.0,0.0,0.0,0.0,0.0,0.0,0.0,0.0,0.0,0.0,0.0,0.0,0.0,0.0,0.0,,,Annealed At 790C (1450F),Annealed At 790C (1450F),1989,7,Annealed – easy-to-machine – round annealed stock,7
,,,1,Steel database with labelled clusters,,,ASTM A542 Low Alloy Steel,Ultimate tensile strength,585.0,MPa,Yield strength,415.0,MPa,Ductility,18.0,%,0.0,0.002,0.125,0.0,0.0,0.0,0.0,0.0,0.0,0.13,0.03,0.03,0.0,0.0,0.025,0.25,3.0,0.4499999999999999,95.458,0.0,0.25,0.25,0.0,0.0,0.0,0.0,0.0,0.0,0.0,0.0,0.0,0.0,0.0,0.0,0.0,0.0,,,"Grade C, Class 4A","Grade C, Class 4A",1345,1,Hot rolled – general construction steel,1
,,,1,Steel database with labelled clusters,,,AISI 8740 Steel,Ultimate tensile strength,952.0,MPa,Yield strength,848.0,MPa,Ductility,20.0,%,0.0,0.0,0.405,0.0,0.0,0.0,0.0,0.0,0.0,0.2249999999999999,0.035,0.04,0.0,0.0,0.0,0.0,0.5,0.875,97.12,0.0,0.55,0.0,0.0,0.0,0.0,0.0,0.0,0.25,0.0,0.0,0.0,0.0,0.0,0.0,0.0,0.0,,,"Oil Quenched 830C (1525F), 650C (1200F) Temper, 25 mm (1 In.) Round","Oil Quenched 830C (1525F), 650C (1200F) Temper, 25 mm (1 In.) Round",866,6,Quenched (oil) & tempered – high-strength structural steel,6
,,,1,Steel database with labelled clusters,,,AISI 1050 Steel,Ultimate tensile strength,690.0,MPa,Yield strength,580.0,MPa,Ductility,10.0,%,0.0,0.0,0.51,0.0,0.0,0.0,0.0,0.0,0.0,0.0,0.04,0.05,0.0,0.0,0.0,0.0,0.0,0.75,98.65,0.0,0.0,0.0,0.0,0.0,0.0,0.0,0.0,0.0,0.0,0.0,0.0,0.0,0.0,0.0,0.0,0.0,,,"Cold Drawn, 19-32 mm (0.75-1.25 In) Round","Cold Drawn, 19-32 mm (0.75-1.25 In) Round",1876,3,Normalized – easy-to-machine stock (cold drawn),3
,,,1,Steel database with labelled clusters,,,AISI 8620H Steel,Ultimate tensile strength,1095.0,MPa,Yield strength,910.0,MPa,Ductility,16.0,%,0.0,0.0,0.205,0.0,0.0,0.0,0.0,0.0,0.0,0.25,0.035,0.04,0.0,0.0,0.0,0.0,0.5,0.7749999999999999,97.445,0.0,0.55,0.0,0.0,0.0,0.0,0.0,0.0,0.2,0.0,0.0,0.0,0.0,0.0,0.0,0.0,0.0,,,"Normalized, Machined To 13.7 mm, Pseudocarburized, Reheated To 840C, 150C Temper","Normalized, Machined To 13.7 mm, Pseudocarburized, Reheated To 840C, 150C Temper",760,0,Carburized – quenched (oil) – wear-resistant surface steel,0
,,,1,Steel database with labelled clusters,,,AISI 1060 Steel,Ultimate tensile strength,779.0,MPa,Yield strength,427.0,MPa,Ductility,20.0,%,0.0,0.0,0.605,0.0,0.0,0.0,0.0,0.0,0.0,0.0,0.04,0.05,0.0,0.0,0.0,0.0,0.0,0.75,98.555,0.0,0.0,0.0,0.0,0.0,0.0,0.0,0.0,0.0,0.0,0.0,0.0,0.0,0.0,0.0,0.0,0.0,,,"Normalized At 900C (1650F), Air Cooled, 13 mm (0.5 In.) Round","Normalized At 900C (1650F), Air Cooled, 13 mm (0.5 In.) Round",1679,4,Normalized (air cooled) – general-purpose steel,4
,,,1,Steel database with labelled clusters,,,AISI 8630 Steel,Ultimate tensile strength,620.0,MPa,Yield strength,550.0,MPa,Ductility,16.0,%,0.0,0.0,0.305,0.0,0.0,0.0,0.0,0.0,0.0,0.2249999999999999,0.035,0.04,0.0,0.0,0.0,0.0,0.5,0.8,97.345,0.0,0.55,0.0,0.0,0.0,0.0,0.0,0.0,0.2,0.0,0.0,0.0,0.0,0.0,0.0,0.0,0.0,,,Normalized,Normalized,758,2,Quenched (oil) – general-purpose steel (tested),2
,,,1,Steel database with labelled clusters,,,ASTM A131 Steel,Ultimate tensile strength,490.0,MPa,Yield strength,350.0,MPa,Ductility,19.0,%,0.0,0.0,0.18,0.0,0.0,0.0,0.0,0.0,0.0,0.3,0.04,0.05,0.0,0.0,0.0,0.1,0.25,1.25,96.95,0.0,0.4,0.35,0.0,0.0,0.0,0.0,0.05,0.08,0.0,0.0,0.0,0.0,0.0,0.0,0.0,0.0,,,Grade Eh36,Grade Eh36,1219,1,Hot rolled – general construction steel,1
,,,1,Steel database with labelled clusters,,,AISI 1050 Steel,Ultimate tensile strength,772.0,MPa,Yield strength,469.0,MPa,Ductility,23.0,%,0.0,0.0,0.51,0.0,0.0,0.0,0.0,0.0,0.0,0.0,0.04,0.05,0.0,0.0,0.0,0.0,0.0,0.75,98.65,0.0,0.0,0.0,0.0,0.0,0.0,0.0,0.0,0.0,0.0,0.0,0.0,0.0,0.0,0.0,0.0,0.0,,,"Oil Quenched 845C (1550F), 595C (1100F) Temper, 50 mm (2 In.) Round","Oil Quenched 845C (1550F), 595C (1100F) Temper, 50 mm (2 In.) Round",1795,6,Quenched (oil) & tempered – high-strength structural steel,6
,,,1,Steel database with labelled clusters,,,AISI 1340 Steel,Ultimate tensile strength,951.0,MPa,Yield strength,834.0,MPa,Ductility,19.0,%,0.0,0.0,0.405,0.0,0.0,0.0,0.0,0.0,0.0,0.25,0.035,0.04,0.0,0.0,0.0,0.0,0.0,1.75,97.52,0.0,0.0,0.0,0.0,0.0,0.0,0.0,0.0,0.0,0.0,0.0,0.0,0.0,0.0,0.0,0.0,0.0,,,"Oil Quenched From 830C (1525F), 540C (1000F) Temper, 25 mm (1 In.) Round","Oil Quenched From 830C (1525F), 540C (1000F) Temper, 25 mm (1 In.) Round",1059,6,Quenched (oil) & tempered – high-strength structural steel,6
,,,1,Steel database with labelled clusters,,,AISI 1042 Steel,Ultimate tensile strength,586.0,MPa,Yield strength,503.0,MPa,Ductility,12.0,%,0.0,0.0,0.435,0.0,0.0,0.0,0.0,0.0,0.0,0.0,0.04,0.05,0.0,0.0,0.0,0.0,0.0,0.75,98.725,0.0,0.0,0.0,0.0,0.0,0.0,0.0,0.0,0.0,0.0,0.0,0.0,0.0,0.0,0.0,0.0,0.0,,,Normalized Cold Drawn Bar (Uns G10420),Normalized Cold Drawn Bar (Uns G10420),1630,2,Quenched (oil) – general-purpose steel (tested),2
,,,1,Steel database with labelled clusters,,,AISI E4340 H Steel,Ultimate tensile strength,931.0,MPa,Yield strength,834.0,MPa,Ductility,20.0,%,0.0,0.0,0.405,0.0,0.0,0.0,0.0,0.0,0.0,0.2249999999999999,0.025,0.02,0.0,0.0,0.0,0.0,0.8,0.7749999999999999,95.725,0.0,1.775,0.0,0.0,0.0,0.0,0.0,0.0,0.25,0.0,0.0,0.0,0.0,0.0,0.0,0.0,0.0,,,"Oil Quenched 800C (1470F), 650C (1200F) Temper, 50 mm Round","Oil Quenched 800C (1470F), 650C (1200F) Temper, 50 mm Round",328,6,Quenched (oil) & tempered – high-strength structural steel,6
,,,1,Steel database with labelled clusters,,,AISI E9310 Steel,Ultimate tensile strength,862.0,MPa,Yield strength,565.0,MPa,Ductility,19.0,%,0.0,0.0,0.105,0.0,0.0,0.0,0.0,0.0,0.0,0.275,0.025,0.025,0.0,0.0,0.0,0.0,1.2,0.55,94.455,0.0,3.25,0.0,0.0,0.0,0.0,0.0,0.0,0.1149999999999999,0.0,0.0,0.0,0.0,0.0,0.0,0.0,0.0,,,"Normalized At 890C (1635F), 100 mm (4 In.) Round","Normalized At 890C (1635F), 100 mm (4 In.) Round",991,4,Normalized (air cooled) – general-purpose steel,4
,,,1,Steel database with labelled clusters,,,ASTM A514 Steel,Ultimate tensile strength,760.0,MPa,Yield strength,690.0,MPa,Ductility,18.0,%,0.0,0.003,0.16,0.0,0.0,0.0,0.0,0.0,0.0,0.3,0.04,0.04,0.0,0.0,0.055,0.0,1.7,0.55,96.652,0.0,0.0,0.0,0.0,0.0,0.0,0.0,0.0,0.5,0.0,0.0,0.0,0.0,0.0,0.0,0.0,0.0,,,"Grade E, Plate Thickness 19 - 64 mm","Grade E, Plate Thickness 19 - 64 mm",1223,11,plate – no special treatment – general-purpose steel,11
,,,1,Steel database with labelled clusters,,,AISI 1340H Steel,Ultimate tensile strength,814.0,MPa,Yield strength,745.0,MPa,Ductility,22.0,%,0.0,0.0,0.405,0.0,0.0,0.0,0.0,0.0,0.0,0.25,0.035,0.04,0.0,0.0,0.0,0.0,0.0,1.75,97.52,0.0,0.0,0.0,0.0,0.0,0.0,0.0,0.0,0.0,0.0,0.0,0.0,0.0,0.0,0.0,0.0,0.0,,,"Oil Quenched From 830C (1525F), 650C (1200F) Temper, 13 mm (0.5 In.) Round","Oil Quenched From 830C (1525F), 650C (1200F) Temper, 13 mm (0.5 In.) Round",1051,6,Quenched (oil) & tempered – high-strength structural steel,6
,,,1,Steel database with labelled clusters,,,AISI 86B30H Steel,Ultimate tensile strength,780.0,MPa,Yield strength,595.0,MPa,Ductility,21.0,%,0.0,0.00175,0.3,0.0,0.0,0.0,0.0,0.0,0.0,0.2249999999999999,0.035,0.04,0.0,0.0,0.0,0.0,0.5,0.8,97.34825,0.0,0.55,0.0,0.0,0.0,0.0,0.0,0.0,0.2,0.0,0.0,0.0,0.0,0.0,0.0,0.0,0.0,,,"Water Quenched 845C (1550F), 480C (900F) Temper, 100 mm (4 In.) Round","Water Quenched 845C (1550F), 480C (900F) Temper, 100 mm (4 In.) Round",874,10,Quenched (water) & tempered – high-strength structural steel,10
,,,1,Steel database with labelled clusters,,,ASTM A302 Alloy Steel,Ultimate tensile strength,550.0,MPa,Yield strength,345.0,MPa,Ductility,17.0,%,0.0,0.0,0.25,0.0,0.0,0.0,0.0,0.0,0.0,0.275,0.04,0.04,0.0,0.0,0.0,0.0,0.0,1.325,96.695,0.0,0.85,0.0,0.0,0.0,0.0,0.0,0.0,0.525,0.0,0.0,0.0,0.0,0.0,0.0,0.0,0.0,,,Grade D,Grade D,1253,1,Hot rolled – general construction steel,1
,,,1,Steel database with labelled clusters,,,AISI 4419H Steel,Ultimate tensile strength,595.0,MPa,Yield strength,365.0,MPa,Ductility,27.0,%,0.0,0.0,0.2,0.0,0.0,0.0,0.0,0.0,0.0,0.25,0.035,0.04,0.0,0.0,0.0,0.0,0.0,0.55,98.4,0.0,0.0,0.0,0.0,0.0,0.0,0.0,0.0,0.525,0.0,0.0,0.0,0.0,0.0,0.0,0.0,0.0,,,"Mock Carburized, 150C (300F) Temper, 100 mm (4 In.) Round","Mock Carburized, 150C (300F) Temper, 100 mm (4 In.) Round",178,8,Carburized – quenched (oil) – wear-resistant surface steel (variant),8
,,,1,Steel database with labelled clusters,,,AISI 1340H Steel,Ultimate tensile strength,800.0,MPa,Yield strength,572.0,MPa,Ductility,21.0,%,0.0,0.0,0.405,0.0,0.0,0.0,0.0,0.0,0.0,0.25,0.035,0.04,0.0,0.0,0.0,0.0,0.0,1.75,97.52,0.0,0.0,0.0,0.0,0.0,0.0,0.0,0.0,0.0,0.0,0.0,0.0,0.0,0.0,0.0,0.0,0.0,,,"Oil Quenched From 830C (1525F), 540C (1000F) Temper, 100 mm (4 In.) Round","Oil Quenched From 830C (1525F), 540C (1000F) Temper, 100 mm (4 In.) Round",1037,6,Quenched (oil) & tempered – high-strength structural steel,6
,,,1,Steel database with labelled clusters,,,AISI 1022 Steel,Ultimate tensile strength,425.0,MPa,Yield strength,235.0,MPa,Ductility,23.0,%,0.0,0.0,0.2,0.0,0.0,0.0,0.0,0.0,0.0,0.0,0.04,0.05,0.0,0.0,0.0,0.0,0.0,0.85,98.86,0.0,0.0,0.0,0.0,0.0,0.0,0.0,0.0,0.0,0.0,0.0,0.0,0.0,0.0,0.0,0.0,0.0,,,"Hot Rolled, 19-32 mm (0.75-1.25 In) Round","Hot Rolled, 19-32 mm (0.75-1.25 In) Round",1613,3,Normalized – easy-to-machine stock (cold drawn),3
,,,1,Steel database with labelled clusters,,,AISI 4140H Steel,Ultimate tensile strength,965.0,MPa,Yield strength,931.0,MPa,Ductility,19.0,%,0.0,0.0,0.405,0.0,0.0,0.0,0.0,0.0,0.0,0.2249999999999999,0.035,0.04,0.0,0.0,0.0,0.0,0.975,0.875,97.22,0.0,0.0,0.0,0.0,0.0,0.0,0.0,0.0,0.2249999999999999,0.0,0.0,0.0,0.0,0.0,0.0,0.0,0.0,,,"Oil Quenched 845C (1550F), 595C (1100F) Temper, 25 mm (1 In.) Round","Oil Quenched 845C (1550F), 595C (1100F) Temper, 25 mm (1 In.) Round",87,6,Quenched (oil) & tempered – high-strength structural steel,6
,,,1,Steel database with labelled clusters,,,ASTM A736 Low Alloy Steel,Ultimate tensile strength,485.0,MPa,Yield strength,415.0,MPa,Ductility,20.0,%,0.0,0.0,0.07,0.0,0.0,0.0,0.0,0.0,0.0,0.4,0.03,0.03,0.0,0.0,0.0,0.0,0.75,0.55,96.15,0.0,0.85,1.15,0.0,0.0,0.0,0.0,0.02,0.0,0.0,0.0,0.0,0.0,0.0,0.0,0.0,0.0,,,"Grade A, Class 3","Grade A, Class 3",1389,1,Hot rolled – general construction steel,1
,,,1,Steel database with labelled clusters,,,AISI 1144 Steel,Ultimate tensile strength,655.0,MPa,Yield strength,585.0,MPa,Ductility,10.0,%,0.0,0.0,0.44,0.0,0.0,0.0,0.0,0.0,0.0,0.0,0.04,0.285,0.0,0.0,0.0,0.0,0.0,1.5,97.735,0.0,0.0,0.0,0.0,0.0,0.0,0.0,0.0,0.0,0.0,0.0,0.0,0.0,0.0,0.0,0.0,0.0,,,"As Cold Drawn, 50-75 mm (2-3 In) Round","As Cold Drawn, 50-75 mm (2-3 In) Round",1871,3,Normalized – easy-to-machine stock (cold drawn),3
,,,1,Steel database with labelled clusters,,,AISI E4340 H Steel,Ultimate tensile strength,1255.0,MPa,Yield strength,1165.0,MPa,Ductility,13.0,%,0.0,0.0,0.405,0.0,0.0,0.0,0.0,0.0,0.0,0.2249999999999999,0.025,0.02,0.0,0.0,0.0,0.0,0.8,0.7749999999999999,95.725,0.0,1.775,0.0,0.0,0.0,0.0,0.0,0.0,0.25,0.0,0.0,0.0,0.0,0.0,0.0,0.0,0.0,,,"Oil Quenched 800C (1470F), 540C (1000F) Temper, 13 mm (0.5 In.) Round","Oil Quenched 800C (1470F), 540C (1000F) Temper, 13 mm (0.5 In.) Round",458,6,Quenched (oil) & tempered – high-strength structural steel,6
,,,1,Steel database with labelled clusters,,,AISI 1095 Steel,Ultimate tensile strength,882.0,MPa,Yield strength,395.0,MPa,Ductility,10.0,%,0.0,0.0,0.965,0.0,0.0,0.0,0.0,0.0,0.0,0.0,0.04,0.05,0.0,0.0,0.0,0.0,0.0,0.4,98.545,0.0,0.0,0.0,0.0,0.0,0.0,0.0,0.0,0.0,0.0,0.0,0.0,0.0,0.0,0.0,0.0,0.0,,,"Normalized At 900C (1650F), Air Cooled, 100 mm (4 In.) Round","Normalized At 900C (1650F), Air Cooled, 100 mm (4 In.) Round",1801,4,Normalized (air cooled) – general-purpose steel,4
,,,1,Steel database with labelled clusters,,,AISI 4130H Steel,Ultimate tensile strength,703.0,MPa,Yield strength,540.0,MPa,Ductility,24.0,%,0.0,0.0,0.3,0.0,0.0,0.0,0.0,0.0,0.0,0.25,0.035,0.04,0.0,0.0,0.0,0.0,0.975,0.5,97.7,0.0,0.0,0.0,0.0,0.0,0.0,0.0,0.0,0.2,0.0,0.0,0.0,0.0,0.0,0.0,0.0,0.0,,,"Water Quenched 855C (1570F), 595C (1100F) Temper, 100 mm (4 In.) Round","Water Quenched 855C (1570F), 595C (1100F) Temper, 100 mm (4 In.) Round",55,10,Quenched (water) & tempered – high-strength structural steel,10
,,,1,Steel database with labelled clusters,,,AISI Type W2 Tool Steel,Ultimate tensile strength,1185.0,MPa,Yield strength,1090.0,MPa,Ductility,11.0,%,0.0,0.0,1.0,0.0,0.0,0.0,0.0,0.0,0.0,0.25,0.03,0.03,0.0,0.0,0.0,0.25,0.15,0.25,98.04,0.0,0.0,0.0,0.0,0.0,0.0,0.0,0.0,0.0,0.0,0.0,0.0,0.0,0.0,0.0,0.0,0.0,,,"Water Quenched 775C (1425F), Tempered 500C (925F)","Water Quenched 775C (1425F), Tempered 500C (925F)",2075,10,Quenched (water) & tempered – high-strength structural steel,10
,,,1,Steel database with labelled clusters,,,AISI 6150 Steel,Ultimate tensile strength,1050.0,MPa,Yield strength,876.0,MPa,Ductility,16.0,%,0.0,0.0,0.505,0.0,0.0,0.0,0.0,0.0,0.0,0.2249999999999999,0.035,0.04,0.0,0.0,0.0,0.15,0.95,0.8,97.295,0.0,0.0,0.0,0.0,0.0,0.0,0.0,0.0,0.0,0.0,0.0,0.0,0.0,0.0,0.0,0.0,0.0,,,"Oil Quenched 845C (1550F), 540C (1000F) Temper, 100 mm (4 In.) Round","Oil Quenched 845C (1550F), 540C (1000F) Temper, 100 mm (4 In.) Round",644,6,Quenched (oil) & tempered – high-strength structural steel,6
,,,1,Steel database with labelled clusters,,,AISI 4340 Steel,Ultimate tensile strength,1172.0,MPa,Yield strength,1103.0,MPa,Ductility,16.0,%,0.0,0.0,0.4,0.0,0.0,0.0,0.0,0.0,0.0,0.2249999999999999,0.035,0.04,0.0,0.0,0.0,0.0,0.8,0.7,95.725,0.0,1.825,0.0,0.0,0.0,0.0,0.0,0.0,0.25,0.0,0.0,0.0,0.0,0.0,0.0,0.0,0.0,,,"Oil Quenched 800C (1470F), 540C (1000F) Temper, 50 mm (2 In.) Round","Oil Quenched 800C (1470F), 540C (1000F) Temper, 50 mm (2 In.) Round",222,6,Quenched (oil) & tempered – high-strength structural steel,6
,,,1,Steel database with labelled clusters,,,AISI 4150H Steel,Ultimate tensile strength,731.0,MPa,Yield strength,380.0,MPa,Ductility,20.0,%,0.0,0.0,0.505,0.0,0.0,0.0,0.0,0.0,0.0,0.2249999999999999,0.035,0.04,0.0,0.0,0.0,0.0,0.975,0.875,97.145,0.0,0.0,0.0,0.0,0.0,0.0,0.0,0.0,0.2,0.0,0.0,0.0,0.0,0.0,0.0,0.0,0.0,,,"Annealed At 830C (1525F), Furnace Cooled 11C (20F)/Hour, Air Cooled, 25 mm (1 In.) Round","Annealed At 830C (1525F), Furnace Cooled 11C (20F)/Hour, Air Cooled, 25 mm (1 In.) Round",114,7,Annealed – easy-to-machine – round annealed stock,7
,,,1,Steel database with labelled clusters,,,AISI 8640H Steel,Ultimate tensile strength,889.0,MPa,Yield strength,752.0,MPa,Ductility,23.0,%,0.0,0.0,0.405,0.0,0.0,0.0,0.0,0.0,0.0,0.2249999999999999,0.035,0.04,0.0,0.0,0.0,0.0,0.5,0.875,97.17,0.0,0.55,0.0,0.0,0.0,0.0,0.0,0.0,0.2,0.0,0.0,0.0,0.0,0.0,0.0,0.0,0.0,,,"Oil Quenched 845C (1550F), 540C (1000F) Temper, 100 mm (4 In.) Round","Oil Quenched 845C (1550F), 540C (1000F) Temper, 100 mm (4 In.) Round",926,6,Quenched (oil) & tempered – high-strength structural steel,6
,,,1,Steel database with labelled clusters,,,ASTM A131 Steel,Ultimate tensile strength,400.0,MPa,Yield strength,220.0,MPa,Ductility,21.0,%,0.0,0.0,0.18,0.0,0.0,0.0,0.0,0.0,0.0,0.2249999999999999,0.04,0.04,0.0,0.0,0.0,0.0,0.0,1.025,98.49,0.0,0.0,0.0,0.0,0.0,0.0,0.0,0.0,0.0,0.0,0.0,0.0,0.0,0.0,0.0,0.0,0.0,,,Grade E,Grade E,1205,1,Hot rolled – general construction steel,1
,,,1,Steel database with labelled clusters,,,AISI E9310 Steel,Ultimate tensile strength,1227.0,MPa,Yield strength,1010.0,MPa,Ductility,15.0,%,0.0,0.0,0.105,0.0,0.0,0.0,0.0,0.0,0.0,0.275,0.025,0.025,0.0,0.0,0.0,0.0,1.2,0.55,94.455,0.0,3.25,0.0,0.0,0.0,0.0,0.0,0.0,0.1149999999999999,0.0,0.0,0.0,0.0,0.0,0.0,0.0,0.0,,,"Direct Quenched From Pot, Tempered At 230C (450F), 0.99 mm Case Depth","Direct Quenched From Pot, Tempered At 230C (450F), 0.99 mm Case Depth",943,5,Carburized – quenched (oil) – wear-resistant surface steel (variant),5
,,,1,Steel database with labelled clusters,,,AISI 4118H Steel,Ultimate tensile strength,1220.0,MPa,Yield strength,896.0,MPa,Ductility,13.0,%,0.0,0.0,0.2,0.0,0.0,0.0,0.0,0.0,0.0,0.2249999999999999,0.035,0.04,0.0,0.0,0.0,0.0,0.5,0.8,98.085,0.0,0.0,0.0,0.0,0.0,0.0,0.0,0.0,0.1149999999999999,0.0,0.0,0.0,0.0,0.0,0.0,0.0,0.0,,,"Direct Quench, 230C (450F) Temper, 1.6 mm Case Depth","Direct Quench, 230C (450F) Temper, 1.6 mm Case Depth",175,5,Carburized – quenched (oil) – wear-resistant surface steel (variant),5
,,,1,Steel database with labelled clusters,,,AISI 1137 Steel,Ultimate tensile strength,605.0,MPa,Yield strength,330.0,MPa,Ductility,15.0,%,0.0,0.0,0.355,0.0,0.0,0.0,0.0,0.0,0.0,0.0,0.04,0.105,0.0,0.0,0.0,0.0,0.0,1.5,98.0,0.0,0.0,0.0,0.0,0.0,0.0,0.0,0.0,0.0,0.0,0.0,0.0,0.0,0.0,0.0,0.0,0.0,,,"Hot Rolled, 19-32 mm (0.75-1.25 In) Round","Hot Rolled, 19-32 mm (0.75-1.25 In) Round",1784,3,Normalized – easy-to-machine stock (cold drawn),3
,,,1,Steel database with labelled clusters,,,AISI 5150H Steel,Ultimate tensile strength,841.0,MPa,Yield strength,435.0,MPa,Ductility,18.0,%,0.0,0.0,0.505,0.0,0.0,0.0,0.0,0.0,0.0,0.2249999999999999,0.035,0.04,0.0,0.0,0.0,0.0,0.8,0.8,97.595,0.0,0.0,0.0,0.0,0.0,0.0,0.0,0.0,0.0,0.0,0.0,0.0,0.0,0.0,0.0,0.0,0.0,,,"Normalized, 100 mm (4 In.) Round","Normalized, 100 mm (4 In.) Round",590,9,Normalized – general-purpose steel (round normalized stock),9
,,,1,Steel database with labelled clusters,,,AISI 1552 Steel,Ultimate tensile strength,745.0,MPa,Yield strength,410.0,MPa,Ductility,12.0,%,0.0,0.0,0.51,0.0,0.0,0.0,0.0,0.0,0.0,0.0,0.04,0.05,0.0,0.0,0.0,0.0,0.0,1.35,98.05,0.0,0.0,0.0,0.0,0.0,0.0,0.0,0.0,0.0,0.0,0.0,0.0,0.0,0.0,0.0,0.0,0.0,,,Hot Rolled Bar (Uns G15520),Hot Rolled Bar (Uns G15520),1968,2,Quenched (oil) – general-purpose steel (tested),2
,,,1,Steel database with labelled clusters,,,AISI 4130 Steel,Ultimate tensile strength,615.0,MPa,Yield strength,400.0,MPa,Ductility,27.0,%,0.0,0.0,0.305,0.0,0.0,0.0,0.0,0.0,0.0,0.2249999999999999,0.035,0.04,0.0,0.0,0.0,0.0,0.95,0.5,97.745,0.0,0.0,0.0,0.0,0.0,0.0,0.0,0.0,0.2,0.0,0.0,0.0,0.0,0.0,0.0,0.0,0.0,,,"Normalized At 870C (1600F), Air Cooled, 100 mm (4 In.) Round","Normalized At 870C (1600F), Air Cooled, 100 mm (4 In.) Round",19,4,Normalized (air cooled) – general-purpose steel,4
,,,1,Steel database with labelled clusters,,,AISI 4620 Steel,Ultimate tensile strength,1017.0,MPa,Yield strength,798.0,MPa,Ductility,16.0,%,0.0,0.0,0.195,0.0,0.0,0.0,0.0,0.0,0.0,0.25,0.035,0.04,0.0,0.0,0.0,0.0,0.0,0.55,96.855,0.0,1.825,0.0,0.0,0.0,0.0,0.0,0.0,0.25,0.0,0.0,0.0,0.0,0.0,0.0,0.0,0.0,,,"Direct Quench From Pot, Carburized, Oil Quenched, 230C (450F) Temper","Direct Quench From Pot, Carburized, Oil Quenched, 230C (450F) Temper",424,5,Carburized – quenched (oil) – wear-resistant surface steel (variant),5
,,,1,Steel database with labelled clusters,,,ASTM A533 Low Alloy Steel,Ultimate tensile strength,690.0,MPa,Yield strength,570.0,MPa,Ductility,16.0,%,0.0,0.0,0.25,0.0,0.0,0.0,0.0,0.0,0.0,0.275,0.04,0.04,0.0,0.0,0.0,0.0,0.0,1.325,96.695,0.0,0.85,0.0,0.0,0.0,0.0,0.0,0.0,0.525,0.0,0.0,0.0,0.0,0.0,0.0,0.0,0.0,,,"Grade C, Class 3","Grade C, Class 3",1320,1,Hot rolled – general construction steel,1
,,,1,Steel database with labelled clusters,,,AISI 4340 Steel,Ultimate tensile strength,924.0,MPa,Yield strength,786.0,MPa,Ductility,19.0,%,0.0,0.0,0.4,0.0,0.0,0.0,0.0,0.0,0.0,0.2249999999999999,0.035,0.04,0.0,0.0,0.0,0.0,0.8,0.7,95.725,0.0,1.825,0.0,0.0,0.0,0.0,0.0,0.0,0.25,0.0,0.0,0.0,0.0,0.0,0.0,0.0,0.0,,,"Oil Quenched 800C (1470F), 595C (1100F) Temper, 100 mm (4 In.) Round","Oil Quenched 800C (1470F), 595C (1100F) Temper, 100 mm (4 In.) Round",286,6,Quenched (oil) & tempered – high-strength structural steel,6
,,,1,Steel database with labelled clusters,,,AISI 1040 Steel,Ultimate tensile strength,585.0,MPa,Yield strength,515.0,MPa,Ductility,12.0,%,0.0,0.0,0.405,0.0,0.0,0.0,0.0,0.0,0.0,0.0,0.04,0.05,0.0,0.0,0.0,0.0,0.0,0.75,98.755,0.0,0.0,0.0,0.0,0.0,0.0,0.0,0.0,0.0,0.0,0.0,0.0,0.0,0.0,0.0,0.0,0.0,,,"As Cold Drawn, 22-32 mm (0.875-1.25 In) Round","As Cold Drawn, 22-32 mm (0.875-1.25 In) Round",1573,3,Normalized – easy-to-machine stock (cold drawn),3
,,,1,Steel database with labelled clusters,,,AISI 4820H Steel,Ultimate tensile strength,1422.0,MPa,Yield strength,1051.0,MPa,Ductility,13.0,%,0.0,0.0,0.2,0.0,0.0,0.0,0.0,0.0,0.0,0.2249999999999999,0.035,0.04,0.0,0.0,0.0,0.0,0.0,0.6000000000000001,95.15,0.0,3.5,0.0,0.0,0.0,0.0,0.0,0.0,0.25,0.0,0.0,0.0,0.0,0.0,0.0,0.0,0.0,,,"Heat Treated, Machined To 25 mm, Pseudocarburized, Reheated To 835C, 150C (300F) Temper","Heat Treated, Machined To 25 mm, Pseudocarburized, Reheated To 835C, 150C (300F) Temper",429,0,Carburized – quenched (oil) – wear-resistant surface steel,0
,,,1,Steel database with labelled clusters,,,ASTM A542/A542M Alloy Steel,Ultimate tensile strength,585.0,MPa,Yield strength,380.0,MPa,Ductility,20.0,%,0.0,0.002,0.125,0.0,0.0,0.0,0.0,0.0,0.0,0.13,0.025,0.025,0.0,0.0,0.025,0.25,3.0,0.4499999999999999,94.468,0.0,0.25,0.25,0.0,0.0,0.0,0.0,0.0,1.0,0.0,0.0,0.0,0.0,0.0,0.0,0.0,0.0,,,Chromium Molybdenum,Chromium Molybdenum,1491,2,Quenched (oil) – general-purpose steel (tested),2
,,,1,Steel database with labelled clusters,,,AISI 1060 Steel,Ultimate tensile strength,814.0,MPa,Yield strength,485.0,MPa,Ductility,17.0,%,0.0,0.0,0.605,0.0,0.0,0.0,0.0,0.0,0.0,0.0,0.04,0.05,0.0,0.0,0.0,0.0,0.0,0.75,98.555,0.0,0.0,0.0,0.0,0.0,0.0,0.0,0.0,0.0,0.0,0.0,0.0,0.0,0.0,0.0,0.0,0.0,,,As Rolled,As Rolled,1659,2,Quenched (oil) – general-purpose steel (tested),2
,,,1,Steel database with labelled clusters,,,AISI 6150H Steel,Ultimate tensile strength,924.0,MPa,Yield strength,800.0,MPa,Ductility,19.0,%,0.0,0.0,0.505,0.0,0.0,0.0,0.0,0.0,0.0,0.2249999999999999,0.035,0.04,0.0,0.0,0.0,0.15,0.975,0.8,97.27,0.0,0.0,0.0,0.0,0.0,0.0,0.0,0.0,0.0,0.0,0.0,0.0,0.0,0.0,0.0,0.0,0.0,,,"Oil Quenched 845C (1550F), 650C (1200F) Temper, 50 mm (2 In.) Round","Oil Quenched 845C (1550F), 650C (1200F) Temper, 50 mm (2 In.) Round",670,6,Quenched (oil) & tempered – high-strength structural steel,6
,,,1,Steel database with labelled clusters,,,AISI 4027 Steel,Ultimate tensile strength,958.0,MPa,Yield strength,841.0,MPa,Ductility,18.0,%,0.0,0.0,0.275,0.0,0.0,0.0,0.0,0.0,0.0,0.25,0.035,0.04,0.0,0.0,0.0,0.0,0.0,0.8,98.35,0.0,0.0,0.0,0.0,0.0,0.0,0.0,0.0,0.25,0.0,0.0,0.0,0.0,0.0,0.0,0.0,0.0,,,"Water Quenched 865C (1590F), 540C (1000F) Temper, 25 mm (1 In.) Round","Water Quenched 865C (1590F), 540C (1000F) Temper, 25 mm (1 In.) Round",32,10,Quenched (water) & tempered – high-strength structural steel,10
,,,1,Steel database with labelled clusters,,,AISI 8630 Steel,Ultimate tensile strength,931.0,MPa,Yield strength,850.0,MPa,Ductility,18.0,%,0.0,0.0,0.305,0.0,0.0,0.0,0.0,0.0,0.0,0.2249999999999999,0.035,0.04,0.0,0.0,0.0,0.0,0.5,0.8,97.345,0.0,0.55,0.0,0.0,0.0,0.0,0.0,0.0,0.2,0.0,0.0,0.0,0.0,0.0,0.0,0.0,0.0,,,"Water Quenched 845C (1550F), 540C (1000F) Temper, 25 mm (1 In.) Round","Water Quenched 845C (1550F), 540C (1000F) Temper, 25 mm (1 In.) Round",887,10,Quenched (water) & tempered – high-strength structural steel,10
,,,1,Steel database with labelled clusters,,,AISI 8740 Steel,Ultimate tensile strength,695.0,MPa,Yield strength,415.0,MPa,Ductility,22.0,%,0.0,0.0,0.405,0.0,0.0,0.0,0.0,0.0,0.0,0.2249999999999999,0.035,0.04,0.0,0.0,0.0,0.0,0.5,0.875,97.12,0.0,0.55,0.0,0.0,0.0,0.0,0.0,0.0,0.25,0.0,0.0,0.0,0.0,0.0,0.0,0.0,0.0,,,Annealed 815C (1500F),Annealed 815C (1500F),938,7,Annealed – easy-to-machine – round annealed stock,7
,,,1,Steel database with labelled clusters,,,AISI 4320 Steel,Ultimate tensile strength,703.0,MPa,Yield strength,395.0,MPa,Ductility,22.0,%,0.0,0.0,0.195,0.0,0.0,0.0,0.0,0.0,0.0,0.2249999999999999,0.035,0.04,0.0,0.0,0.0,0.0,0.5,0.55,96.38,0.0,1.825,0.0,0.0,0.0,0.0,0.0,0.0,0.25,0.0,0.0,0.0,0.0,0.0,0.0,0.0,0.0,,,"Normalized 895C (1640F), Air Cooled, 100 mm (4 In.) Round","Normalized 895C (1640F), Air Cooled, 100 mm (4 In.) Round",215,4,Normalized (air cooled) – general-purpose steel,4
,,,1,Steel database with labelled clusters,,,AISI 8620H Steel,Ultimate tensile strength,931.0,MPa,Yield strength,758.0,MPa,Ductility,16.0,%,0.0,0.0,0.205,0.0,0.0,0.0,0.0,0.0,0.0,0.25,0.035,0.04,0.0,0.0,0.0,0.0,0.5,0.7749999999999999,97.445,0.0,0.55,0.0,0.0,0.0,0.0,0.0,0.0,0.2,0.0,0.0,0.0,0.0,0.0,0.0,0.0,0.0,,,"Quenched From Carburizing Box, 25 mm (1 In.) Round","Quenched From Carburizing Box, 25 mm (1 In.) Round",772,2,Quenched (oil) – general-purpose steel (tested),2
,,,1,Steel database with labelled clusters,,,AISI 4419H Steel,Ultimate tensile strength,710.0,MPa,Yield strength,425.0,MPa,Ductility,24.0,%,0.0,0.0,0.2,0.0,0.0,0.0,0.0,0.0,0.0,0.25,0.035,0.04,0.0,0.0,0.0,0.0,0.0,0.55,98.4,0.0,0.0,0.0,0.0,0.0,0.0,0.0,0.0,0.525,0.0,0.0,0.0,0.0,0.0,0.0,0.0,0.0,,,"Mock Carburized, 230C (450F) Temper, 14 mm (0.55 In.) Round","Mock Carburized, 230C (450F) Temper, 14 mm (0.55 In.) Round",327,8,Carburized – quenched (oil) – wear-resistant surface steel (variant),8
,,,1,Steel database with labelled clusters,,,AISI 5150H Steel,Ultimate tensile strength,993.0,MPa,Yield strength,903.0,MPa,Ductility,19.0,%,0.0,0.0,0.505,0.0,0.0,0.0,0.0,0.0,0.0,0.2249999999999999,0.035,0.04,0.0,0.0,0.0,0.0,0.8,0.8,97.595,0.0,0.0,0.0,0.0,0.0,0.0,0.0,0.0,0.0,0.0,0.0,0.0,0.0,0.0,0.0,0.0,0.0,,,"Oil Quenched From 830C (1525F), 595C (1100F) Temper, 13 mm (0.5 In.) Round","Oil Quenched From 830C (1525F), 595C (1100F) Temper, 13 mm (0.5 In.) Round",561,6,Quenched (oil) & tempered – high-strength structural steel,6
,,,1,Steel database with labelled clusters,,,AISI E9310H Steel,Ultimate tensile strength,1089.0,MPa,Yield strength,848.0,MPa,Ductility,16.0,%,0.0,0.0,0.1,0.0,0.0,0.0,0.0,0.0,0.0,0.2249999999999999,0.0,0.05,0.0,0.0,0.0,0.0,1.225,0.55,94.485,0.0,3.25,0.0,0.0,0.0,0.0,0.0,0.0,0.1149999999999999,0.0,0.0,0.0,0.0,0.0,0.0,0.0,0.0,,,"Mock Carburized, 790C (1450F) Reheat, 230C (450F) Temper, 25 mm (1 In.) Round","Mock Carburized, 790C (1450F) Reheat, 230C (450F) Temper, 25 mm (1 In.) Round",1081,8,Carburized – quenched (oil) – wear-resistant surface steel (variant),8
,,,1,Steel database with labelled clusters,,,AISI 4815H Steel,Ultimate tensile strength,1025.0,MPa,Yield strength,855.0,MPa,Ductility,15.0,%,0.0,0.0,0.15,0.0,0.0,0.0,0.0,0.0,0.0,0.2249999999999999,0.035,0.04,0.0,0.0,0.0,0.0,0.0,0.5,95.3,0.0,3.5,0.0,0.0,0.0,0.0,0.0,0.0,0.25,0.0,0.0,0.0,0.0,0.0,0.0,0.0,0.0,,,"Pseudocarburized, Reheated To 775C (1430F) And Oil Quenched, 150C (300F) Temper, 25 mm (1 In.) Round","Pseudocarburized, Reheated To 775C (1430F) And Oil Quenched, 150C (300F) Temper, 25 mm (1 In.) Round",711,0,Carburized – quenched (oil) – wear-resistant surface steel,0
,,,1,Steel database with labelled clusters,,,ASTM A678 Steel,Ultimate tensile strength,585.0,MPa,Yield strength,450.0,MPa,Ductility,19.0,%,0.0,0.0,0.22,0.0,0.0,0.0,0.0,0.0,0.0,0.35,0.04,0.05,0.0,0.0,0.0,0.0,0.25,1.3,97.185,0.0,0.25,0.275,0.0,0.0,0.0,0.0,0.0,0.08,0.0,0.0,0.0,0.0,0.0,0.0,0.0,0.0,,,Grade C,Grade C,1269,1,Hot rolled – general construction steel,1
,,,1,Steel database with labelled clusters,,,AISI 4620 Steel,Ultimate tensile strength,660.0,MPa,Yield strength,425.0,MPa,Ductility,26.0,%,0.0,0.0,0.195,0.0,0.0,0.0,0.0,0.0,0.0,0.25,0.035,0.04,0.0,0.0,0.0,0.0,0.0,0.55,96.855,0.0,1.825,0.0,0.0,0.0,0.0,0.0,0.0,0.25,0.0,0.0,0.0,0.0,0.0,0.0,0.0,0.0,,,"Mock Carburized, 230C (450F) Temper, 50 mm (2 In.) Round","Mock Carburized, 230C (450F) Temper, 50 mm (2 In.) Round",342,8,Carburized – quenched (oil) – wear-resistant surface steel (variant),8
,,,1,Steel database with labelled clusters,,,AISI 51B60 Steel,Ultimate tensile strength,931.0,MPa,Yield strength,635.0,MPa,Ductility,20.0,%,0.0,0.00175,0.6000000000000001,0.0,0.0,0.0,0.0,0.0,0.0,0.2249999999999999,0.035,0.04,0.0,0.0,0.0,0.0,0.8,0.875,97.42325,0.0,0.0,0.0,0.0,0.0,0.0,0.0,0.0,0.0,0.0,0.0,0.0,0.0,0.0,0.0,0.0,0.0,,,"Oil Quenched From 830C (1525F), 595C (1100F) Temper, 50 mm (2 In.) Round","Oil Quenched From 830C (1525F), 595C (1100F) Temper, 50 mm (2 In.) Round",630,6,Quenched (oil) & tempered – high-strength structural steel,6
,,,1,Steel database with labelled clusters,,,AISI 4130 Steel,Ultimate tensile strength,800.0,MPa,Yield strength,635.0,MPa,Ductility,21.0,%,0.0,0.0,0.305,0.0,0.0,0.0,0.0,0.0,0.0,0.2249999999999999,0.035,0.04,0.0,0.0,0.0,0.0,0.95,0.5,97.745,0.0,0.0,0.0,0.0,0.0,0.0,0.0,0.0,0.2,0.0,0.0,0.0,0.0,0.0,0.0,0.0,0.0,,,"Water Quenched 855C (1570F), 540C (1000F) Temper, 100 mm (4 In.) Round","Water Quenched 855C (1570F), 540C (1000F) Temper, 100 mm (4 In.) Round",148,10,Quenched (water) & tempered – high-strength structural steel,10
,,,1,Steel database with labelled clusters,,,ASTM A131 Steel,Ultimate tensile strength,470.0,MPa,Yield strength,315.0,MPa,Ductility,19.0,%,0.0,0.0,0.18,0.0,0.0,0.0,0.0,0.0,0.0,0.3,0.04,0.05,0.0,0.0,0.0,0.1,0.25,1.25,96.95,0.0,0.4,0.35,0.0,0.0,0.0,0.0,0.05,0.08,0.0,0.0,0.0,0.0,0.0,0.0,0.0,0.0,,,Grade Dh32,Grade Dh32,1173,1,Hot rolled – general construction steel,1
,,,1,Steel database with labelled clusters,,,AISI 4320 Steel,Ultimate tensile strength,793.0,MPa,Yield strength,460.0,MPa,Ductility,20.0,%,0.0,0.0,0.195,0.0,0.0,0.0,0.0,0.0,0.0,0.2249999999999999,0.035,0.04,0.0,0.0,0.0,0.0,0.5,0.55,96.38,0.0,1.825,0.0,0.0,0.0,0.0,0.0,0.0,0.25,0.0,0.0,0.0,0.0,0.0,0.0,0.0,0.0,,,"Normalized 895C (1640F), Air Cooled, 25 mm (1 In.) Round","Normalized 895C (1640F), Air Cooled, 25 mm (1 In.) Round",361,4,Normalized (air cooled) – general-purpose steel,4
,,,1,Steel database with labelled clusters,,,AISI 4130H Steel,Ultimate tensile strength,731.0,MPa,Yield strength,460.0,MPa,Ductility,25.0,%,0.0,0.0,0.3,0.0,0.0,0.0,0.0,0.0,0.0,0.25,0.035,0.04,0.0,0.0,0.0,0.0,0.975,0.5,97.7,0.0,0.0,0.0,0.0,0.0,0.0,0.0,0.0,0.2,0.0,0.0,0.0,0.0,0.0,0.0,0.0,0.0,,,"Normalized At 870C (1600F), Air Cooled, 13 mm (0.5 In.) Round","Normalized At 870C (1600F), Air Cooled, 13 mm (0.5 In.) Round",84,4,Normalized (air cooled) – general-purpose steel,4
,,,1,Steel database with labelled clusters,,,AISI 4140 Steel,Ultimate tensile strength,1860.0,MPa,Yield strength,1655.0,MPa,Ductility,11.0,%,0.0,0.0,0.405,0.0,0.0,0.0,0.0,0.0,0.0,0.2249999999999999,0.035,0.04,0.0,0.0,0.0,0.0,0.95,0.875,97.27,0.0,0.0,0.0,0.0,0.0,0.0,0.0,0.0,0.2,0.0,0.0,0.0,0.0,0.0,0.0,0.0,0.0,,,"Normalized At 870C (1600F), Reheated To 845C (1550F), Oil Quenched, 260C (500F) Temper, 25 mm (1 In.) Round","Normalized At 870C (1600F), Reheated To 845C (1550F), Oil Quenched, 260C (500F) Temper, 25 mm (1 In.) Round",49,0,Carburized – quenched (oil) – wear-resistant surface steel,0
,,,1,Steel database with labelled clusters,,,AISI 4620H Steel,Ultimate tensile strength,1022.0,MPa,Yield strength,802.0,MPa,Ductility,17.0,%,0.0,0.0,0.2,0.0,0.0,0.0,0.0,0.0,0.0,0.25,0.035,0.04,0.0,0.0,0.0,0.0,0.0,0.55,96.9,0.0,1.775,0.0,0.0,0.0,0.0,0.0,0.0,0.25,0.0,0.0,0.0,0.0,0.0,0.0,0.0,0.0,,,"Direct Quench From Pot, Carburized, Oil Quenched, 150C (300F) Temper","Direct Quench From Pot, Carburized, Oil Quenched, 150C (300F) Temper",469,5,Carburized – quenched (oil) – wear-resistant surface steel (variant),5
,,,1,Steel database with labelled clusters,,,AISI 4118 Steel,Ultimate tensile strength,951.0,MPa,Yield strength,620.0,MPa,Ductility,18.0,%,0.0,0.0,0.205,0.0,0.0,0.0,0.0,0.0,0.0,0.25,0.035,0.04,0.0,0.0,0.0,0.0,0.5,0.8,98.055,0.0,0.0,0.0,0.0,0.0,0.0,0.0,0.0,0.1149999999999999,0.0,0.0,0.0,0.0,0.0,0.0,0.0,0.0,,,"Single Quenched And Tempered, Carburized, 230C (450F) Temper","Single Quenched And Tempered, Carburized, 230C (450F) Temper",156,5,Carburized – quenched (oil) – wear-resistant surface steel (variant),5
,,,1,Steel database with labelled clusters,,,AISI 6150H Steel,Ultimate tensile strength,972.0,MPa,Yield strength,640.0,MPa,Ductility,20.0,%,0.0,0.0,0.505,0.0,0.0,0.0,0.0,0.0,0.0,0.2249999999999999,0.035,0.04,0.0,0.0,0.0,0.15,0.975,0.8,97.27,0.0,0.0,0.0,0.0,0.0,0.0,0.0,0.0,0.0,0.0,0.0,0.0,0.0,0.0,0.0,0.0,0.0,,,"Normalized, 13 mm (0.5 In.) Round","Normalized, 13 mm (0.5 In.) Round",734,9,Normalized – general-purpose steel (round normalized stock),9
,,,1,Steel database with labelled clusters,,,AISI 1050 Steel,Ultimate tensile strength,721.0,MPa,Yield strength,450.0,MPa,Ductility,25.0,%,0.0,0.0,0.51,0.0,0.0,0.0,0.0,0.0,0.0,0.0,0.04,0.05,0.0,0.0,0.0,0.0,0.0,0.75,98.65,0.0,0.0,0.0,0.0,0.0,0.0,0.0,0.0,0.0,0.0,0.0,0.0,0.0,0.0,0.0,0.0,0.0,,,"Water Quenched From 830C (1525F), 650C (1200F) Temper, 100 mm (4 In.) Round","Water Quenched From 830C (1525F), 650C (1200F) Temper, 100 mm (4 In.) Round",1683,10,Quenched (water) & tempered – high-strength structural steel,10
,,,1,Steel database with labelled clusters,,,AISI 1040 Steel,Ultimate tensile strength,550.0,MPa,Yield strength,485.0,MPa,Ductility,10.0,%,0.0,0.0,0.405,0.0,0.0,0.0,0.0,0.0,0.0,0.0,0.04,0.05,0.0,0.0,0.0,0.0,0.0,0.75,98.755,0.0,0.0,0.0,0.0,0.0,0.0,0.0,0.0,0.0,0.0,0.0,0.0,0.0,0.0,0.0,0.0,0.0,,,"As Cold Drawn, 32-50 mm (1.25-2 In) Round","As Cold Drawn, 32-50 mm (1.25-2 In) Round",1571,3,Normalized – easy-to-machine stock (cold drawn),3
,,,1,Steel database with labelled clusters,,,ASTM A533 Low Alloy Steel,Ultimate tensile strength,550.0,MPa,Yield strength,345.0,MPa,Ductility,18.0,%,0.0,0.0,0.25,0.0,0.0,0.0,0.0,0.0,0.0,0.275,0.04,0.04,0.0,0.0,0.0,0.0,0.0,1.325,96.995,0.0,0.55,0.0,0.0,0.0,0.0,0.0,0.0,0.525,0.0,0.0,0.0,0.0,0.0,0.0,0.0,0.0,,,"Grade B, Class 1","Grade B, Class 1",1383,1,Hot rolled – general construction steel,1
,,,1,Steel database with labelled clusters,,,BS 970/3(91) 070M55 Nonresulfurized Carbon Steel,Ultimate tensile strength,700.0,MPa,Yield strength,415.0,MPa,Ductility,14.0,%,0.0,0.0,0.55,0.0,0.0,0.0,0.0,0.0,0.0,0.25,0.0,0.05,0.0,0.0,0.0,0.0,0.0,0.7,98.3,0.0,0.0,0.0,0.0,0.0,0.0,0.0,0.0,0.15,0.0,0.0,0.0,0.0,0.0,0.0,0.0,0.0,,,29-100 mm (1.125 - 4.0 In) Hot Rolled Cold Drawn,29-100 mm (1.125 - 4.0 In) Hot Rolled Cold Drawn,1933,3,Normalized – easy-to-machine stock (cold drawn),3
,,,1,Steel database with labelled clusters,,,AISI 1049 Steel,Ultimate tensile strength,634.0,MPa,Yield strength,531.0,MPa,Ductility,10.0,%,0.0,0.0,0.495,0.0,0.0,0.0,0.0,0.0,0.0,0.0,0.04,0.05,0.0,0.0,0.0,0.0,0.0,0.75,98.665,0.0,0.0,0.0,0.0,0.0,0.0,0.0,0.0,0.0,0.0,0.0,0.0,0.0,0.0,0.0,0.0,0.0,,,Annealed Cold Drawn Bar (Uns G10490),Annealed Cold Drawn Bar (Uns G10490),1893,2,Quenched (oil) – general-purpose steel (tested),2
,,,1,Steel database with labelled clusters,,,AISI E4340 Steel,Ultimate tensile strength,1110.0,MPa,Yield strength,710.0,MPa,Ductility,13.0,%,0.0,0.0,0.405,0.0,0.0,0.0,0.0,0.0,0.0,0.2249999999999999,0.025,0.02,0.0,0.0,0.0,0.0,0.8,0.75,95.7,0.0,1.825,0.0,0.0,0.0,0.0,0.0,0.0,0.25,0.0,0.0,0.0,0.0,0.0,0.0,0.0,0.0,,,"Normalized, 100 mm (4 In.) Round","Normalized, 100 mm (4 In.) Round",501,9,Normalized – general-purpose steel (round normalized stock),9
,,,1,Steel database with labelled clusters,,,AISI E9310 Steel,Ultimate tensile strength,1200.0,MPa,Yield strength,1034.0,MPa,Ductility,15.0,%,0.0,0.0,0.105,0.0,0.0,0.0,0.0,0.0,0.0,0.275,0.025,0.025,0.0,0.0,0.0,0.0,1.2,0.55,94.455,0.0,3.25,0.0,0.0,0.0,0.0,0.0,0.0,0.1149999999999999,0.0,0.0,0.0,0.0,0.0,0.0,0.0,0.0,,,"Normalized, Machined To 25 mm (1 In.) Rounds, Pseudocarburized, 150C (300F) Temper","Normalized, Machined To 25 mm (1 In.) Rounds, Pseudocarburized, 150C (300F) Temper",980,0,Carburized – quenched (oil) – wear-resistant surface steel,0
,,,1,Steel database with labelled clusters,,,AISI 4140H Steel,Ultimate tensile strength,814.0,MPa,Yield strength,485.0,MPa,Ductility,22.0,%,0.0,0.0,0.405,0.0,0.0,0.0,0.0,0.0,0.0,0.2249999999999999,0.035,0.04,0.0,0.0,0.0,0.0,0.975,0.875,97.22,0.0,0.0,0.0,0.0,0.0,0.0,0.0,0.0,0.2249999999999999,0.0,0.0,0.0,0.0,0.0,0.0,0.0,0.0,,,"Normalized At 870C (1600F), Air Cooled, 100 mm (4 In.) Round","Normalized At 870C (1600F), Air Cooled, 100 mm (4 In.) Round",180,4,Normalized (air cooled) – general-purpose steel,4
,,,1,Steel database with labelled clusters,,,AISI 1050 Steel,Ultimate tensile strength,786.0,MPa,Yield strength,486.0,MPa,Ductility,23.0,%,0.0,0.0,0.51,0.0,0.0,0.0,0.0,0.0,0.0,0.0,0.04,0.05,0.0,0.0,0.0,0.0,0.0,0.75,98.65,0.0,0.0,0.0,0.0,0.0,0.0,0.0,0.0,0.0,0.0,0.0,0.0,0.0,0.0,0.0,0.0,0.0,,,"Oil Quenched 845C (1550F), 595C (1100F) Temper, 25 mm (1 In.) Round","Oil Quenched 845C (1550F), 595C (1100F) Temper, 25 mm (1 In.) Round",1649,6,Quenched (oil) & tempered – high-strength structural steel,6
,,,1,Steel database with labelled clusters,,,AISI 8822H Steel,Ultimate tensile strength,1176.0,MPa,Yield strength,654.0,MPa,Ductility,12.0,%,0.0,0.0,0.22,0.0,0.0,0.0,0.0,0.0,0.0,0.2249999999999999,0.035,0.04,0.0,0.0,0.0,0.0,0.5,0.875,97.205,0.0,0.55,0.0,0.0,0.0,0.0,0.0,0.0,0.35,0.0,0.0,0.0,0.0,0.0,0.0,0.0,0.0,,,"Normalized, Machined To 25 mm (1 In.) Rounds, Pseudocarburized, 775C (1430F) Reheat, 150C (300F) Temper","Normalized, Machined To 25 mm (1 In.) Rounds, Pseudocarburized, 775C (1430F) Reheat, 150C (300F) Temper",969,0,Carburized – quenched (oil) – wear-resistant surface steel,0
,,,1,Steel database with labelled clusters,,,AISI 8620H Steel,Ultimate tensile strength,807.0,MPa,Yield strength,505.0,MPa,Ductility,23.0,%,0.0,0.0,0.205,0.0,0.0,0.0,0.0,0.0,0.0,0.25,0.035,0.04,0.0,0.0,0.0,0.0,0.5,0.7749999999999999,97.445,0.0,0.55,0.0,0.0,0.0,0.0,0.0,0.0,0.2,0.0,0.0,0.0,0.0,0.0,0.0,0.0,0.0,,,"Mock Carburized, Reheated And Quenched, 150C (300F) Temper, 50 mm (2 In.) Round","Mock Carburized, Reheated And Quenched, 150C (300F) Temper, 50 mm (2 In.) Round",746,8,Carburized – quenched (oil) – wear-resistant surface steel (variant),8
,,,1,Steel database with labelled clusters,,,ASTM A514 Steel,Ultimate tensile strength,760.0,MPa,Yield strength,690.0,MPa,Ductility,18.0,%,0.0,0.003,0.1649999999999999,0.0,0.0,0.0,0.0,0.0,0.0,0.275,0.04,0.04,0.0,0.0,0.0,0.0,0.0,0.575,97.027,0.0,1.35,0.0,0.0,0.0,0.0,0.0,0.0,0.525,0.0,0.0,0.0,0.0,0.0,0.0,0.0,0.0,,,"Grade M, Plate Thickness 19-64 mm","Grade M, Plate Thickness 19-64 mm",1208,11,plate – no special treatment – general-purpose steel,11
,,,1,Steel database with labelled clusters,,,AISI 1040 Steel,Ultimate tensile strength,525.0,MPa,Yield strength,290.0,MPa,Ductility,18.0,%,0.0,0.0,0.405,0.0,0.0,0.0,0.0,0.0,0.0,0.0,0.04,0.05,0.0,0.0,0.0,0.0,0.0,0.75,98.755,0.0,0.0,0.0,0.0,0.0,0.0,0.0,0.0,0.0,0.0,0.0,0.0,0.0,0.0,0.0,0.0,0.0,,,"Hot Rolled, 19-32 mm (0.75-1.25 In) Round","Hot Rolled, 19-32 mm (0.75-1.25 In) Round",1600,3,Normalized – easy-to-machine stock (cold drawn),3
,,,1,Steel database with labelled clusters,,,AISI 5140 Steel,Ultimate tensile strength,827.0,MPa,Yield strength,525.0,MPa,Ductility,22.0,%,0.0,0.0,0.405,0.0,0.0,0.0,0.0,0.0,0.0,0.2249999999999999,0.035,0.04,0.0,0.0,0.0,0.0,0.8,0.8,97.695,0.0,0.0,0.0,0.0,0.0,0.0,0.0,0.0,0.0,0.0,0.0,0.0,0.0,0.0,0.0,0.0,0.0,,,"Normalized, 13 mm (0.5 In.) Round","Normalized, 13 mm (0.5 In.) Round",529,9,Normalized – general-purpose steel (round normalized stock),9
,,,1,Steel database with labelled clusters,,,AISI 4620H Steel,Ultimate tensile strength,883.0,MPa,Yield strength,758.0,MPa,Ductility,16.0,%,0.0,0.0,0.2,0.0,0.0,0.0,0.0,0.0,0.0,0.25,0.035,0.04,0.0,0.0,0.0,0.0,0.0,0.55,96.9,0.0,1.775,0.0,0.0,0.0,0.0,0.0,0.0,0.25,0.0,0.0,0.0,0.0,0.0,0.0,0.0,0.0,,,"Normalized, Machined To 25 mm (1 In.) Rounds, Pseudocarburized, Reheated To 775C (1430F), Quenched And Tempered","Normalized, Machined To 25 mm (1 In.) Rounds, Pseudocarburized, Reheated To 775C (1430F), Quenched And Tempered",347,0,Carburized – quenched (oil) – wear-resistant surface steel,0
,,,1,Steel database with labelled clusters,,,ASTM A736 Low Alloy Steel,Ultimate tensile strength,690.0,MPa,Yield strength,620.0,MPa,Ductility,20.0,%,0.0,0.0,0.07,0.0,0.0,0.0,0.0,0.0,0.0,0.4,0.03,0.03,0.0,0.0,0.0,0.0,0.0,1.475,95.975,0.0,0.85,1.15,0.0,0.0,0.0,0.0,0.02,0.0,0.0,0.0,0.0,0.0,0.0,0.0,0.0,0.0,,,"Grade C, Class 1","Grade C, Class 1",1367,1,Hot rolled – general construction steel,1
,,,1,Steel database with labelled clusters,,,AISI 1541 Steel,Ultimate tensile strength,648.0,MPa,Yield strength,552.0,MPa,Ductility,10.0,%,0.0,0.0,0.4,0.0,0.0,0.0,0.0,0.0,0.0,0.0,0.04,0.05,0.0,0.0,0.0,0.0,0.0,1.5,98.01,0.0,0.0,0.0,0.0,0.0,0.0,0.0,0.0,0.0,0.0,0.0,0.0,0.0,0.0,0.0,0.0,0.0,,,Annealed And Cold Drawn Bar (Uns G15410),Annealed And Cold Drawn Bar (Uns G15410),1950,2,Quenched (oil) – general-purpose steel (tested),2
,,,1,Steel database with labelled clusters,,,BS 970/1(83) 070M55 Nonresulfurized Carbon Steel,Ultimate tensile strength,700.0,MPa,Yield strength,355.0,MPa,Ductility,12.0,%,0.0,0.0,0.55,0.0,0.0,0.0,0.0,0.0,0.0,0.0,0.05,0.05,0.0,0.0,0.0,0.0,0.0,0.7,98.65,0.0,0.0,0.0,0.0,0.0,0.0,0.0,0.0,0.0,0.0,0.0,0.0,0.0,0.0,0.0,0.0,0.0,,,6-63 mm (0.25-2.5 In),6-63 mm (0.25-2.5 In),1970,3,Normalized – easy-to-machine stock (cold drawn),3
,,,1,Steel database with labelled clusters,,,AISI 1141 Steel,Ultimate tensile strength,745.0,MPa,Yield strength,515.0,MPa,Ductility,21.0,%,0.0,0.0,0.41,0.0,0.0,0.0,0.0,0.0,0.0,0.0,0.04,0.105,0.0,0.0,0.0,0.0,0.0,1.5,97.945,0.0,0.0,0.0,0.0,0.0,0.0,0.0,0.0,0.0,0.0,0.0,0.0,0.0,0.0,0.0,0.0,0.0,,,"Oil Quenched From 815C, 540C (1000F) Temper, 50 mm (2 In.) Round","Oil Quenched From 815C, 540C (1000F) Temper, 50 mm (2 In.) Round",1964,6,Quenched (oil) & tempered – high-strength structural steel,6
,,,1,Steel database with labelled clusters,,,AISI E9310H Steel,Ultimate tensile strength,1203.0,MPa,Yield strength,958.0,MPa,Ductility,15.0,%,0.0,0.0,0.1,0.0,0.0,0.0,0.0,0.0,0.0,0.2249999999999999,0.0,0.05,0.0,0.0,0.0,0.0,1.225,0.55,94.485,0.0,3.25,0.0,0.0,0.0,0.0,0.0,0.0,0.1149999999999999,0.0,0.0,0.0,0.0,0.0,0.0,0.0,0.0,,,"Double Quenched And Tempered At 150C (300F), 1.4 mm Case Depth","Double Quenched And Tempered At 150C (300F), 1.4 mm Case Depth",953,5,Carburized – quenched (oil) – wear-resistant surface steel (variant),5
,,,1,Steel database with labelled clusters,,,AISI 5150 Steel,Ultimate tensile strength,821.0,MPa,Yield strength,605.0,MPa,Ductility,22.0,%,0.0,0.0,0.505,0.0,0.0,0.0,0.0,0.0,0.0,0.2249999999999999,0.035,0.04,0.0,0.0,0.0,0.0,0.8,0.8,97.595,0.0,0.0,0.0,0.0,0.0,0.0,0.0,0.0,0.0,0.0,0.0,0.0,0.0,0.0,0.0,0.0,0.0,,,"Oil Quenched From 830C (1525F), 650C (1200F) Temper, 50 mm (2 In.) Round","Oil Quenched From 830C (1525F), 650C (1200F) Temper, 50 mm (2 In.) Round",602,6,Quenched (oil) & tempered – high-strength structural steel,6
,,,1,Steel database with labelled clusters,,,ASTM A573 Steel,Ultimate tensile strength,400.0,MPa,Yield strength,220.0,MPa,Ductility,21.0,%,0.0,0.0,0.23,0.0,0.0,0.0,0.0,0.0,0.0,0.2249999999999999,0.04,0.05,0.0,0.0,0.0,0.0,0.0,0.75,98.705,0.0,0.0,0.0,0.0,0.0,0.0,0.0,0.0,0.0,0.0,0.0,0.0,0.0,0.0,0.0,0.0,0.0,,,Grade 58,Grade 58,1356,1,Hot rolled – general construction steel,1
,,,1,Steel database with labelled clusters,,,AISI 4340 Steel,Ultimate tensile strength,855.0,MPa,Yield strength,731.0,MPa,Ductility,21.0,%,0.0,0.0,0.4,0.0,0.0,0.0,0.0,0.0,0.0,0.2249999999999999,0.035,0.04,0.0,0.0,0.0,0.0,0.8,0.7,95.725,0.0,1.825,0.0,0.0,0.0,0.0,0.0,0.0,0.25,0.0,0.0,0.0,0.0,0.0,0.0,0.0,0.0,,,"Oil Quenched 800C (1470F), 650C (1200F) Temper, 100 mm","Oil Quenched 800C (1470F), 650C (1200F) Temper, 100 mm",244,6,Quenched (oil) & tempered – high-strength structural steel,6
,,,1,Steel database with labelled clusters,,,AISI 86B30H Steel,Ultimate tensile strength,660.0,MPa,Yield strength,495.0,MPa,Ductility,25.0,%,0.0,0.00175,0.3,0.0,0.0,0.0,0.0,0.0,0.0,0.2249999999999999,0.035,0.04,0.0,0.0,0.0,0.0,0.5,0.8,97.34825,0.0,0.55,0.0,0.0,0.0,0.0,0.0,0.0,0.2,0.0,0.0,0.0,0.0,0.0,0.0,0.0,0.0,,,"Water Quenched 845C (1550F), 595C (1100F) Temper, 100 mm (4 In.) Round","Water Quenched 845C (1550F), 595C (1100F) Temper, 100 mm (4 In.) Round",842,10,Quenched (water) & tempered – high-strength structural steel,10
,,,1,Steel database with labelled clusters,,,AISI 1117 Steel,Ultimate tensile strength,465.0,MPa,Yield strength,305.0,MPa,Ductility,34.0,%,0.0,0.0,0.17,0.0,0.0,0.0,0.0,0.0,0.0,0.0,0.04,0.105,0.0,0.0,0.0,0.0,0.0,1.15,98.535,0.0,0.0,0.0,0.0,0.0,0.0,0.0,0.0,0.0,0.0,0.0,0.0,0.0,0.0,0.0,0.0,0.0,,,Normalized At 900C (1650F),Normalized At 900C (1650F),1791,4,Normalized (air cooled) – general-purpose steel,4
,,,1,Steel database with labelled clusters,,,AISI 1018 Steel,Ultimate tensile strength,415.0,MPa,Yield strength,310.0,MPa,Ductility,20.0,%,0.0,0.0,0.17,0.0,0.0,0.0,0.0,0.0,0.0,0.0,0.04,0.05,0.0,0.0,0.0,0.0,0.0,0.75,98.99,0.0,0.0,0.0,0.0,0.0,0.0,0.0,0.0,0.0,0.0,0.0,0.0,0.0,0.0,0.0,0.0,0.0,,,"Cold Drawn, High Temperature, Stress Relieved, 22-32 mm (0.875-1.25 In) Round","Cold Drawn, High Temperature, Stress Relieved, 22-32 mm (0.875-1.25 In) Round",1457,0,Carburized – quenched (oil) – wear-resistant surface steel,0
,,,1,Steel database with labelled clusters,,,AISI 4320 Steel,Ultimate tensile strength,580.0,MPa,Yield strength,425.0,MPa,Ductility,29.0,%,0.0,0.0,0.195,0.0,0.0,0.0,0.0,0.0,0.0,0.2249999999999999,0.035,0.04,0.0,0.0,0.0,0.0,0.5,0.55,96.38,0.0,1.825,0.0,0.0,0.0,0.0,0.0,0.0,0.25,0.0,0.0,0.0,0.0,0.0,0.0,0.0,0.0,,,"Annealed (Heated To 850C (1560F), Furnace Cooled 15C/Hr. To 420C, Air Cooled), 25 mm (1 In.) Round","Annealed (Heated To 850C (1560F), Furnace Cooled 15C/Hr. To 420C, Air Cooled), 25 mm (1 In.) Round",313,7,Annealed – easy-to-machine – round annealed stock,7
,,,1,Steel database with labelled clusters,,,AISI 4620H Steel,Ultimate tensile strength,1000.0,MPa,Yield strength,807.0,MPa,Ductility,17.0,%,0.0,0.0,0.2,0.0,0.0,0.0,0.0,0.0,0.0,0.25,0.035,0.04,0.0,0.0,0.0,0.0,0.0,0.55,96.9,0.0,1.775,0.0,0.0,0.0,0.0,0.0,0.0,0.25,0.0,0.0,0.0,0.0,0.0,0.0,0.0,0.0,,,"Normalized, Machined To 13.7 mm Rounds, Pseudocarburized, Reheated To 830C (1525F), Quenched And Tempered","Normalized, Machined To 13.7 mm Rounds, Pseudocarburized, Reheated To 830C (1525F), Quenched And Tempered",436,0,Carburized – quenched (oil) – wear-resistant surface steel,0
,,,1,Steel database with labelled clusters,,,AISI 1060 Steel,Ultimate tensile strength,745.0,MPa,Yield strength,353.0,MPa,Ductility,18.0,%,0.0,0.0,0.605,0.0,0.0,0.0,0.0,0.0,0.0,0.0,0.04,0.05,0.0,0.0,0.0,0.0,0.0,0.75,98.555,0.0,0.0,0.0,0.0,0.0,0.0,0.0,0.0,0.0,0.0,0.0,0.0,0.0,0.0,0.0,0.0,0.0,,,"Normalized At 900C (1650F), Air Cooled, 100 mm (4 In.) Round","Normalized At 900C (1650F), Air Cooled, 100 mm (4 In.) Round",1870,4,Normalized (air cooled) – general-purpose steel,4
,,,1,Steel database with labelled clusters,,,AISI 8650 Steel,Ultimate tensile strength,958.0,MPa,Yield strength,640.0,MPa,Ductility,15.0,%,0.0,0.0,0.505,0.0,0.0,0.0,0.0,0.0,0.0,0.2249999999999999,0.035,0.045,0.0,0.0,0.0,0.0,0.5,0.875,97.065,0.0,0.55,0.0,0.0,0.0,0.0,0.0,0.0,0.2,0.0,0.0,0.0,0.0,0.0,0.0,0.0,0.0,,,"Normalized, 100 mm (4 In.) Round","Normalized, 100 mm (4 In.) Round",882,9,Normalized – general-purpose steel (round normalized stock),9
,,,1,Steel database with labelled clusters,,,AISI 4320 Steel,Ultimate tensile strength,841.0,MPa,Yield strength,510.0,MPa,Ductility,23.0,%,0.0,0.0,0.195,0.0,0.0,0.0,0.0,0.0,0.0,0.2249999999999999,0.035,0.04,0.0,0.0,0.0,0.0,0.5,0.55,96.38,0.0,1.825,0.0,0.0,0.0,0.0,0.0,0.0,0.25,0.0,0.0,0.0,0.0,0.0,0.0,0.0,0.0,,,"Normalized 895C (1640F), Air Cooled, 13 mm (0.5 In.) Round","Normalized 895C (1640F), Air Cooled, 13 mm (0.5 In.) Round",309,4,Normalized (air cooled) – general-purpose steel,4
,,,1,Steel database with labelled clusters,,,AISI 4820H Steel,Ultimate tensile strength,820.0,MPa,Yield strength,560.0,MPa,Ductility,23.0,%,0.0,0.0,0.2,0.0,0.0,0.0,0.0,0.0,0.0,0.2249999999999999,0.035,0.04,0.0,0.0,0.0,0.0,0.0,0.6000000000000001,95.15,0.0,3.5,0.0,0.0,0.0,0.0,0.0,0.0,0.25,0.0,0.0,0.0,0.0,0.0,0.0,0.0,0.0,,,"Mock Carburized, Reheated To 800C (1470F), 150C (300F) Temper, 100 mm (4 In.) Round","Mock Carburized, Reheated To 800C (1470F), 150C (300F) Temper, 100 mm (4 In.) Round",431,8,Carburized – quenched (oil) – wear-resistant surface steel (variant),8
,,,1,Steel database with labelled clusters,,,AISI 6150H Steel,Ultimate tensile strength,938.0,MPa,Yield strength,615.0,MPa,Ductility,21.0,%,0.0,0.0,0.505,0.0,0.0,0.0,0.0,0.0,0.0,0.2249999999999999,0.035,0.04,0.0,0.0,0.0,0.15,0.975,0.8,97.27,0.0,0.0,0.0,0.0,0.0,0.0,0.0,0.0,0.0,0.0,0.0,0.0,0.0,0.0,0.0,0.0,0.0,,,"Normalized, 25 mm (1 In.) Round","Normalized, 25 mm (1 In.) Round",661,9,Normalized – general-purpose steel (round normalized stock),9
,,,1,Steel database with labelled clusters,,,AISI E4340 H Steel,Ultimate tensile strength,1220.0,MPa,Yield strength,786.0,MPa,Ductility,13.0,%,0.0,0.0,0.405,0.0,0.0,0.0,0.0,0.0,0.0,0.2249999999999999,0.025,0.02,0.0,0.0,0.0,0.0,0.8,0.7749999999999999,95.725,0.0,1.775,0.0,0.0,0.0,0.0,0.0,0.0,0.25,0.0,0.0,0.0,0.0,0.0,0.0,0.0,0.0,,,"Normalized, 50 mm (2 In.) Round","Normalized, 50 mm (2 In.) Round",371,9,Normalized – general-purpose steel (round normalized stock),9
,,,1,Steel database with labelled clusters,,,AISI 5160 Steel,Ultimate tensile strength,917.0,MPa,Yield strength,793.0,MPa,Ductility,19.0,%,0.0,0.0,0.6000000000000001,0.0,0.0,0.0,0.0,0.0,0.0,0.2249999999999999,0.035,0.04,0.0,0.0,0.0,0.0,0.8,0.875,97.425,0.0,0.0,0.0,0.0,0.0,0.0,0.0,0.0,0.0,0.0,0.0,0.0,0.0,0.0,0.0,0.0,0.0,,,"Oil Quenched From 830C (1525F), 650C (1200F) Temper, 13 mm (0.5 In.) Round","Oil Quenched From 830C (1525F), 650C (1200F) Temper, 13 mm (0.5 In.) Round",567,6,Quenched (oil) & tempered – high-strength structural steel,6
,,,1,Steel database with labelled clusters,,,AISI 51B60 Steel,Ultimate tensile strength,724.0,MPa,Yield strength,275.0,MPa,Ductility,17.0,%,0.0,0.00175,0.6000000000000001,0.0,0.0,0.0,0.0,0.0,0.0,0.2249999999999999,0.035,0.04,0.0,0.0,0.0,0.0,0.8,0.875,97.42325,0.0,0.0,0.0,0.0,0.0,0.0,0.0,0.0,0.0,0.0,0.0,0.0,0.0,0.0,0.0,0.0,0.0,,,"Annealed, 25 mm (1 In.) Round","Annealed, 25 mm (1 In.) Round",923,3,Normalized – easy-to-machine stock (cold drawn),3
,,,1,Steel database with labelled clusters,,,AISI 4419H Steel,Ultimate tensile strength,679.0,MPa,Yield strength,376.0,MPa,Ductility,23.0,%,0.0,0.0,0.2,0.0,0.0,0.0,0.0,0.0,0.0,0.25,0.035,0.04,0.0,0.0,0.0,0.0,0.0,0.55,98.4,0.0,0.0,0.0,0.0,0.0,0.0,0.0,0.0,0.525,0.0,0.0,0.0,0.0,0.0,0.0,0.0,0.0,,,"Double Quenched And Tempered, 230C (450F)","Double Quenched And Tempered, 230C (450F)",182,5,Carburized – quenched (oil) – wear-resistant surface steel (variant),5
,,,1,Steel database with labelled clusters,,,AISI 51B60 Steel,Ultimate tensile strength,1050.0,MPa,Yield strength,924.0,MPa,Ductility,16.0,%,0.0,0.00175,0.6000000000000001,0.0,0.0,0.0,0.0,0.0,0.0,0.2249999999999999,0.035,0.04,0.0,0.0,0.0,0.0,0.8,0.875,97.42325,0.0,0.0,0.0,0.0,0.0,0.0,0.0,0.0,0.0,0.0,0.0,0.0,0.0,0.0,0.0,0.0,0.0,,,"Oil Quenched From 830C (1525F), 595C (1100F) Temper, 13 mm (0.5 In.) Round","Oil Quenched From 830C (1525F), 595C (1100F) Temper, 13 mm (0.5 In.) Round",818,6,Quenched (oil) & tempered – high-strength structural steel,6
,,,1,Steel database with labelled clusters,,,AISI 5150H Steel,Ultimate tensile strength,1095.0,MPa,Yield strength,1000.0,MPa,Ductility,16.0,%,0.0,0.0,0.505,0.0,0.0,0.0,0.0,0.0,0.0,0.2249999999999999,0.035,0.04,0.0,0.0,0.0,0.0,0.8,0.8,97.595,0.0,0.0,0.0,0.0,0.0,0.0,0.0,0.0,0.0,0.0,0.0,0.0,0.0,0.0,0.0,0.0,0.0,,,"Oil Quenched From 830C (1525F), 540C (1000F) Temper, 13 mm (0.5 In.) Round","Oil Quenched From 830C (1525F), 540C (1000F) Temper, 13 mm (0.5 In.) Round",622,6,Quenched (oil) & tempered – high-strength structural steel,6
,,,1,Steel database with labelled clusters,,,AISI 8620H Steel,Ultimate tensile strength,898.0,MPa,Yield strength,533.0,MPa,Ductility,22.0,%,0.0,0.0,0.205,0.0,0.0,0.0,0.0,0.0,0.0,0.25,0.035,0.04,0.0,0.0,0.0,0.0,0.5,0.7749999999999999,97.445,0.0,0.55,0.0,0.0,0.0,0.0,0.0,0.0,0.2,0.0,0.0,0.0,0.0,0.0,0.0,0.0,0.0,,,"Double Quenched And Tempered (230C (450F)), Carburized","Double Quenched And Tempered (230C (450F)), Carburized",917,5,Carburized – quenched (oil) – wear-resistant surface steel (variant),5
,,,1,Steel database with labelled clusters,,,AISI 1020 Steel,Ultimate tensile strength,889.0,MPa,Yield strength,495.0,MPa,Ductility,11.0,%,0.0,0.0,0.2,0.0,0.0,0.0,0.0,0.0,0.0,0.0,0.04,0.05,0.0,0.0,0.0,0.0,0.0,0.4499999999999999,99.26,0.0,0.0,0.0,0.0,0.0,0.0,0.0,0.0,0.0,0.0,0.0,0.0,0.0,0.0,0.0,0.0,0.0,,,"Mock Carburized At 915C (1680F) For 8 Hours, 775C (1430F) Reheat, Water Quenched, 175C (350F) Temper, 13 mm (0.5 In.) Round","Mock Carburized At 915C (1680F) For 8 Hours, 775C (1430F) Reheat, Water Quenched, 175C (350F) Temper, 13 mm (0.5 In.) Round",1603,8,Carburized – quenched (oil) – wear-resistant surface steel (variant),8
,,,1,Steel database with labelled clusters,,,AISI 1015 Steel,Ultimate tensile strength,436.0,MPa,Yield strength,330.0,MPa,Ductility,38.0,%,0.0,0.0,0.155,0.0,0.0,0.0,0.0,0.0,0.0,0.0,0.04,0.05,0.0,0.0,0.0,0.0,0.0,0.4499999999999999,99.305,0.0,0.0,0.0,0.0,0.0,0.0,0.0,0.0,0.0,0.0,0.0,0.0,0.0,0.0,0.0,0.0,0.0,,,"Normalized At 925C (1700F), 13 mm (0.5 In.) Round","Normalized At 925C (1700F), 13 mm (0.5 In.) Round",1443,4,Normalized (air cooled) – general-purpose steel,4
,,,1,Steel database with labelled clusters,,,AISI 1065 Steel,Ultimate tensile strength,690.0,MPa,Yield strength,380.0,MPa,Ductility,12.0,%,0.0,0.0,0.6499999999999999,0.0,0.0,0.0,0.0,0.0,0.0,0.0,0.04,0.05,0.0,0.0,0.0,0.0,0.0,0.75,98.51,0.0,0.0,0.0,0.0,0.0,0.0,0.0,0.0,0.0,0.0,0.0,0.0,0.0,0.0,0.0,0.0,0.0,,,"Hot Rolled, 19-32 mm (0.75-1.25 In) Round","Hot Rolled, 19-32 mm (0.75-1.25 In) Round",1813,3,Normalized – easy-to-machine stock (cold drawn),3
,,,1,Steel database with labelled clusters,,,AISI Type W1 Tool Steel,Ultimate tensile strength,1680.0,MPa,Yield strength,1500.0,MPa,Ductility,3.0,%,0.0,0.0,1.1,0.0,0.0,0.0,0.0,0.0,0.0,0.25,0.025,0.025,0.0,0.0,0.0,0.1,0.15,0.25,98.0,0.0,0.0,0.0,0.0,0.0,0.0,0.0,0.0,0.1,0.0,0.0,0.0,0.0,0.0,0.0,0.0,0.0,,,"Water Quenched At 775C (1425F), Tempered 350C (660F)","Water Quenched At 775C (1425F), Tempered 350C (660F)",2054,10,Quenched (water) & tempered – high-strength structural steel,10
,,,1,Steel database with labelled clusters,,,AISI 4130 Steel,Ultimate tensile strength,1110.0,MPa,Yield strength,951.0,MPa,Ductility,14.0,%,0.0,0.0,0.305,0.0,0.0,0.0,0.0,0.0,0.0,0.2249999999999999,0.035,0.04,0.0,0.0,0.0,0.0,0.95,0.5,97.745,0.0,0.0,0.0,0.0,0.0,0.0,0.0,0.0,0.2,0.0,0.0,0.0,0.0,0.0,0.0,0.0,0.0,,,"Water Quenched 855C (1570F), 480C (900F) Temper, 25 mm (1 In.) Round","Water Quenched 855C (1570F), 480C (900F) Temper, 25 mm (1 In.) Round",297,10,Quenched (water) & tempered – high-strength structural steel,10
,,,1,Steel database with labelled clusters,,,ASTM A735 Low Alloy Steel,Ultimate tensile strength,620.0,MPa,Yield strength,515.0,MPa,Ductility,12.0,%,0.0,0.0,0.06,0.0,0.0,0.0,0.0,0.0,0.0,0.4,0.04,0.03,0.0,0.0,0.0,0.0,0.0,1.7,97.435,0.0,0.0,0.275,0.0,0.0,0.0,0.0,0.06,0.0,0.0,0.0,0.0,0.0,0.0,0.0,0.0,0.0,,,Class 3,Class 3,1391,1,Hot rolled – general construction steel,1
,,,1,Steel database with labelled clusters,,,AISI 4820H Steel,Ultimate tensile strength,760.0,MPa,Yield strength,485.0,MPa,Ductility,24.0,%,0.0,0.0,0.2,0.0,0.0,0.0,0.0,0.0,0.0,0.2249999999999999,0.035,0.04,0.0,0.0,0.0,0.0,0.0,0.6000000000000001,95.15,0.0,3.5,0.0,0.0,0.0,0.0,0.0,0.0,0.25,0.0,0.0,0.0,0.0,0.0,0.0,0.0,0.0,,,Annealed 815C (1500F),Annealed 815C (1500F),462,7,Annealed – easy-to-machine – round annealed stock,7
,,,1,Steel database with labelled clusters,,,ASTM A678 Steel,Ultimate tensile strength,620.0,MPa,Yield strength,485.0,MPa,Ductility,19.0,%,0.0,0.0,0.22,0.0,0.0,0.0,0.0,0.0,0.0,0.35,0.04,0.05,0.0,0.0,0.0,0.0,0.25,1.3,97.185,0.0,0.25,0.275,0.0,0.0,0.0,0.0,0.0,0.08,0.0,0.0,0.0,0.0,0.0,0.0,0.0,0.0,,,"Grade C, Plate Thickness 19 - 38 mm","Grade C, Plate Thickness 19 - 38 mm",1275,11,plate – no special treatment – general-purpose steel,11
,,,1,Steel database with labelled clusters,,,AISI 1040 Steel,Ultimate tensile strength,515.0,MPa,Yield strength,450.0,MPa,Ductility,10.0,%,0.0,0.0,0.405,0.0,0.0,0.0,0.0,0.0,0.0,0.0,0.04,0.05,0.0,0.0,0.0,0.0,0.0,0.75,98.755,0.0,0.0,0.0,0.0,0.0,0.0,0.0,0.0,0.0,0.0,0.0,0.0,0.0,0.0,0.0,0.0,0.0,,,"As Cold Drawn, 50-75 mm (2-3 In) Round","As Cold Drawn, 50-75 mm (2-3 In) Round",1629,3,Normalized – easy-to-machine stock (cold drawn),3
,,,1,Steel database with labelled clusters,,,AISI 4718H Steel,Ultimate tensile strength,1096.0,MPa,Yield strength,601.0,MPa,Ductility,14.0,%,0.0,0.0,0.18,0.0,0.0,0.0,0.0,0.0,0.0,0.2249999999999999,0.04,0.04,0.0,0.0,0.0,0.0,0.4499999999999999,0.7749999999999999,96.89,0.0,1.05,0.0,0.0,0.0,0.0,0.0,0.0,0.35,0.0,0.0,0.0,0.0,0.0,0.0,0.0,0.0,,,"Pseudocarburized, Reheated To 765C (1700F) And Oil Quenched, 150C (300F) Temper, 25 mm Round","Pseudocarburized, Reheated To 765C (1700F) And Oil Quenched, 150C (300F) Temper, 25 mm Round",378,0,Carburized – quenched (oil) – wear-resistant surface steel,0
,,,1,Steel database with labelled clusters,,,AISI 1080 Steel,Ultimate tensile strength,931.0,MPa,Yield strength,440.0,MPa,Ductility,10.0,%,0.0,0.0,0.815,0.0,0.0,0.0,0.0,0.0,0.0,0.0,0.04,0.05,0.0,0.0,0.0,0.0,0.0,0.75,98.345,0.0,0.0,0.0,0.0,0.0,0.0,0.0,0.0,0.0,0.0,0.0,0.0,0.0,0.0,0.0,0.0,0.0,,,"Normalized At 900C (1650F), Air Cooled, 100 mm (4 In.) Round","Normalized At 900C (1650F), Air Cooled, 100 mm (4 In.) Round",1815,4,Normalized (air cooled) – general-purpose steel,4
,,,1,Steel database with labelled clusters,,,AISI 4118 Steel,Ultimate tensile strength,1220.0,MPa,Yield strength,896.0,MPa,Ductility,13.0,%,0.0,0.0,0.205,0.0,0.0,0.0,0.0,0.0,0.0,0.25,0.035,0.04,0.0,0.0,0.0,0.0,0.5,0.8,98.055,0.0,0.0,0.0,0.0,0.0,0.0,0.0,0.0,0.1149999999999999,0.0,0.0,0.0,0.0,0.0,0.0,0.0,0.0,,,"Direct Quenched From Pot, Carburized, 230C (450F) Temper","Direct Quenched From Pot, Carburized, 230C (450F) Temper",106,5,Carburized – quenched (oil) – wear-resistant surface steel (variant),5
,,,1,Steel database with labelled clusters,,,AISI 4140H Steel,Ultimate tensile strength,1595.0,MPa,Yield strength,1460.0,MPa,Ductility,12.0,%,0.0,0.0,0.405,0.0,0.0,0.0,0.0,0.0,0.0,0.2249999999999999,0.035,0.04,0.0,0.0,0.0,0.0,0.975,0.875,97.22,0.0,0.0,0.0,0.0,0.0,0.0,0.0,0.0,0.2249999999999999,0.0,0.0,0.0,0.0,0.0,0.0,0.0,0.0,,,"Heat Treated, Tempered 370C (700F), 25 mm (1 In.) Round","Heat Treated, Tempered 370C (700F), 25 mm (1 In.) Round",127,0,Carburized – quenched (oil) – wear-resistant surface steel,0
,,,1,Steel database with labelled clusters,,,ASTM A542 Low Alloy Steel,Ultimate tensile strength,655.0,MPa,Yield strength,515.0,MPa,Ductility,20.0,%,0.0,0.0,0.13,0.0,0.0,0.0,0.0,0.0,0.0,0.5,0.02,0.02,0.0,0.0,0.0,0.02,2.25,0.4499999999999999,96.11,0.0,0.25,0.25,0.0,0.0,0.0,0.0,0.0,0.0,0.0,0.0,0.0,0.0,0.0,0.0,0.0,0.0,,,"Grade B, Class 3","Grade B, Class 3",1361,1,Hot rolled – general construction steel,1
,,,1,Steel database with labelled clusters,,,ASTM A387 Alloy Steel,Ultimate tensile strength,415.0,MPa,Yield strength,205.0,MPa,Ductility,18.0,%,0.0,0.0,0.15,0.0,0.0,0.0,0.0,0.0,0.0,0.5,0.04,0.04,0.0,0.0,0.0,0.0,2.25,0.4499999999999999,95.57,0.0,0.0,0.0,0.0,0.0,0.0,0.0,0.0,1.0,0.0,0.0,0.0,0.0,0.0,0.0,0.0,0.0,,,"Grade 22, Class 1","Grade 22, Class 1",1309,1,Hot rolled – general construction steel,1
,,,1,Steel database with labelled clusters,,,AISI 4422 Steel,Ultimate tensile strength,965.0,MPa,Yield strength,670.0,MPa,Ductility,14.0,%,0.0,0.0,0.225,0.0,0.0,0.0,0.0,0.0,0.0,0.2249999999999999,0.035,0.04,0.0,0.0,0.0,0.0,0.0,0.75,98.325,0.0,0.0,0.0,0.0,0.0,0.0,0.0,0.0,0.4,0.0,0.0,0.0,0.0,0.0,0.0,0.0,0.0,,,"Heat Treated In 13.7 mm Rounds, Oil Quenched, 150C (300F) Temper","Heat Treated In 13.7 mm Rounds, Oil Quenched, 150C (300F) Temper",356,0,Carburized – quenched (oil) – wear-resistant surface steel,0
,,,1,Steel database with labelled clusters,,,AISI 1021 Steel,Ultimate tensile strength,420.0,MPa,Yield strength,230.0,MPa,Ductility,24.0,%,0.0,0.0,0.2,0.0,0.0,0.0,0.0,0.0,0.0,0.0,0.04,0.05,0.0,0.0,0.0,0.0,0.0,0.75,98.96,0.0,0.0,0.0,0.0,0.0,0.0,0.0,0.0,0.0,0.0,0.0,0.0,0.0,0.0,0.0,0.0,0.0,,,"Hot Rolled, 19-32 mm (0.75-1.25 In) Round","Hot Rolled, 19-32 mm (0.75-1.25 In) Round",1597,3,Normalized – easy-to-machine stock (cold drawn),3
,,,1,Steel database with labelled clusters,,,AISI 5160 Steel,Ultimate tensile strength,1145.0,MPa,Yield strength,1005.0,MPa,Ductility,14.0,%,0.0,0.0,0.6000000000000001,0.0,0.0,0.0,0.0,0.0,0.0,0.2249999999999999,0.035,0.04,0.0,0.0,0.0,0.0,0.8,0.875,97.425,0.0,0.0,0.0,0.0,0.0,0.0,0.0,0.0,0.0,0.0,0.0,0.0,0.0,0.0,0.0,0.0,0.0,,,"Oil Quenched From 830C (1525F), 540C (1000F) Temper, 25 mm (1 In.) Round","Oil Quenched From 830C (1525F), 540C (1000F) Temper, 25 mm (1 In.) Round",683,6,Quenched (oil) & tempered – high-strength structural steel,6
,,,1,Steel database with labelled clusters,,,AISI 1018 Steel,Ultimate tensile strength,415.0,MPa,Yield strength,345.0,MPa,Ductility,15.0,%,0.0,0.0,0.17,0.0,0.0,0.0,0.0,0.0,0.0,0.0,0.04,0.05,0.0,0.0,0.0,0.0,0.0,0.75,98.99,0.0,0.0,0.0,0.0,0.0,0.0,0.0,0.0,0.0,0.0,0.0,0.0,0.0,0.0,0.0,0.0,0.0,,,"As Cold Drawn, 32-50 mm (1.25-2 In) Round","As Cold Drawn, 32-50 mm (1.25-2 In) Round",1464,3,Normalized – easy-to-machine stock (cold drawn),3
,,,1,Steel database with labelled clusters,,,ASTM A500 Steel,Ultimate tensile strength,400.0,MPa,Yield strength,290.0,MPa,Ductility,23.0,%,0.0,0.0,0.3,0.0,0.0,0.0,0.0,0.0,0.0,0.0,0.05,0.063,0.0,0.0,0.0,0.0,0.0,0.0,99.407,0.0,0.0,0.18,0.0,0.0,0.0,0.0,0.0,0.0,0.0,0.0,0.0,0.0,0.0,0.0,0.0,0.0,,,"Grade B, Round Structural Tubing","Grade B, Round Structural Tubing",1221,2,Quenched (oil) – general-purpose steel (tested),2
,,,1,Steel database with labelled clusters,,,AISI 4320H Steel,Ultimate tensile strength,841.0,MPa,Yield strength,510.0,MPa,Ductility,23.0,%,0.0,0.0,0.2,0.0,0.0,0.0,0.0,0.0,0.0,0.2249999999999999,0.035,0.04,0.0,0.0,0.0,0.0,0.5,0.55,96.425,0.0,1.775,0.0,0.0,0.0,0.0,0.0,0.0,0.25,0.0,0.0,0.0,0.0,0.0,0.0,0.0,0.0,,,"Normalized, Heated To 895C (1640F), Air Cooled, 13 mm (0.5 In.) Rounds","Normalized, Heated To 895C (1640F), Air Cooled, 13 mm (0.5 In.) Rounds",210,0,Carburized – quenched (oil) – wear-resistant surface steel,0
,,,1,Steel database with labelled clusters,,,AISI 8650 Steel,Ultimate tensile strength,931.0,MPa,Yield strength,834.0,MPa,Ductility,21.0,%,0.0,0.0,0.505,0.0,0.0,0.0,0.0,0.0,0.0,0.2249999999999999,0.035,0.045,0.0,0.0,0.0,0.0,0.5,0.875,97.065,0.0,0.55,0.0,0.0,0.0,0.0,0.0,0.0,0.2,0.0,0.0,0.0,0.0,0.0,0.0,0.0,0.0,,,"Oil Quenched 800C (1470F), 650C (1200F) Temper, 50 mm (2 In.) Round","Oil Quenched 800C (1470F), 650C (1200F) Temper, 50 mm (2 In.) Round",835,6,Quenched (oil) & tempered – high-strength structural steel,6
,,,1,Steel database with labelled clusters,,,AISI 4118 Steel,Ultimate tensile strength,669.0,MPa,Yield strength,317.0,MPa,Ductility,26.0,%,0.0,0.0,0.205,0.0,0.0,0.0,0.0,0.0,0.0,0.25,0.035,0.04,0.0,0.0,0.0,0.0,0.5,0.8,98.055,0.0,0.0,0.0,0.0,0.0,0.0,0.0,0.0,0.1149999999999999,0.0,0.0,0.0,0.0,0.0,0.0,0.0,0.0,,,"Mock Carburized At 925C (1700F) For 8 Hours, Reheated To 830C (1525F), Oil Quenched, 150C (300F) Temper, 150C (300F) Temper, 50 mm (2 In.) Round","Mock Carburized At 925C (1700F) For 8 Hours, Reheated To 830C (1525F), Oil Quenched, 150C (300F) Temper, 150C (300F) Temper, 50 mm (2 In.) Round",141,8,Carburized – quenched (oil) – wear-resistant surface steel (variant),8
,,,1,Steel database with labelled clusters,,,ASTM A542 Low Alloy Steel,Ultimate tensile strength,795.0,MPa,Yield strength,690.0,MPa,Ductility,13.0,%,0.0,0.002,0.125,0.0,0.0,0.0,0.0,0.0,0.0,0.13,0.03,0.03,0.0,0.0,0.025,0.25,3.0,0.4499999999999999,95.458,0.0,0.25,0.25,0.0,0.0,0.0,0.0,0.0,0.0,0.0,0.0,0.0,0.0,0.0,0.0,0.0,0.0,,,"Grade C, Class 2","Grade C, Class 2",1419,1,Hot rolled – general construction steel,1
,,,1,Steel database with labelled clusters,,,AISI 1548 Steel,Ultimate tensile strength,660.0,MPa,Yield strength,365.0,MPa,Ductility,14.0,%,0.0,0.0,0.48,0.0,0.0,0.0,0.0,0.0,0.0,0.0,0.04,0.05,0.0,0.0,0.0,0.0,0.0,1.225,98.205,0.0,0.0,0.0,0.0,0.0,0.0,0.0,0.0,0.0,0.0,0.0,0.0,0.0,0.0,0.0,0.0,0.0,,,"Hot Rolled, 19-32 mm (0.75-1.25 In) Round","Hot Rolled, 19-32 mm (0.75-1.25 In) Round",1919,3,Normalized – easy-to-machine stock (cold drawn),3
,,,1,Steel database with labelled clusters,,,AISI 9255 Steel,Ultimate tensile strength,770.0,MPa,Yield strength,490.0,MPa,Ductility,21.0,%,0.0,0.0,0.55,0.0,0.0,0.0,0.0,0.0,0.0,2.0,0.035,0.04,0.0,0.0,0.0,0.0,0.0,0.825,96.55,0.0,0.0,0.0,0.0,0.0,0.0,0.0,0.0,0.0,0.0,0.0,0.0,0.0,0.0,0.0,0.0,0.0,,,Annealed At 845C (1550F),Annealed At 845C (1550F),1035,7,Annealed – easy-to-machine – round annealed stock,7
,,,1,Steel database with labelled clusters,,,AISI 1022 Steel,Ultimate tensile strength,450.0,MPa,Yield strength,315.0,MPa,Ductility,35.0,%,0.0,0.0,0.2,0.0,0.0,0.0,0.0,0.0,0.0,0.0,0.04,0.05,0.0,0.0,0.0,0.0,0.0,0.85,98.86,0.0,0.0,0.0,0.0,0.0,0.0,0.0,0.0,0.0,0.0,0.0,0.0,0.0,0.0,0.0,0.0,0.0,,,"Annealed At 870C (1600F), Furnace Cooled 17C (31F) Per Hour To 675C, Air Cooled, 25 mm (1 In.) Round","Annealed At 870C (1600F), Furnace Cooled 17C (31F) Per Hour To 675C, Air Cooled, 25 mm (1 In.) Round",1555,7,Annealed – easy-to-machine – round annealed stock,7
,,,1,Steel database with labelled clusters,,,AISI 1080 Steel,Ultimate tensile strength,1080.0,MPa,Yield strength,620.0,MPa,Ductility,11.0,%,0.0,0.0,0.815,0.0,0.0,0.0,0.0,0.0,0.0,0.0,0.04,0.05,0.0,0.0,0.0,0.0,0.0,0.75,98.345,0.0,0.0,0.0,0.0,0.0,0.0,0.0,0.0,0.0,0.0,0.0,0.0,0.0,0.0,0.0,0.0,0.0,,,"Oil Quenched From 815C (1500F), 540C (1000F) Temper, 100 mm (4 In.) Round","Oil Quenched From 815C (1500F), 540C (1000F) Temper, 100 mm (4 In.) Round",1844,6,Quenched (oil) & tempered – high-strength structural steel,6
,,,1,Steel database with labelled clusters,,,AISI E9310H Steel,Ultimate tensile strength,1193.0,MPa,Yield strength,931.0,MPa,Ductility,15.0,%,0.0,0.0,0.1,0.0,0.0,0.0,0.0,0.0,0.0,0.2249999999999999,0.0,0.05,0.0,0.0,0.0,0.0,1.225,0.55,94.485,0.0,3.25,0.0,0.0,0.0,0.0,0.0,0.0,0.1149999999999999,0.0,0.0,0.0,0.0,0.0,0.0,0.0,0.0,,,"Single Quenched And Tempered At 150C (300F), 1.2 mm Case Depth","Single Quenched And Tempered At 150C (300F), 1.2 mm Case Depth",974,5,Carburized – quenched (oil) – wear-resistant surface steel (variant),5
,,,1,Steel database with labelled clusters,,,AISI 5150H Steel,Ultimate tensile strength,938.0,MPa,Yield strength,834.0,MPa,Ductility,21.0,%,0.0,0.0,0.505,0.0,0.0,0.0,0.0,0.0,0.0,0.2249999999999999,0.035,0.04,0.0,0.0,0.0,0.0,0.8,0.8,97.595,0.0,0.0,0.0,0.0,0.0,0.0,0.0,0.0,0.0,0.0,0.0,0.0,0.0,0.0,0.0,0.0,0.0,,,"Oil Quenched From 830C (1525F), 650C (1200F) Temper, 13 mm (0.5 In.) Round","Oil Quenched From 830C (1525F), 650C (1200F) Temper, 13 mm (0.5 In.) Round",712,6,Quenched (oil) & tempered – high-strength structural steel,6
,,,1,Steel database with labelled clusters,,,AISI 1040 Steel,Ultimate tensile strength,614.0,MPa,Yield strength,413.0,MPa,Ductility,28.0,%,0.0,0.0,0.405,0.0,0.0,0.0,0.0,0.0,0.0,0.0,0.04,0.05,0.0,0.0,0.0,0.0,0.0,0.75,98.755,0.0,0.0,0.0,0.0,0.0,0.0,0.0,0.0,0.0,0.0,0.0,0.0,0.0,0.0,0.0,0.0,0.0,,,"Water Quenched From 845C (1550F), 650C (1200F) Temper, 50 mm (2 In.) Round","Water Quenched From 845C (1550F), 650C (1200F) Temper, 50 mm (2 In.) Round",1729,10,Quenched (water) & tempered – high-strength structural steel,10
,,,1,Steel database with labelled clusters,,,AISI 1040 Steel,Ultimate tensile strength,620.0,MPa,Yield strength,550.0,MPa,Ductility,12.0,%,0.0,0.0,0.405,0.0,0.0,0.0,0.0,0.0,0.0,0.0,0.04,0.05,0.0,0.0,0.0,0.0,0.0,0.75,98.755,0.0,0.0,0.0,0.0,0.0,0.0,0.0,0.0,0.0,0.0,0.0,0.0,0.0,0.0,0.0,0.0,0.0,,,"Cold Drawn, Low Temperature, Stress Relieved, 22-32 mm (0.875-1.25 In) Round","Cold Drawn, Low Temperature, Stress Relieved, 22-32 mm (0.875-1.25 In) Round",1575,0,Carburized – quenched (oil) – wear-resistant surface steel,0
,,,1,Steel database with labelled clusters,,,AISI 5160H Steel,Ultimate tensile strength,1170.0,MPa,Yield strength,1070.0,MPa,Ductility,14.0,%,0.0,0.0,0.6000000000000001,0.0,0.0,0.0,0.0,0.0,0.0,0.2249999999999999,0.035,0.04,0.0,0.0,0.0,0.0,0.8,0.875,97.425,0.0,0.0,0.0,0.0,0.0,0.0,0.0,0.0,0.0,0.0,0.0,0.0,0.0,0.0,0.0,0.0,0.0,,,"Oil Quenched From 830C (1525F), 540C (1000F) Temper, 13 mm (0.5 In.) Round","Oil Quenched From 830C (1525F), 540C (1000F) Temper, 13 mm (0.5 In.) Round",811,6,Quenched (oil) & tempered – high-strength structural steel,6
,,,1,Steel database with labelled clusters,,,AISI 4118 Steel,Ultimate tensile strength,793.0,MPa,Yield strength,441.0,MPa,Ductility,22.0,%,0.0,0.0,0.205,0.0,0.0,0.0,0.0,0.0,0.0,0.25,0.035,0.04,0.0,0.0,0.0,0.0,0.5,0.8,98.055,0.0,0.0,0.0,0.0,0.0,0.0,0.0,0.0,0.1149999999999999,0.0,0.0,0.0,0.0,0.0,0.0,0.0,0.0,,,"Mock Carburized At 925C (1700F) For 8 Hours, Reheated To 830C (1525F), Oil Quenched, 150C (300F) Temper, 230C (450F) Temper, 25 mm (1 In.) Round","Mock Carburized At 925C (1700F) For 8 Hours, Reheated To 830C (1525F), Oil Quenched, 150C (300F) Temper, 230C (450F) Temper, 25 mm (1 In.) Round",11,8,Carburized – quenched (oil) – wear-resistant surface steel (variant),8
,,,1,Steel database with labelled clusters,,,AISI 1045 Steel,Ultimate tensile strength,655.0,MPa,Yield strength,585.0,MPa,Ductility,12.0,%,0.0,0.0,0.4599999999999999,0.0,0.0,0.0,0.0,0.0,0.0,0.0,0.04,0.05,0.0,0.0,0.0,0.0,0.0,0.75,98.7,0.0,0.0,0.0,0.0,0.0,0.0,0.0,0.0,0.0,0.0,0.0,0.0,0.0,0.0,0.0,0.0,0.0,,,"As Cold Drawn, 16-22 mm (0.625-0.875 In) Round","As Cold Drawn, 16-22 mm (0.625-0.875 In) Round",1672,3,Normalized – easy-to-machine stock (cold drawn),3
,,,1,Steel database with labelled clusters,,,AISI 8740H Steel,Ultimate tensile strength,931.0,MPa,Yield strength,605.0,MPa,Ductility,16.0,%,0.0,0.0,0.405,0.0,0.0,0.0,0.0,0.0,0.0,0.2249999999999999,0.035,0.04,0.0,0.0,0.0,0.0,0.5,0.875,97.12,0.0,0.55,0.0,0.0,0.0,0.0,0.0,0.0,0.25,0.0,0.0,0.0,0.0,0.0,0.0,0.0,0.0,,,"Normalized 870C (1600F), 25 mm (1 In.) Round","Normalized 870C (1600F), 25 mm (1 In.) Round",1092,4,Normalized (air cooled) – general-purpose steel,4
,,,1,Steel database with labelled clusters,,,AISI 4320H Steel,Ultimate tensile strength,1460.0,MPa,Yield strength,1195.0,MPa,Ductility,12.0,%,0.0,0.0,0.2,0.0,0.0,0.0,0.0,0.0,0.0,0.2249999999999999,0.035,0.04,0.0,0.0,0.0,0.0,0.5,0.55,96.425,0.0,1.775,0.0,0.0,0.0,0.0,0.0,0.0,0.25,0.0,0.0,0.0,0.0,0.0,0.0,0.0,0.0,,,"Single Quenched And Tempered: (Carburized 925C (1700F) For 8 Hrs., Pot Cooled, Reheated To 830C (1525F), Quenched In Agitated Oil, 230C (450F) Temper); 1.9 mm Case Depth","Single Quenched And Tempered: (Carburized 925C (1700F) For 8 Hrs., Pot Cooled, Reheated To 830C (1525F), Quenched In Agitated Oil, 230C (450F) Temper); 1.9 mm Case Depth",283,5,Carburized – quenched (oil) – wear-resistant surface steel (variant),5
,,,1,Steel database with labelled clusters,,,AISI 4340 Steel,Ultimate tensile strength,1138.0,MPa,Yield strength,1096.0,MPa,Ductility,16.0,%,0.0,0.0,0.4,0.0,0.0,0.0,0.0,0.0,0.0,0.2249999999999999,0.035,0.04,0.0,0.0,0.0,0.0,0.8,0.7,95.725,0.0,1.825,0.0,0.0,0.0,0.0,0.0,0.0,0.25,0.0,0.0,0.0,0.0,0.0,0.0,0.0,0.0,,,"Oil Quenched 800C (1470F), 595C (1100F) Temper, 25 mm Round","Oil Quenched 800C (1470F), 595C (1100F) Temper, 25 mm Round",292,6,Quenched (oil) & tempered – high-strength structural steel,6
,,,1,Steel database with labelled clusters,,,AISI 8620 Steel,Ultimate tensile strength,1300.0,MPa,Yield strength,1033.0,MPa,Ductility,11.0,%,0.0,0.0,0.205,0.0,0.0,0.0,0.0,0.0,0.0,0.25,0.035,0.04,0.0,0.0,0.0,0.0,0.5,0.8,97.42,0.0,0.55,0.0,0.0,0.0,0.0,0.0,0.0,0.2,0.0,0.0,0.0,0.0,0.0,0.0,0.0,0.0,,,"Single Quenched And Tempered (150C (300F)), Carburized","Single Quenched And Tempered (150C (300F)), Carburized",755,5,Carburized – quenched (oil) – wear-resistant surface steel (variant),5
,,,1,Steel database with labelled clusters,,,AISI 5150 Steel,Ultimate tensile strength,675.0,MPa,Yield strength,360.0,MPa,Ductility,22.0,%,0.0,0.0,0.505,0.0,0.0,0.0,0.0,0.0,0.0,0.2249999999999999,0.035,0.04,0.0,0.0,0.0,0.0,0.8,0.8,97.595,0.0,0.0,0.0,0.0,0.0,0.0,0.0,0.0,0.0,0.0,0.0,0.0,0.0,0.0,0.0,0.0,0.0,,,"Annealed, 25 mm (1 In.) Round","Annealed, 25 mm (1 In.) Round",627,3,Normalized – easy-to-machine stock (cold drawn),3
,,,1,Steel database with labelled clusters,,,AISI 86B50 Steel,Ultimate tensile strength,715.0,MPa,Yield strength,385.0,MPa,Ductility,22.0,%,0.0,0.00175,0.505,0.0,0.0,0.0,0.0,0.0,0.0,0.25,0.035,0.045,0.0,0.0,0.0,0.0,0.5,0.875,97.03825,0.0,0.55,0.0,0.0,0.0,0.0,0.0,0.0,0.2,0.0,0.0,0.0,0.0,0.0,0.0,0.0,0.0,,,Annealed 795C (1460F),Annealed 795C (1460F),890,7,Annealed – easy-to-machine – round annealed stock,7
,,,1,Steel database with labelled clusters,,,AISI 8640 Steel,Ultimate tensile strength,889.0,MPa,Yield strength,752.0,MPa,Ductility,23.0,%,0.0,0.0,0.405,0.0,0.0,0.0,0.0,0.0,0.0,0.2249999999999999,0.035,0.04,0.0,0.0,0.0,0.0,0.5,0.875,97.17,0.0,0.55,0.0,0.0,0.0,0.0,0.0,0.0,0.2,0.0,0.0,0.0,0.0,0.0,0.0,0.0,0.0,,,"Oil Quenched 845C (1550F), 540C (1000F) Temper, 100 mm (4 In.) Round","Oil Quenched 845C (1550F), 540C (1000F) Temper, 100 mm (4 In.) Round",813,6,Quenched (oil) & tempered – high-strength structural steel,6
,,,1,Steel database with labelled clusters,,,AISI 4118H Steel,Ultimate tensile strength,586.0,MPa,Yield strength,393.0,MPa,Ductility,31.0,%,0.0,0.0,0.2,0.0,0.0,0.0,0.0,0.0,0.0,0.2249999999999999,0.035,0.04,0.0,0.0,0.0,0.0,0.5,0.8,98.085,0.0,0.0,0.0,0.0,0.0,0.0,0.0,0.0,0.1149999999999999,0.0,0.0,0.0,0.0,0.0,0.0,0.0,0.0,,,"Normalized At 910C (1670F), Air Cooled, 14 mm (0.55 In.) Round","Normalized At 910C (1670F), Air Cooled, 14 mm (0.55 In.) Round",130,4,Normalized (air cooled) – general-purpose steel,4
,,,1,Steel database with labelled clusters,,,ASTM A500 Steel,Ultimate tensile strength,310.0,MPa,Yield strength,270.0,MPa,Ductility,25.0,%,0.0,0.0,0.3,0.0,0.0,0.0,0.0,0.0,0.0,0.0,0.05,0.063,0.0,0.0,0.0,0.0,0.0,0.0,99.407,0.0,0.0,0.18,0.0,0.0,0.0,0.0,0.0,0.0,0.0,0.0,0.0,0.0,0.0,0.0,0.0,0.0,,,"Grade A, Shaped Structural Tubing","Grade A, Shaped Structural Tubing",1312,2,Quenched (oil) – general-purpose steel (tested),2
,,,1,Steel database with labelled clusters,,,AISI 4419H Steel,Ultimate tensile strength,495.0,MPa,Yield strength,345.0,MPa,Ductility,30.0,%,0.0,0.0,0.2,0.0,0.0,0.0,0.0,0.0,0.0,0.25,0.035,0.04,0.0,0.0,0.0,0.0,0.0,0.55,98.4,0.0,0.0,0.0,0.0,0.0,0.0,0.0,0.0,0.525,0.0,0.0,0.0,0.0,0.0,0.0,0.0,0.0,,,"Normalized At 955C (1750F), 50 mm (2 In.) Round","Normalized At 955C (1750F), 50 mm (2 In.) Round",324,4,Normalized (air cooled) – general-purpose steel,4
,,,1,Steel database with labelled clusters,,,AISI 1060 Steel,Ultimate tensile strength,1005.0,MPa,Yield strength,641.0,MPa,Ductility,16.0,%,0.0,0.0,0.605,0.0,0.0,0.0,0.0,0.0,0.0,0.0,0.04,0.05,0.0,0.0,0.0,0.0,0.0,0.75,98.555,0.0,0.0,0.0,0.0,0.0,0.0,0.0,0.0,0.0,0.0,0.0,0.0,0.0,0.0,0.0,0.0,0.0,,,"Oil Quenched 845C (1550F), 480C (900F) Temper, 25 mm (1 In.) Round","Oil Quenched 845C (1550F), 480C (900F) Temper, 25 mm (1 In.) Round",1667,6,Quenched (oil) & tempered – high-strength structural steel,6
,,,1,Steel database with labelled clusters,,,AISI 8620H Steel,Ultimate tensile strength,1157.0,MPa,Yield strength,833.0,MPa,Ductility,14.0,%,0.0,0.0,0.205,0.0,0.0,0.0,0.0,0.0,0.0,0.25,0.035,0.04,0.0,0.0,0.0,0.0,0.5,0.7749999999999999,97.445,0.0,0.55,0.0,0.0,0.0,0.0,0.0,0.0,0.2,0.0,0.0,0.0,0.0,0.0,0.0,0.0,0.0,,,"Single Quenched And Tempered (230C (450F)), Carburized","Single Quenched And Tempered (230C (450F)), Carburized",799,5,Carburized – quenched (oil) – wear-resistant surface steel (variant),5
,,,1,Steel database with labelled clusters,,,AISI 8615 Steel,Ultimate tensile strength,690.0,MPa,Yield strength,500.0,MPa,Ductility,20.0,%,0.0,0.0,0.155,0.0,0.0,0.0,0.0,0.0,0.0,0.2249999999999999,0.035,0.04,0.0,0.0,0.0,0.0,0.5,0.8,97.495,0.0,0.55,0.0,0.0,0.0,0.0,0.0,0.0,0.2,0.0,0.0,0.0,0.0,0.0,0.0,0.0,0.0,,,"Heat Treated, 150C (300F) Temper, 25 mm Bar","Heat Treated, 150C (300F) Temper, 25 mm Bar",907,0,Carburized – quenched (oil) – wear-resistant surface steel,0
,,,1,Steel database with labelled clusters,,,AISI 1144 Steel,Ultimate tensile strength,690.0,MPa,Yield strength,620.0,MPa,Ductility,10.0,%,0.0,0.0,0.44,0.0,0.0,0.0,0.0,0.0,0.0,0.0,0.04,0.285,0.0,0.0,0.0,0.0,0.0,1.5,97.735,0.0,0.0,0.0,0.0,0.0,0.0,0.0,0.0,0.0,0.0,0.0,0.0,0.0,0.0,0.0,0.0,0.0,,,"As Cold Drawn, 32-50 mm (1.25-2 In) Round","As Cold Drawn, 32-50 mm (1.25-2 In) Round",1837,3,Normalized – easy-to-machine stock (cold drawn),3
,,,1,Steel database with labelled clusters,,,AISI 8740 Steel,Ultimate tensile strength,965.0,MPa,Yield strength,876.0,MPa,Ductility,19.0,%,0.0,0.0,0.405,0.0,0.0,0.0,0.0,0.0,0.0,0.2249999999999999,0.035,0.04,0.0,0.0,0.0,0.0,0.5,0.875,97.12,0.0,0.55,0.0,0.0,0.0,0.0,0.0,0.0,0.25,0.0,0.0,0.0,0.0,0.0,0.0,0.0,0.0,,,"Oil Quenched 830C (1525F), 650C (1200F) Temper, 13 mm (0.5 In.) Round","Oil Quenched 830C (1525F), 650C (1200F) Temper, 13 mm (0.5 In.) Round",889,6,Quenched (oil) & tempered – high-strength structural steel,6
,,,1,Steel database with labelled clusters,,,ASTM A514 Steel,Ultimate tensile strength,760.0,MPa,Yield strength,690.0,MPa,Ductility,18.0,%,0.0,0.00325,0.15,0.0,0.0,0.0,0.0,0.0,0.0,0.25,0.04,0.04,0.0,0.0,0.0,0.055,0.525,0.8,96.46175,0.0,0.85,0.325,0.0,0.0,0.0,0.0,0.0,0.5,0.0,0.0,0.0,0.0,0.0,0.0,0.0,0.0,,,"Grade F, Plate Thickness _ 19 mm","Grade F, Plate Thickness _ 19 mm",1190,11,plate – no special treatment – general-purpose steel,11
,,,1,Steel database with labelled clusters,,,AISI 8620 Steel,Ultimate tensile strength,876.0,MPa,Yield strength,580.0,MPa,Ductility,20.0,%,0.0,0.0,0.205,0.0,0.0,0.0,0.0,0.0,0.0,0.25,0.035,0.04,0.0,0.0,0.0,0.0,0.5,0.8,97.42,0.0,0.55,0.0,0.0,0.0,0.0,0.0,0.0,0.2,0.0,0.0,0.0,0.0,0.0,0.0,0.0,0.0,,,"Mock Carburized, Reheated And Oil Quenched, 150C (300F) Temper, 25 mm (1 In.) Round","Mock Carburized, Reheated And Oil Quenched, 150C (300F) Temper, 25 mm (1 In.) Round",696,8,Carburized – quenched (oil) – wear-resistant surface steel (variant),8
,,,1,Steel database with labelled clusters,,,AISI 4419 Steel,Ultimate tensile strength,817.0,MPa,Yield strength,596.0,MPa,Ductility,18.0,%,0.0,0.0,0.205,0.0,0.0,0.0,0.0,0.0,0.0,0.25,0.035,0.04,0.0,0.0,0.0,0.0,0.0,0.55,98.395,0.0,0.0,0.0,0.0,0.0,0.0,0.0,0.0,0.525,0.0,0.0,0.0,0.0,0.0,0.0,0.0,0.0,,,"Direct Quenched From Pot, 230C (450F) Temper","Direct Quenched From Pot, 230C (450F) Temper",216,5,Carburized – quenched (oil) – wear-resistant surface steel (variant),5
,,,1,Steel database with labelled clusters,,,AISI 1040 Steel,Ultimate tensile strength,608.0,MPa,Yield strength,403.0,MPa,Ductility,30.0,%,0.0,0.0,0.405,0.0,0.0,0.0,0.0,0.0,0.0,0.0,0.04,0.05,0.0,0.0,0.0,0.0,0.0,0.75,98.755,0.0,0.0,0.0,0.0,0.0,0.0,0.0,0.0,0.0,0.0,0.0,0.0,0.0,0.0,0.0,0.0,0.0,,,"Normalized At 900C (1650F), Air Cooled, 13 mm (0.5 In.) Round","Normalized At 900C (1650F), Air Cooled, 13 mm (0.5 In.) Round",1644,4,Normalized (air cooled) – general-purpose steel,4
,,,1,Steel database with labelled clusters,,,AISI 4419H Steel,Ultimate tensile strength,635.0,MPa,Yield strength,400.0,MPa,Ductility,26.0,%,0.0,0.0,0.2,0.0,0.0,0.0,0.0,0.0,0.0,0.25,0.035,0.04,0.0,0.0,0.0,0.0,0.0,0.55,98.4,0.0,0.0,0.0,0.0,0.0,0.0,0.0,0.0,0.525,0.0,0.0,0.0,0.0,0.0,0.0,0.0,0.0,,,"Mock Carburized, 230C (450F) Temper, 50 mm (2 In.) Round","Mock Carburized, 230C (450F) Temper, 50 mm (2 In.) Round",159,8,Carburized – quenched (oil) – wear-resistant surface steel (variant),8
,,,1,Steel database with labelled clusters,,,AISI 8740H Steel,Ultimate tensile strength,910.0,MPa,Yield strength,600.0,MPa,Ductility,15.0,%,0.0,0.0,0.405,0.0,0.0,0.0,0.0,0.0,0.0,0.2249999999999999,0.035,0.04,0.0,0.0,0.0,0.0,0.5,0.875,97.12,0.0,0.55,0.0,0.0,0.0,0.0,0.0,0.0,0.25,0.0,0.0,0.0,0.0,0.0,0.0,0.0,0.0,,,"Normalized 870C (1600F), 100 mm (4 In.) Round","Normalized 870C (1600F), 100 mm (4 In.) Round",932,4,Normalized (air cooled) – general-purpose steel,4
,,,1,Steel database with labelled clusters,,,AISI 5140 Steel,Ultimate tensile strength,807.0,MPa,Yield strength,650.0,MPa,Ductility,22.0,%,0.0,0.0,0.405,0.0,0.0,0.0,0.0,0.0,0.0,0.2249999999999999,0.035,0.04,0.0,0.0,0.0,0.0,0.8,0.8,97.695,0.0,0.0,0.0,0.0,0.0,0.0,0.0,0.0,0.0,0.0,0.0,0.0,0.0,0.0,0.0,0.0,0.0,,,"Oil Quenched 845C (1550F), 650C (1200F) Temper, 25 mm (1 In.) Round","Oil Quenched 845C (1550F), 650C (1200F) Temper, 25 mm (1 In.) Round",635,6,Quenched (oil) & tempered – high-strength structural steel,6
,,,1,Steel database with labelled clusters,,,AISI 5140 Steel,Ultimate tensile strength,758.0,MPa,Yield strength,565.0,MPa,Ductility,24.0,%,0.0,0.0,0.405,0.0,0.0,0.0,0.0,0.0,0.0,0.2249999999999999,0.035,0.04,0.0,0.0,0.0,0.0,0.8,0.8,97.695,0.0,0.0,0.0,0.0,0.0,0.0,0.0,0.0,0.0,0.0,0.0,0.0,0.0,0.0,0.0,0.0,0.0,,,"Oil Quenched 845C (1550F), 650C (1200F) Temper, 50 mm (2 In.) Round","Oil Quenched 845C (1550F), 650C (1200F) Temper, 50 mm (2 In.) Round",517,6,Quenched (oil) & tempered – high-strength structural steel,6
,,,1,Steel database with labelled clusters,,,ASTM A515 Carbon Steel,Ultimate tensile strength,450.0,MPa,Yield strength,240.0,MPa,Ductility,19.0,%,0.0,0.0,0.33,0.0,0.0,0.0,0.0,0.0,0.0,0.275,0.04,0.04,0.0,0.0,0.0,0.0,0.0,0.9,98.415,0.0,0.0,0.0,0.0,0.0,0.0,0.0,0.0,0.0,0.0,0.0,0.0,0.0,0.0,0.0,0.0,0.0,,,Grade 65,Grade 65,1409,1,Hot rolled – general construction steel,1
,,,1,Steel database with labelled clusters,,,AISI 51B60 Steel,Ultimate tensile strength,889.0,MPa,Yield strength,615.0,MPa,Ductility,21.0,%,0.0,0.00175,0.6000000000000001,0.0,0.0,0.0,0.0,0.0,0.0,0.2249999999999999,0.035,0.04,0.0,0.0,0.0,0.0,0.8,0.875,97.42325,0.0,0.0,0.0,0.0,0.0,0.0,0.0,0.0,0.0,0.0,0.0,0.0,0.0,0.0,0.0,0.0,0.0,,,"Oil Quenched From 830C (1525F), 595C (1100F) Temper, 100 mm (4 In.) Round","Oil Quenched From 830C (1525F), 595C (1100F) Temper, 100 mm (4 In.) Round",598,6,Quenched (oil) & tempered – high-strength structural steel,6
,,,1,Steel database with labelled clusters,,,AISI 4140H Steel,Ultimate tensile strength,1020.0,MPa,Yield strength,655.0,MPa,Ductility,17.0,%,0.0,0.0,0.405,0.0,0.0,0.0,0.0,0.0,0.0,0.2249999999999999,0.035,0.04,0.0,0.0,0.0,0.0,0.975,0.875,97.22,0.0,0.0,0.0,0.0,0.0,0.0,0.0,0.0,0.2249999999999999,0.0,0.0,0.0,0.0,0.0,0.0,0.0,0.0,,,Normalized At 870C,Normalized At 870C,196,4,Normalized (air cooled) – general-purpose steel,4
,,,1,Steel database with labelled clusters,,,AISI 1080 Steel,Ultimate tensile strength,1050.0,MPa,Yield strength,738.0,MPa,Ductility,17.0,%,0.0,0.0,0.815,0.0,0.0,0.0,0.0,0.0,0.0,0.0,0.04,0.05,0.0,0.0,0.0,0.0,0.0,0.75,98.345,0.0,0.0,0.0,0.0,0.0,0.0,0.0,0.0,0.0,0.0,0.0,0.0,0.0,0.0,0.0,0.0,0.0,,,"Oil Quenched From 815C (1500F), 595C (1100F) Temper","Oil Quenched From 815C (1500F), 595C (1100F) Temper",1786,6,Quenched (oil) & tempered – high-strength structural steel,6
,,,1,Steel database with labelled clusters,,,AISI 5160 Steel,Ultimate tensile strength,779.0,MPa,Yield strength,580.0,MPa,Ductility,21.0,%,0.0,0.0,0.6000000000000001,0.0,0.0,0.0,0.0,0.0,0.0,0.2249999999999999,0.035,0.04,0.0,0.0,0.0,0.0,0.8,0.875,97.425,0.0,0.0,0.0,0.0,0.0,0.0,0.0,0.0,0.0,0.0,0.0,0.0,0.0,0.0,0.0,0.0,0.0,,,"Oil Quenched From 830C (1525F), 650C (1200F) Temper, 50 mm (2 In.) Round","Oil Quenched From 830C (1525F), 650C (1200F) Temper, 50 mm (2 In.) Round",931,6,Quenched (oil) & tempered – high-strength structural steel,6
,,,1,Steel database with labelled clusters,,,AISI 4620 Steel,Ultimate tensile strength,910.0,MPa,Yield strength,724.0,MPa,Ductility,16.0,%,0.0,0.0,0.195,0.0,0.0,0.0,0.0,0.0,0.0,0.25,0.035,0.04,0.0,0.0,0.0,0.0,0.0,0.55,96.855,0.0,1.825,0.0,0.0,0.0,0.0,0.0,0.0,0.25,0.0,0.0,0.0,0.0,0.0,0.0,0.0,0.0,,,"Normalized, Machined To 25 mm (1 In.) Rounds, Pseudocarburized, Reheated To 800C (1470F), Quenched And Tempered","Normalized, Machined To 25 mm (1 In.) Rounds, Pseudocarburized, Reheated To 800C (1470F), Quenched And Tempered",411,0,Carburized – quenched (oil) – wear-resistant surface steel,0
,,,1,Steel database with labelled clusters,,,AISI 4023 Steel,Ultimate tensile strength,827.0,MPa,Yield strength,585.0,MPa,Ductility,20.0,%,0.0,0.0,0.225,0.0,0.0,0.0,0.0,0.0,0.0,0.25,0.035,0.04,0.0,0.0,0.0,0.0,0.0,0.8,98.4,0.0,0.0,0.0,0.0,0.0,0.0,0.0,0.0,0.25,0.0,0.0,0.0,0.0,0.0,0.0,0.0,0.0,,,"Normalized At 925C (1700F), Machined To 25 mm (1 In.) Rounds, Pseudocarburized At 925C (1700F) And Oil Quenched, 150C (300F) Temper","Normalized At 925C (1700F), Machined To 25 mm (1 In.) Rounds, Pseudocarburized At 925C (1700F) And Oil Quenched, 150C (300F) Temper",97,0,Carburized – quenched (oil) – wear-resistant surface steel,0
,,,1,Steel database with labelled clusters,,,AISI 8822 Steel,Ultimate tensile strength,1198.0,MPa,Yield strength,693.0,MPa,Ductility,11.0,%,0.0,0.0,0.225,0.0,0.0,0.0,0.0,0.0,0.0,0.2249999999999999,0.035,0.04,0.0,0.0,0.0,0.0,0.5,0.875,97.2,0.0,0.55,0.0,0.0,0.0,0.0,0.0,0.0,0.35,0.0,0.0,0.0,0.0,0.0,0.0,0.0,0.0,,,"Normalized, Machined To 13.7 mm Rounds, Pseudocarburized, 775C (1430F) Reheat, 150C (300F) Temper","Normalized, Machined To 13.7 mm Rounds, Pseudocarburized, 775C (1430F) Reheat, 150C (300F) Temper",944,0,Carburized – quenched (oil) – wear-resistant surface steel,0
,,,1,Steel database with labelled clusters,,,AISI 8822 Steel,Ultimate tensile strength,1250.0,MPa,Yield strength,900.0,MPa,Ductility,13.0,%,0.0,0.0,0.225,0.0,0.0,0.0,0.0,0.0,0.0,0.2249999999999999,0.035,0.04,0.0,0.0,0.0,0.0,0.5,0.875,97.2,0.0,0.55,0.0,0.0,0.0,0.0,0.0,0.0,0.35,0.0,0.0,0.0,0.0,0.0,0.0,0.0,0.0,,,"Normalized, Machined To 25 mm (1 In.) Rounds, Pseudocarburized, 865C (1590F) Reheat, 150C (300F) Temper","Normalized, Machined To 25 mm (1 In.) Rounds, Pseudocarburized, 865C (1590F) Reheat, 150C (300F) Temper",893,0,Carburized – quenched (oil) – wear-resistant surface steel,0
,,,1,Steel database with labelled clusters,,,AISI 4130H Steel,Ultimate tensile strength,560.0,MPa,Yield strength,460.0,MPa,Ductility,21.0,%,0.0,0.0,0.3,0.0,0.0,0.0,0.0,0.0,0.0,0.25,0.035,0.04,0.0,0.0,0.0,0.0,0.975,0.5,97.7,0.0,0.0,0.0,0.0,0.0,0.0,0.0,0.0,0.2,0.0,0.0,0.0,0.0,0.0,0.0,0.0,0.0,,,"Annealed, 25 mm (1 In.) Round","Annealed, 25 mm (1 In.) Round",157,3,Normalized – easy-to-machine stock (cold drawn),3
,,,1,Steel database with labelled clusters,,,AISI 4815 Steel,Ultimate tensile strength,1055.0,MPa,Yield strength,889.0,MPa,Ductility,14.0,%,0.0,0.0,0.155,0.0,0.0,0.0,0.0,0.0,0.0,0.2249999999999999,0.035,0.04,0.0,0.0,0.0,0.0,0.0,0.5,95.295,0.0,3.5,0.0,0.0,0.0,0.0,0.0,0.0,0.25,0.0,0.0,0.0,0.0,0.0,0.0,0.0,0.0,,,"Pseudocarburized, Reheated To 800C (1470F) And Oil Quenched, 150C (300F) Temper, 25 mm (1 In.) Round","Pseudocarburized, Reheated To 800C (1470F) And Oil Quenched, 150C (300F) Temper, 25 mm (1 In.) Round",420,0,Carburized – quenched (oil) – wear-resistant surface steel,0
,,,1,Steel database with labelled clusters,,,AISI 1117 Steel,Ultimate tensile strength,450.0,MPa,Yield strength,380.0,MPa,Ductility,13.0,%,0.0,0.0,0.17,0.0,0.0,0.0,0.0,0.0,0.0,0.0,0.04,0.105,0.0,0.0,0.0,0.0,0.0,1.15,98.535,0.0,0.0,0.0,0.0,0.0,0.0,0.0,0.0,0.0,0.0,0.0,0.0,0.0,0.0,0.0,0.0,0.0,,,"As Cold Drawn, 32-50 mm (1.25-2 In) Round","As Cold Drawn, 32-50 mm (1.25-2 In) Round",1777,3,Normalized – easy-to-machine stock (cold drawn),3
,,,1,Steel database with labelled clusters,,,ATI AllvacÂ® NickelvacÂ® 43-40 UNS G43400,Ultimate tensile strength,1964.0,MPa,Yield strength,1861.0,MPa,Ductility,10.0,%,0.0,0.0,0.4,0.0,0.0,0.0,0.0,0.0,0.0,0.23,0.02,0.02,0.0,0.0,0.0,0.0,0.8,0.7,95.75,0.0,1.83,0.0,0.0,0.0,0.0,0.0,0.0,0.25,0.0,0.0,0.0,0.0,0.0,0.0,0.0,0.0,,,Uns H43400 Specialty Steel,Uns H43400 Specialty Steel,478,2,Quenched (oil) – general-purpose steel (tested),2
,,,1,Steel database with labelled clusters,,,ASTM A699 Steel,Ultimate tensile strength,585.0,MPa,Yield strength,485.0,MPa,Ductility,18.0,%,0.0,0.0,0.06,0.0,0.0,0.0,0.0,0.0,0.0,0.4,0.04,0.025,0.0,0.0,0.0,0.0,0.0,1.55,97.565,0.0,0.0,0.0,0.0,0.0,0.0,0.0,0.06,0.3,0.0,0.0,0.0,0.0,0.0,0.0,0.0,0.0,,,Class 3,Class 3,1318,1,Hot rolled – general construction steel,1
,,,1,Steel database with labelled clusters,,,AISI 51B60H Steel,Ultimate tensile strength,1025.0,MPa,Yield strength,650.0,MPa,Ductility,18.0,%,0.0,0.00175,0.6000000000000001,0.0,0.0,0.0,0.0,0.0,0.0,0.2249999999999999,0.035,0.04,0.0,0.0,0.0,0.0,0.8,0.875,97.42325,0.0,0.0,0.0,0.0,0.0,0.0,0.0,0.0,0.0,0.0,0.0,0.0,0.0,0.0,0.0,0.0,0.0,,,"Normalized, 13 mm (0.5 In.) Round","Normalized, 13 mm (0.5 In.) Round",669,9,Normalized – general-purpose steel (round normalized stock),9
,,,1,Steel database with labelled clusters,,,AISI E9310H Steel,Ultimate tensile strength,903.0,MPa,Yield strength,565.0,MPa,Ductility,19.0,%,0.0,0.0,0.1,0.0,0.0,0.0,0.0,0.0,0.0,0.2249999999999999,0.0,0.05,0.0,0.0,0.0,0.0,1.225,0.55,94.485,0.0,3.25,0.0,0.0,0.0,0.0,0.0,0.0,0.1149999999999999,0.0,0.0,0.0,0.0,0.0,0.0,0.0,0.0,,,"Normalized At 890C (1635F), 50 mm (2 In.) Round","Normalized At 890C (1635F), 50 mm (2 In.) Round",1005,4,Normalized (air cooled) – general-purpose steel,4
,,,1,Steel database with labelled clusters,,,AISI 1080 Steel,Ultimate tensile strength,772.0,MPa,Yield strength,425.0,MPa,Ductility,10.0,%,0.0,0.0,0.815,0.0,0.0,0.0,0.0,0.0,0.0,0.0,0.04,0.05,0.0,0.0,0.0,0.0,0.0,0.75,98.345,0.0,0.0,0.0,0.0,0.0,0.0,0.0,0.0,0.0,0.0,0.0,0.0,0.0,0.0,0.0,0.0,0.0,,,"Hot Rolled, 19-32 mm (0.75-1.25 In) Round","Hot Rolled, 19-32 mm (0.75-1.25 In) Round",1842,3,Normalized – easy-to-machine stock (cold drawn),3
,,,1,Steel database with labelled clusters,,,ASTM A611 Steel,Ultimate tensile strength,310.0,MPa,Yield strength,205.0,MPa,Ductility,24.0,%,0.0,0.0,0.2,0.0,0.0,0.0,0.0,0.0,0.0,0.0,0.04,0.04,0.0,0.0,0.0,0.0,0.0,0.6,98.92,0.0,0.0,0.2,0.0,0.0,0.0,0.0,0.0,0.0,0.0,0.0,0.0,0.0,0.0,0.0,0.0,0.0,,,Grade B,Grade B,1272,1,Hot rolled – general construction steel,1
,,,1,Steel database with labelled clusters,,,AISI 4820H Steel,Ultimate tensile strength,1415.0,MPa,Yield strength,1272.0,MPa,Ductility,13.0,%,0.0,0.0,0.2,0.0,0.0,0.0,0.0,0.0,0.0,0.2249999999999999,0.035,0.04,0.0,0.0,0.0,0.0,0.0,0.6000000000000001,95.15,0.0,3.5,0.0,0.0,0.0,0.0,0.0,0.0,0.25,0.0,0.0,0.0,0.0,0.0,0.0,0.0,0.0,,,"Single Quenched And Tempered (230C (450F)), 1.2 mm Case Depth","Single Quenched And Tempered (230C (450F)), 1.2 mm Case Depth",448,5,Carburized – quenched (oil) – wear-resistant surface steel (variant),5
,,,1,Steel database with labelled clusters,,,AISI E9310H Steel,Ultimate tensile strength,1200.0,MPa,Yield strength,1055.0,MPa,Ductility,16.0,%,0.0,0.0,0.1,0.0,0.0,0.0,0.0,0.0,0.0,0.2249999999999999,0.0,0.05,0.0,0.0,0.0,0.0,1.225,0.55,94.485,0.0,3.25,0.0,0.0,0.0,0.0,0.0,0.0,0.1149999999999999,0.0,0.0,0.0,0.0,0.0,0.0,0.0,0.0,,,"Normalized, Machined To 13.7 mm Rounds, Pseudocarburized, 830C (1525F) Reheat, 150C (300F) Temper","Normalized, Machined To 13.7 mm Rounds, Pseudocarburized, 830C (1525F) Reheat, 150C (300F) Temper",999,0,Carburized – quenched (oil) – wear-resistant surface steel,0
,,,1,Steel database with labelled clusters,,,AISI 4150H Steel,Ultimate tensile strength,1170.0,MPa,Yield strength,1076.0,MPa,Ductility,14.0,%,0.0,0.0,0.505,0.0,0.0,0.0,0.0,0.0,0.0,0.2249999999999999,0.035,0.04,0.0,0.0,0.0,0.0,0.975,0.875,97.145,0.0,0.0,0.0,0.0,0.0,0.0,0.0,0.0,0.2,0.0,0.0,0.0,0.0,0.0,0.0,0.0,0.0,,,"Oil Quenched 830C (1525F), 595C (1100F) Temper, 13 mm (0.5 In.) Round","Oil Quenched 830C (1525F), 595C (1100F) Temper, 13 mm (0.5 In.) Round",179,6,Quenched (oil) & tempered – high-strength structural steel,6
,,,1,Steel database with labelled clusters,,,AISI 4718H Steel,Ultimate tensile strength,1159.0,MPa,Yield strength,834.0,MPa,Ductility,13.0,%,0.0,0.0,0.18,0.0,0.0,0.0,0.0,0.0,0.0,0.2249999999999999,0.04,0.04,0.0,0.0,0.0,0.0,0.4499999999999999,0.7749999999999999,96.89,0.0,1.05,0.0,0.0,0.0,0.0,0.0,0.0,0.35,0.0,0.0,0.0,0.0,0.0,0.0,0.0,0.0,,,"Pseudocarburized, Reheated To 800C (1470F) And Oil Quenched, 150C (300F) Temper, 13.7 mm Round","Pseudocarburized, Reheated To 800C (1470F) And Oil Quenched, 150C (300F) Temper, 13.7 mm Round",391,0,Carburized – quenched (oil) – wear-resistant surface steel,0
,,,1,Steel database with labelled clusters,,,AISI 5160 Steel,Ultimate tensile strength,724.0,MPa,Yield strength,275.0,MPa,Ductility,17.0,%,0.0,0.0,0.6000000000000001,0.0,0.0,0.0,0.0,0.0,0.0,0.2249999999999999,0.035,0.04,0.0,0.0,0.0,0.0,0.8,0.875,97.425,0.0,0.0,0.0,0.0,0.0,0.0,0.0,0.0,0.0,0.0,0.0,0.0,0.0,0.0,0.0,0.0,0.0,,,Annealed 815C (1500F),Annealed 815C (1500F),579,7,Annealed – easy-to-machine – round annealed stock,7
,,,1,Steel database with labelled clusters,,,AISI 86B30H Steel,Ultimate tensile strength,765.0,MPa,Yield strength,615.0,MPa,Ductility,22.0,%,0.0,0.00175,0.3,0.0,0.0,0.0,0.0,0.0,0.0,0.2249999999999999,0.035,0.04,0.0,0.0,0.0,0.0,0.5,0.8,97.34825,0.0,0.55,0.0,0.0,0.0,0.0,0.0,0.0,0.2,0.0,0.0,0.0,0.0,0.0,0.0,0.0,0.0,,,"Water Quenched 845C (1550F), 595C (1100F) Temper, 50 mm (2 In.) Round","Water Quenched 845C (1550F), 595C (1100F) Temper, 50 mm (2 In.) Round",950,10,Quenched (water) & tempered – high-strength structural steel,10
,,,1,Steel database with labelled clusters,,,AISI 1020 Steel,Ultimate tensile strength,491.0,MPa,Yield strength,290.0,MPa,Ductility,33.0,%,0.0,0.0,0.2,0.0,0.0,0.0,0.0,0.0,0.0,0.0,0.04,0.05,0.0,0.0,0.0,0.0,0.0,0.4499999999999999,99.26,0.0,0.0,0.0,0.0,0.0,0.0,0.0,0.0,0.0,0.0,0.0,0.0,0.0,0.0,0.0,0.0,0.0,,,"Mock Carburized At 915C (1680F) For 8 Hours, 775C (1430F) Reheat, Water Quenched, 175C (350F) Temper, 100 mm (4 In.) Round","Mock Carburized At 915C (1680F) For 8 Hours, 775C (1430F) Reheat, Water Quenched, 175C (350F) Temper, 100 mm (4 In.) Round",1684,8,Carburized – quenched (oil) – wear-resistant surface steel (variant),8
,,,1,Steel database with labelled clusters,,,ASTM A242 Steel,Ultimate tensile strength,435.0,MPa,Yield strength,290.0,MPa,Ductility,18.0,%,0.0,0.0,0.15,0.0,0.0,0.0,0.0,0.0,0.0,0.0,0.15,0.05,0.0,0.0,0.0,0.0,0.0,1.0,98.45,0.0,0.0,0.2,0.0,0.0,0.0,0.0,0.0,0.0,0.0,0.0,0.0,0.0,0.0,0.0,0.0,0.0,,,"Type 1, 19 mm Thick","Type 1, 19 mm Thick",1261,2,Quenched (oil) – general-purpose steel (tested),2
,,,1,Steel database with labelled clusters,,,AISI 1049 Steel,Ultimate tensile strength,669.0,MPa,Yield strength,562.0,MPa,Ductility,10.0,%,0.0,0.0,0.495,0.0,0.0,0.0,0.0,0.0,0.0,0.0,0.04,0.05,0.0,0.0,0.0,0.0,0.0,0.75,98.665,0.0,0.0,0.0,0.0,0.0,0.0,0.0,0.0,0.0,0.0,0.0,0.0,0.0,0.0,0.0,0.0,0.0,,,Cold Drawn Bar (Uns G10490),Cold Drawn Bar (Uns G10490),1624,2,Quenched (oil) – general-purpose steel (tested),2
,,,1,Steel database with labelled clusters,,,ASTM A737 Steel,Ultimate tensile strength,550.0,MPa,Yield strength,415.0,MPa,Ductility,18.0,%,0.0,0.0,0.22,0.03,0.0,0.0,0.0,0.0,0.0,0.325,0.04,0.03,0.0,0.0,0.0,0.075,0.0,1.325,97.905,0.0,0.0,0.0,0.0,0.0,0.0,0.0,0.05,0.0,0.0,0.0,0.0,0.0,0.0,0.0,0.0,0.0,,,Grade C,Grade C,1373,1,Hot rolled – general construction steel,1
,,,1,Steel database with labelled clusters,,,AISI 8630H Steel,Ultimate tensile strength,895.0,MPa,Yield strength,738.0,MPa,Ductility,19.0,%,0.0,0.0,0.3,0.0,0.0,0.0,0.0,0.0,0.0,0.2249999999999999,0.035,0.04,0.0,0.0,0.0,0.0,0.5,0.8,97.35,0.0,0.55,0.0,0.0,0.0,0.0,0.0,0.0,0.2,0.0,0.0,0.0,0.0,0.0,0.0,0.0,0.0,,,"Water Quenched 845C (1550F), 480C (900F) Temper, 50 mm (2 In.) Round","Water Quenched 845C (1550F), 480C (900F) Temper, 50 mm (2 In.) Round",821,10,Quenched (water) & tempered – high-strength structural steel,10
,,,1,Steel database with labelled clusters,,,ASTM A516 Carbon Steel,Ultimate tensile strength,450.0,MPa,Yield strength,240.0,MPa,Ductility,19.0,%,0.0,0.0,0.29,0.0,0.0,0.0,0.0,0.0,0.0,0.275,0.04,0.04,0.0,0.0,0.0,0.0,0.0,1.025,98.33,0.0,0.0,0.0,0.0,0.0,0.0,0.0,0.0,0.0,0.0,0.0,0.0,0.0,0.0,0.0,0.0,0.0,,,Grade 65,Grade 65,1348,1,Hot rolled – general construction steel,1
,,,1,Steel database with labelled clusters,,,AISI 1116 Steel,Ultimate tensile strength,530.0,MPa,Yield strength,460.0,MPa,Ductility,17.0,%,0.0,0.0,0.17,0.0,0.0,0.0,0.0,0.0,0.0,0.0,0.04,0.195,0.0,0.0,0.0,0.0,0.0,1.25,98.345,0.0,0.0,0.0,0.0,0.0,0.0,0.0,0.0,0.0,0.0,0.0,0.0,0.0,0.0,0.0,0.0,0.0,,,Cold Drawn,Cold Drawn,1830,2,Quenched (oil) – general-purpose steel (tested),2
,,,1,Steel database with labelled clusters,,,AISI E9310H Steel,Ultimate tensile strength,1200.0,MPa,Yield strength,1034.0,MPa,Ductility,15.0,%,0.0,0.0,0.1,0.0,0.0,0.0,0.0,0.0,0.0,0.2249999999999999,0.0,0.05,0.0,0.0,0.0,0.0,1.225,0.55,94.485,0.0,3.25,0.0,0.0,0.0,0.0,0.0,0.0,0.1149999999999999,0.0,0.0,0.0,0.0,0.0,0.0,0.0,0.0,,,"Normalized, Machined To 25 mm (1 In.) Rounds, Pseudocarburized, 830C (1525F) Reheat, 150C (300F) Temper","Normalized, Machined To 25 mm (1 In.) Rounds, Pseudocarburized, 830C (1525F) Reheat, 150C (300F) Temper",1103,0,Carburized – quenched (oil) – wear-resistant surface steel,0
,,,1,Steel database with labelled clusters,,,AISI 5150H Steel,Ultimate tensile strength,848.0,MPa,Yield strength,495.0,MPa,Ductility,20.0,%,0.0,0.0,0.505,0.0,0.0,0.0,0.0,0.0,0.0,0.2249999999999999,0.035,0.04,0.0,0.0,0.0,0.0,0.8,0.8,97.595,0.0,0.0,0.0,0.0,0.0,0.0,0.0,0.0,0.0,0.0,0.0,0.0,0.0,0.0,0.0,0.0,0.0,,,"Normalized, 50 mm (2 In.) Round","Normalized, 50 mm (2 In.) Round",665,9,Normalized – general-purpose steel (round normalized stock),9
,,,1,Steel database with labelled clusters,,,AISI 4150H Steel,Ultimate tensile strength,855.0,MPa,Yield strength,625.0,MPa,Ductility,21.0,%,0.0,0.0,0.505,0.0,0.0,0.0,0.0,0.0,0.0,0.2249999999999999,0.035,0.04,0.0,0.0,0.0,0.0,0.975,0.875,97.145,0.0,0.0,0.0,0.0,0.0,0.0,0.0,0.0,0.2,0.0,0.0,0.0,0.0,0.0,0.0,0.0,0.0,,,"Oil Quenched 830C (1525F), 650C (1200F) Temper, 100 mm (4 In.) Round","Oil Quenched 830C (1525F), 650C (1200F) Temper, 100 mm (4 In.) Round",143,6,Quenched (oil) & tempered – high-strength structural steel,6
,,,1,Steel database with labelled clusters,,,AISI 1020 Steel,Ultimate tensile strength,395.0,MPa,Yield strength,295.0,MPa,Ductility,36.0,%,0.0,0.0,0.2,0.0,0.0,0.0,0.0,0.0,0.0,0.0,0.04,0.05,0.0,0.0,0.0,0.0,0.0,0.4499999999999999,99.26,0.0,0.0,0.0,0.0,0.0,0.0,0.0,0.0,0.0,0.0,0.0,0.0,0.0,0.0,0.0,0.0,0.0,,,"Annealed At 870C (1600F), Furnace Cooled 17C (31F) Per Hour To 700C, Air Cooled, 25 mm (1 In.) Round","Annealed At 870C (1600F), Furnace Cooled 17C (31F) Per Hour To 700C, Air Cooled, 25 mm (1 In.) Round",1498,7,Annealed – easy-to-machine – round annealed stock,7
,,,1,Steel database with labelled clusters,,,AK Steel ASTM A 424 Type 1,Ultimate tensile strength,300.0,MPa,Yield strength,178.0,MPa,Ductility,46.0,%,0.0,0.0,0.0,0.0,0.0,0.0,0.0,0.0,0.05,0.01,0.01,0.01,0.0,0.0,0.0,0.0,0.0,0.21,99.69,0.0,0.0,0.02,0.0,0.0,0.0,0.0,0.0,0.0,0.0,0.0,0.0,0.0,0.0,0.0,0.0,0.0,,,Univit Ds Enameling Carbon Steel,Univit Ds Enameling Carbon Steel,1410,2,Quenched (oil) – general-purpose steel (tested),2
,,,1,Steel database with labelled clusters,,,AISI 4815H Steel,Ultimate tensile strength,1160.0,MPa,Yield strength,993.0,MPa,Ductility,15.0,%,0.0,0.0,0.15,0.0,0.0,0.0,0.0,0.0,0.0,0.2249999999999999,0.035,0.04,0.0,0.0,0.0,0.0,0.0,0.5,95.3,0.0,3.5,0.0,0.0,0.0,0.0,0.0,0.0,0.25,0.0,0.0,0.0,0.0,0.0,0.0,0.0,0.0,,,"Pseudocarburized, Reheated To 800C (1470F) And Oil Quenched, 150C (300F) Temper, 13.7 mm (1 In.) Round","Pseudocarburized, Reheated To 800C (1470F) And Oil Quenched, 150C (300F) Temper, 13.7 mm (1 In.) Round",422,0,Carburized – quenched (oil) – wear-resistant surface steel,0
,,,1,Steel database with labelled clusters,,,AISI 6150 Steel,Ultimate tensile strength,883.0,MPa,Yield strength,460.0,MPa,Ductility,18.0,%,0.0,0.0,0.505,0.0,0.0,0.0,0.0,0.0,0.0,0.2249999999999999,0.035,0.04,0.0,0.0,0.0,0.15,0.95,0.8,97.295,0.0,0.0,0.0,0.0,0.0,0.0,0.0,0.0,0.0,0.0,0.0,0.0,0.0,0.0,0.0,0.0,0.0,,,"Normalized, 100 mm (4 In.) Round","Normalized, 100 mm (4 In.) Round",637,9,Normalized – general-purpose steel (round normalized stock),9
,,,1,Steel database with labelled clusters,,,ASTM A738 Carbon Steel,Ultimate tensile strength,585.0,MPa,Yield strength,415.0,MPa,Ductility,20.0,%,0.0,0.0,0.2,0.0,0.0,0.0,0.0,0.0,0.0,0.35,0.03,0.03,0.0,0.0,0.0,0.08,0.25,1.2,97.18,0.0,0.25,0.35,0.0,0.0,0.0,0.0,0.0,0.08,0.0,0.0,0.0,0.0,0.0,0.0,0.0,0.0,,,Grade B,Grade B,1387,1,Hot rolled – general construction steel,1
,,,1,Steel database with labelled clusters,,,AISI 8640 Steel,Ultimate tensile strength,1035.0,MPa,Yield strength,910.0,MPa,Ductility,20.0,%,0.0,0.0,0.405,0.0,0.0,0.0,0.0,0.0,0.0,0.2249999999999999,0.035,0.04,0.0,0.0,0.0,0.0,0.5,0.875,97.17,0.0,0.55,0.0,0.0,0.0,0.0,0.0,0.0,0.2,0.0,0.0,0.0,0.0,0.0,0.0,0.0,0.0,,,"Oil Quenched 845C (1550F), 540C (1000F) Temper, 50 mm (2 In.) Round","Oil Quenched 845C (1550F), 540C (1000F) Temper, 50 mm (2 In.) Round",800,6,Quenched (oil) & tempered – high-strength structural steel,6
,,,1,Steel database with labelled clusters,,,AISI Grade 18Ni (250) Maraging Steel,Ultimate tensile strength,1750.0,MPa,Yield strength,1712.0,MPa,Ductility,11.0,%,0.0,0.0,0.03,0.0,0.0,0.0,0.0,0.0,0.1,0.1,0.01,0.01,0.0,0.0,0.4,0.0,0.0,0.1,68.44,7.5,18.5,0.0,0.0,0.0,0.0,0.01,0.0,4.8,0.0,0.0,0.0,0.0,0.0,0.0,0.0,0.0,,,"Aged, 75 mm Round Bar, Tested Longitudinal","Aged, 75 mm Round Bar, Tested Longitudinal",1038,2,Quenched (oil) – general-purpose steel (tested),2
,,,1,Steel database with labelled clusters,,,AISI 5160 Steel,Ultimate tensile strength,958.0,MPa,Yield strength,530.0,MPa,Ductility,17.0,%,0.0,0.0,0.6000000000000001,0.0,0.0,0.0,0.0,0.0,0.0,0.2249999999999999,0.035,0.04,0.0,0.0,0.0,0.0,0.8,0.875,97.425,0.0,0.0,0.0,0.0,0.0,0.0,0.0,0.0,0.0,0.0,0.0,0.0,0.0,0.0,0.0,0.0,0.0,,,Normalized 855C (1570F),Normalized 855C (1570F),616,4,Normalized (air cooled) – general-purpose steel,4
,,,1,Steel database with labelled clusters,,,AISI 4340 Steel,Ultimate tensile strength,1207.0,MPa,Yield strength,1145.0,MPa,Ductility,14.0,%,0.0,0.0,0.4,0.0,0.0,0.0,0.0,0.0,0.0,0.2249999999999999,0.035,0.04,0.0,0.0,0.0,0.0,0.8,0.7,95.725,0.0,1.825,0.0,0.0,0.0,0.0,0.0,0.0,0.25,0.0,0.0,0.0,0.0,0.0,0.0,0.0,0.0,,,"Oil Quenched 800C (1470F), 540C (1000F) Temper, 25 mm Round","Oil Quenched 800C (1470F), 540C (1000F) Temper, 25 mm Round",295,6,Quenched (oil) & tempered – high-strength structural steel,6
,,,1,Steel database with labelled clusters,,,ASTM A533 Low Alloy Steel,Ultimate tensile strength,620.0,MPa,Yield strength,485.0,MPa,Ductility,16.0,%,0.0,0.0,0.25,0.0,0.0,0.0,0.0,0.0,0.0,0.275,0.04,0.04,0.0,0.0,0.0,0.0,0.0,1.325,96.995,0.0,0.55,0.0,0.0,0.0,0.0,0.0,0.0,0.525,0.0,0.0,0.0,0.0,0.0,0.0,0.0,0.0,,,"Grade B, Class 2","Grade B, Class 2",1338,1,Hot rolled – general construction steel,1
,,,1,Steel database with labelled clusters,,,AISI 1144 Steel,Ultimate tensile strength,620.0,MPa,Yield strength,515.0,MPa,Ductility,12.0,%,0.0,0.0,0.44,0.0,0.0,0.0,0.0,0.0,0.0,0.0,0.04,0.285,0.0,0.0,0.0,0.0,0.0,1.5,97.735,0.0,0.0,0.0,0.0,0.0,0.0,0.0,0.0,0.0,0.0,0.0,0.0,0.0,0.0,0.0,0.0,0.0,,,"Cold Drawn, High Temperature, Stress Relieved, 50-75 mm (2-3 In) Round","Cold Drawn, High Temperature, Stress Relieved, 50-75 mm (2-3 In) Round",1934,0,Carburized – quenched (oil) – wear-resistant surface steel,0
,,,1,Steel database with labelled clusters,,,AISI 1144 Steel,Ultimate tensile strength,760.0,MPa,Yield strength,690.0,MPa,Ductility,10.0,%,0.0,0.0,0.44,0.0,0.0,0.0,0.0,0.0,0.0,0.0,0.04,0.285,0.0,0.0,0.0,0.0,0.0,1.5,97.735,0.0,0.0,0.0,0.0,0.0,0.0,0.0,0.0,0.0,0.0,0.0,0.0,0.0,0.0,0.0,0.0,0.0,,,"Cold Drawn, Low Temperature, Stress Relieved, 22-32 mm (0.875-1.25 In) Round","Cold Drawn, Low Temperature, Stress Relieved, 22-32 mm (0.875-1.25 In) Round",1875,0,Carburized – quenched (oil) – wear-resistant surface steel,0
,,,1,Steel database with labelled clusters,,,AISI 4140H Steel,Ultimate tensile strength,917.0,MPa,Yield strength,841.0,MPa,Ductility,21.0,%,0.0,0.0,0.405,0.0,0.0,0.0,0.0,0.0,0.0,0.2249999999999999,0.035,0.04,0.0,0.0,0.0,0.0,0.975,0.875,97.22,0.0,0.0,0.0,0.0,0.0,0.0,0.0,0.0,0.2249999999999999,0.0,0.0,0.0,0.0,0.0,0.0,0.0,0.0,,,"Oil Quenched 845C (1550F), 650C (1200F) Temper, 25 mm (1 In.) Round","Oil Quenched 845C (1550F), 650C (1200F) Temper, 25 mm (1 In.) Round",89,6,Quenched (oil) & tempered – high-strength structural steel,6
,,,1,Steel database with labelled clusters,,,AISI 4140 Steel,Ultimate tensile strength,1595.0,MPa,Yield strength,1460.0,MPa,Ductility,12.0,%,0.0,0.0,0.405,0.0,0.0,0.0,0.0,0.0,0.0,0.2249999999999999,0.035,0.04,0.0,0.0,0.0,0.0,0.95,0.875,97.27,0.0,0.0,0.0,0.0,0.0,0.0,0.0,0.0,0.2,0.0,0.0,0.0,0.0,0.0,0.0,0.0,0.0,,,"Normalized At 870C (1600F), Reheated To 845C (1550F), Oil Quenched, 370C (700F) Temper, 25 mm (1 In.) Round","Normalized At 870C (1600F), Reheated To 845C (1550F), Oil Quenched, 370C (700F) Temper, 25 mm (1 In.) Round",42,0,Carburized – quenched (oil) – wear-resistant surface steel,0
,,,1,Steel database with labelled clusters,,,AISI 1132 Steel,Ultimate tensile strength,570.0,MPa,Yield strength,315.0,MPa,Ductility,16.0,%,0.0,0.0,0.305,0.0,0.0,0.0,0.0,0.0,0.0,0.0,0.04,0.105,0.0,0.0,0.0,0.0,0.0,1.5,98.05,0.0,0.0,0.0,0.0,0.0,0.0,0.0,0.0,0.0,0.0,0.0,0.0,0.0,0.0,0.0,0.0,0.0,,,"Hot Rolled, 19-32 mm (0.75-1.25 In) Round","Hot Rolled, 19-32 mm (0.75-1.25 In) Round",1811,3,Normalized – easy-to-machine stock (cold drawn),3
,,,1,Steel database with labelled clusters,,,AISI 1141 Steel,Ultimate tensile strength,760.0,MPa,Yield strength,690.0,MPa,Ductility,11.0,%,0.0,0.0,0.41,0.0,0.0,0.0,0.0,0.0,0.0,0.0,0.04,0.105,0.0,0.0,0.0,0.0,0.0,1.5,97.945,0.0,0.0,0.0,0.0,0.0,0.0,0.0,0.0,0.0,0.0,0.0,0.0,0.0,0.0,0.0,0.0,0.0,,,"Cold Drawn, Low Temperature Stress Relieved, 16-22 mm (0.625-0.875 In) Round","Cold Drawn, Low Temperature Stress Relieved, 16-22 mm (0.625-0.875 In) Round",1917,0,Carburized – quenched (oil) – wear-resistant surface steel,0
,,,1,Steel database with labelled clusters,,,AISI 4118H Steel,Ultimate tensile strength,951.0,MPa,Yield strength,620.0,MPa,Ductility,18.0,%,0.0,0.0,0.2,0.0,0.0,0.0,0.0,0.0,0.0,0.2249999999999999,0.035,0.04,0.0,0.0,0.0,0.0,0.5,0.8,98.085,0.0,0.0,0.0,0.0,0.0,0.0,0.0,0.0,0.1149999999999999,0.0,0.0,0.0,0.0,0.0,0.0,0.0,0.0,,,"Single Quench, 230C (450F) Temper, 1.2 mm Case Depth","Single Quench, 230C (450F) Temper, 1.2 mm Case Depth",132,5,Carburized – quenched (oil) – wear-resistant surface steel (variant),5
,,,1,Steel database with labelled clusters,,,AISI E9310 Steel,Ultimate tensile strength,993.0,MPa,Yield strength,731.0,MPa,Ductility,17.0,%,0.0,0.0,0.105,0.0,0.0,0.0,0.0,0.0,0.0,0.275,0.025,0.025,0.0,0.0,0.0,0.0,1.2,0.55,94.455,0.0,3.25,0.0,0.0,0.0,0.0,0.0,0.0,0.1149999999999999,0.0,0.0,0.0,0.0,0.0,0.0,0.0,0.0,,,"Mock Carburized, 790C (1450F) Reheat, 230C (450F) Temper, 50 mm (2 In.) Round","Mock Carburized, 790C (1450F) Reheat, 230C (450F) Temper, 50 mm (2 In.) Round",945,8,Carburized – quenched (oil) – wear-resistant surface steel (variant),8
,,,1,Steel database with labelled clusters,,,AISI 9255 Steel,Ultimate tensile strength,1130.0,MPa,Yield strength,924.0,MPa,Ductility,16.0,%,0.0,0.0,0.55,0.0,0.0,0.0,0.0,0.0,0.0,2.0,0.035,0.04,0.0,0.0,0.0,0.0,0.0,0.825,96.55,0.0,0.0,0.0,0.0,0.0,0.0,0.0,0.0,0.0,0.0,0.0,0.0,0.0,0.0,0.0,0.0,0.0,,,"Oil Quenched From 885C (1625F), 540C (1000F) Temper, 25 mm (1 In.) Round","Oil Quenched From 885C (1625F), 540C (1000F) Temper, 25 mm (1 In.) Round",933,6,Quenched (oil) & tempered – high-strength structural steel,6
,,,1,Steel database with labelled clusters,,,AISI E9310H Steel,Ultimate tensile strength,910.0,MPa,Yield strength,570.0,MPa,Ductility,18.0,%,0.0,0.0,0.1,0.0,0.0,0.0,0.0,0.0,0.0,0.2249999999999999,0.0,0.05,0.0,0.0,0.0,0.0,1.225,0.55,94.485,0.0,3.25,0.0,0.0,0.0,0.0,0.0,0.0,0.1149999999999999,0.0,0.0,0.0,0.0,0.0,0.0,0.0,0.0,,,Normalized At 890C (1635F),Normalized At 890C (1635F),1041,4,Normalized (air cooled) – general-purpose steel,4
,,,1,Steel database with labelled clusters,,,AISI 1144 Steel,Ultimate tensile strength,717.0,MPa,Yield strength,490.0,MPa,Ductility,20.0,%,0.0,0.0,0.44,0.0,0.0,0.0,0.0,0.0,0.0,0.0,0.04,0.285,0.0,0.0,0.0,0.0,0.0,1.5,97.735,0.0,0.0,0.0,0.0,0.0,0.0,0.0,0.0,0.0,0.0,0.0,0.0,0.0,0.0,0.0,0.0,0.0,,,"Oil Quenched 845C (1550F), 595C (1100F) Temper, 13 mm (0.5 In.) Round","Oil Quenched 845C (1550F), 595C (1100F) Temper, 13 mm (0.5 In.) Round",1827,6,Quenched (oil) & tempered – high-strength structural steel,6
,,,1,Steel database with labelled clusters,,,ASTM A542 Low Alloy Steel,Ultimate tensile strength,585.0,MPa,Yield strength,380.0,MPa,Ductility,20.0,%,0.0,0.0,0.13,0.0,0.0,0.0,0.0,0.0,0.0,0.5,0.02,0.02,0.0,0.0,0.0,0.02,2.25,0.4499999999999999,96.11,0.0,0.25,0.25,0.0,0.0,0.0,0.0,0.0,0.0,0.0,0.0,0.0,0.0,0.0,0.0,0.0,0.0,,,"Grade B, Class 4","Grade B, Class 4",1321,1,Hot rolled – general construction steel,1
,,,1,Steel database with labelled clusters,,,AISI 1016 Steel,Ultimate tensile strength,420.0,MPa,Yield strength,350.0,MPa,Ductility,18.0,%,0.0,0.0,0.15,0.0,0.0,0.0,0.0,0.0,0.0,0.0,0.04,0.05,0.0,0.0,0.0,0.0,0.0,0.75,99.01,0.0,0.0,0.0,0.0,0.0,0.0,0.0,0.0,0.0,0.0,0.0,0.0,0.0,0.0,0.0,0.0,0.0,,,"Cold Drawn, 19-32 mm (0.75-1.25 In) Round","Cold Drawn, 19-32 mm (0.75-1.25 In) Round",1480,3,Normalized – easy-to-machine stock (cold drawn),3
,,,1,Steel database with labelled clusters,,,AISI 4419 Steel,Ultimate tensile strength,450.0,MPa,Yield strength,330.0,MPa,Ductility,31.0,%,0.0,0.0,0.205,0.0,0.0,0.0,0.0,0.0,0.0,0.25,0.035,0.04,0.0,0.0,0.0,0.0,0.0,0.55,98.395,0.0,0.0,0.0,0.0,0.0,0.0,0.0,0.0,0.525,0.0,0.0,0.0,0.0,0.0,0.0,0.0,0.0,,,"Annealed At 915C (1675F), 25 mm (1 In.) Round","Annealed At 915C (1675F), 25 mm (1 In.) Round",165,7,Annealed – easy-to-machine – round annealed stock,7
,,,1,Steel database with labelled clusters,,,AISI 6150H Steel,Ultimate tensile strength,896.0,MPa,Yield strength,745.0,MPa,Ductility,19.0,%,0.0,0.0,0.505,0.0,0.0,0.0,0.0,0.0,0.0,0.2249999999999999,0.035,0.04,0.0,0.0,0.0,0.15,0.975,0.8,97.27,0.0,0.0,0.0,0.0,0.0,0.0,0.0,0.0,0.0,0.0,0.0,0.0,0.0,0.0,0.0,0.0,0.0,,,"Oil Quenched 845C (1550F), 595C (1100F) Temper, 100 mm (4 In.) Round","Oil Quenched 845C (1550F), 595C (1100F) Temper, 100 mm (4 In.) Round",725,6,Quenched (oil) & tempered – high-strength structural steel,6
,,,1,Steel database with labelled clusters,,,AISI E4340 Steel,Ultimate tensile strength,931.0,MPa,Yield strength,834.0,MPa,Ductility,20.0,%,0.0,0.0,0.405,0.0,0.0,0.0,0.0,0.0,0.0,0.2249999999999999,0.025,0.02,0.0,0.0,0.0,0.0,0.8,0.75,95.7,0.0,1.825,0.0,0.0,0.0,0.0,0.0,0.0,0.25,0.0,0.0,0.0,0.0,0.0,0.0,0.0,0.0,,,"Oil Quenched 800C (1470F), 650C (1200F) Temper, 50 mm (2 In.) Round","Oil Quenched 800C (1470F), 650C (1200F) Temper, 50 mm (2 In.) Round",291,6,Quenched (oil) & tempered – high-strength structural steel,6
,,,1,Steel database with labelled clusters,,,AISI 1095 Steel,Ultimate tensile strength,979.0,MPa,Yield strength,600.0,MPa,Ductility,17.0,%,0.0,0.0,0.965,0.0,0.0,0.0,0.0,0.0,0.0,0.0,0.04,0.05,0.0,0.0,0.0,0.0,0.0,0.4,98.545,0.0,0.0,0.0,0.0,0.0,0.0,0.0,0.0,0.0,0.0,0.0,0.0,0.0,0.0,0.0,0.0,0.0,,,"Oil Quenched From 800C (1475F), 595C (1100F) Temper","Oil Quenched From 800C (1475F), 595C (1100F) Temper",1769,6,Quenched (oil) & tempered – high-strength structural steel,6
,,,1,Steel database with labelled clusters,,,AISI 1008 Steel,Ultimate tensile strength,340.0,MPa,Yield strength,285.0,MPa,Ductility,20.0,%,0.0,0.0,0.1,0.0,0.0,0.0,0.0,0.0,0.0,0.0,0.04,0.05,0.0,0.0,0.0,0.0,0.0,0.4,99.41,0.0,0.0,0.0,0.0,0.0,0.0,0.0,0.0,0.0,0.0,0.0,0.0,0.0,0.0,0.0,0.0,0.0,,,"Cold Drawn Bar, 19-32 mm (0.75-1.25 In) Round","Cold Drawn Bar, 19-32 mm (0.75-1.25 In) Round",1516,2,Quenched (oil) – general-purpose steel (tested),2
,,,1,Steel database with labelled clusters,,,AISI 1144 Steel,Ultimate tensile strength,670.0,MPa,Yield strength,400.0,MPa,Ductility,21.0,%,0.0,0.0,0.44,0.0,0.0,0.0,0.0,0.0,0.0,0.0,0.04,0.285,0.0,0.0,0.0,0.0,0.0,1.5,97.735,0.0,0.0,0.0,0.0,0.0,0.0,0.0,0.0,0.0,0.0,0.0,0.0,0.0,0.0,0.0,0.0,0.0,,,"Normalized At 900C (1650F), Air Cooled, 25 mm (1 In.) Round","Normalized At 900C (1650F), Air Cooled, 25 mm (1 In.) Round",1866,4,Normalized (air cooled) – general-purpose steel,4
,,,1,Steel database with labelled clusters,,,AISI 1137 Steel,Ultimate tensile strength,620.0,MPa,Yield strength,550.0,MPa,Ductility,10.0,%,0.0,0.0,0.355,0.0,0.0,0.0,0.0,0.0,0.0,0.0,0.04,0.105,0.0,0.0,0.0,0.0,0.0,1.5,98.0,0.0,0.0,0.0,0.0,0.0,0.0,0.0,0.0,0.0,0.0,0.0,0.0,0.0,0.0,0.0,0.0,0.0,,,"As Cold Drawn, 32-50 mm (1.25-2 In) Round","As Cold Drawn, 32-50 mm (1.25-2 In) Round",1805,3,Normalized – easy-to-machine stock (cold drawn),3
,,,1,Steel database with labelled clusters,,,AISI 8630 Steel,Ultimate tensile strength,565.0,MPa,Yield strength,370.0,MPa,Ductility,29.0,%,0.0,0.0,0.305,0.0,0.0,0.0,0.0,0.0,0.0,0.2249999999999999,0.035,0.04,0.0,0.0,0.0,0.0,0.5,0.8,97.345,0.0,0.55,0.0,0.0,0.0,0.0,0.0,0.0,0.2,0.0,0.0,0.0,0.0,0.0,0.0,0.0,0.0,,,"Annealed, 25 mm (1 In.) Round","Annealed, 25 mm (1 In.) Round",779,3,Normalized – easy-to-machine stock (cold drawn),3
,,,1,Steel database with labelled clusters,,,AISI 86B30H Steel,Ultimate tensile strength,924.0,MPa,Yield strength,910.0,MPa,Ductility,19.0,%,0.0,0.00175,0.3,0.0,0.0,0.0,0.0,0.0,0.0,0.2249999999999999,0.035,0.04,0.0,0.0,0.0,0.0,0.5,0.8,97.34825,0.0,0.55,0.0,0.0,0.0,0.0,0.0,0.0,0.2,0.0,0.0,0.0,0.0,0.0,0.0,0.0,0.0,,,"Water Quenched 845C (1550F), 595C (1100F) Temper, 13 mm (0.5 In.) Round","Water Quenched 845C (1550F), 595C (1100F) Temper, 13 mm (0.5 In.) Round",840,10,Quenched (water) & tempered – high-strength structural steel,10
,,,1,Steel database with labelled clusters,,,AISI 4620H Steel,Ultimate tensile strength,570.0,MPa,Yield strength,365.0,MPa,Ductility,29.0,%,0.0,0.0,0.2,0.0,0.0,0.0,0.0,0.0,0.0,0.25,0.035,0.04,0.0,0.0,0.0,0.0,0.0,0.55,96.9,0.0,1.775,0.0,0.0,0.0,0.0,0.0,0.0,0.25,0.0,0.0,0.0,0.0,0.0,0.0,0.0,0.0,,,"Normalized, 25 mm (1 In.) Round","Normalized, 25 mm (1 In.) Round",349,9,Normalized – general-purpose steel (round normalized stock),9
,,,1,Steel database with labelled clusters,,,AISI 1095 Steel,Ultimate tensile strength,1015.0,MPa,Yield strength,505.0,MPa,Ductility,10.0,%,0.0,0.0,0.965,0.0,0.0,0.0,0.0,0.0,0.0,0.0,0.04,0.05,0.0,0.0,0.0,0.0,0.0,0.4,98.545,0.0,0.0,0.0,0.0,0.0,0.0,0.0,0.0,0.0,0.0,0.0,0.0,0.0,0.0,0.0,0.0,0.0,,,Normalized At 900C (1650F),Normalized At 900C (1650F),1931,4,Normalized (air cooled) – general-purpose steel,4
,,,1,Steel database with labelled clusters,,,AISI 5160 Steel,Ultimate tensile strength,924.0,MPa,Yield strength,510.0,MPa,Ductility,16.0,%,0.0,0.0,0.6000000000000001,0.0,0.0,0.0,0.0,0.0,0.0,0.2249999999999999,0.035,0.04,0.0,0.0,0.0,0.0,0.8,0.875,97.425,0.0,0.0,0.0,0.0,0.0,0.0,0.0,0.0,0.0,0.0,0.0,0.0,0.0,0.0,0.0,0.0,0.0,,,"Normalized, 50 mm (2 In.) Round","Normalized, 50 mm (2 In.) Round",572,9,Normalized – general-purpose steel (round normalized stock),9
,,,1,Steel database with labelled clusters,,,ASTM A424 Steel,Ultimate tensile strength,345.0,MPa,Yield strength,240.0,MPa,Ductility,28.0,%,0.0,0.0,0.04,0.0,0.0,0.0,0.0,0.0,0.0,0.0,0.015,0.04,0.0,0.0,0.0,0.0,0.0,0.12,99.785,0.0,0.0,0.0,0.0,0.0,0.0,0.0,0.0,0.0,0.0,0.0,0.0,0.0,0.0,0.0,0.0,0.0,,,"Type Ii, Composition A, Commercial Quality","Type Ii, Composition A, Commercial Quality",1204,2,Quenched (oil) – general-purpose steel (tested),2
,,,1,Steel database with labelled clusters,,,AISI 1022 Steel,Ultimate tensile strength,483.0,MPa,Yield strength,360.0,MPa,Ductility,34.0,%,0.0,0.0,0.2,0.0,0.0,0.0,0.0,0.0,0.0,0.0,0.04,0.05,0.0,0.0,0.0,0.0,0.0,0.85,98.86,0.0,0.0,0.0,0.0,0.0,0.0,0.0,0.0,0.0,0.0,0.0,0.0,0.0,0.0,0.0,0.0,0.0,,,"Normalized At 925C (1700F), Cooled In Air, 25 mm (1 In.) Round","Normalized At 925C (1700F), Cooled In Air, 25 mm (1 In.) Round",1857,4,Normalized (air cooled) – general-purpose steel,4
,,,1,Steel database with labelled clusters,,,AISI 1050 Steel,Ultimate tensile strength,725.0,MPa,Yield strength,655.0,MPa,Ductility,11.0,%,0.0,0.0,0.51,0.0,0.0,0.0,0.0,0.0,0.0,0.0,0.04,0.05,0.0,0.0,0.0,0.0,0.0,0.75,98.65,0.0,0.0,0.0,0.0,0.0,0.0,0.0,0.0,0.0,0.0,0.0,0.0,0.0,0.0,0.0,0.0,0.0,,,"Cold Drawn, Low Temperature, Stress Relieved, 16-22 mm (0.625-0.875 In) Round","Cold Drawn, Low Temperature, Stress Relieved, 16-22 mm (0.625-0.875 In) Round",1702,0,Carburized – quenched (oil) – wear-resistant surface steel,0
,,,1,Steel database with labelled clusters,,,AISI 1035 Steel,Ultimate tensile strength,495.0,MPa,Yield strength,270.0,MPa,Ductility,18.0,%,0.0,0.0,0.345,0.0,0.0,0.0,0.0,0.0,0.0,0.0,0.04,0.05,0.0,0.0,0.0,0.0,0.0,0.75,98.815,0.0,0.0,0.0,0.0,0.0,0.0,0.0,0.0,0.0,0.0,0.0,0.0,0.0,0.0,0.0,0.0,0.0,,,"Hot Rolled, 19-32 mm (0.75-1.25 In) Round","Hot Rolled, 19-32 mm (0.75-1.25 In) Round",1572,3,Normalized – easy-to-machine stock (cold drawn),3
,,,1,Steel database with labelled clusters,,,AISI 1144 Steel,Ultimate tensile strength,690.0,MPa,Yield strength,620.0,MPa,Ductility,10.0,%,0.0,0.0,0.44,0.0,0.0,0.0,0.0,0.0,0.0,0.0,0.04,0.285,0.0,0.0,0.0,0.0,0.0,1.5,97.735,0.0,0.0,0.0,0.0,0.0,0.0,0.0,0.0,0.0,0.0,0.0,0.0,0.0,0.0,0.0,0.0,0.0,,,"Cold Drawn, Low Temperature, Stress Relieved, 50-75 mm (2-3 In) Round","Cold Drawn, Low Temperature, Stress Relieved, 50-75 mm (2-3 In) Round",1860,0,Carburized – quenched (oil) – wear-resistant surface steel,0
,,,1,Steel database with labelled clusters,,,AISI 8622 Steel,Ultimate tensile strength,1176.0,MPa,Yield strength,654.0,MPa,Ductility,12.0,%,0.0,0.0,0.225,0.0,0.0,0.0,0.0,0.0,0.0,0.2249999999999999,0.035,0.04,0.0,0.0,0.0,0.0,0.5,0.8,97.425,0.0,0.55,0.0,0.0,0.0,0.0,0.0,0.0,0.2,0.0,0.0,0.0,0.0,0.0,0.0,0.0,0.0,,,"Heat Treated, Machined To 25 mm (1 In.) Rounds, Pseudocarburized, 775C (1430F) Reheat, 150C (300F) Temper","Heat Treated, Machined To 25 mm (1 In.) Rounds, Pseudocarburized, 775C (1430F) Reheat, 150C (300F) Temper",967,0,Carburized – quenched (oil) – wear-resistant surface steel,0
,,,1,Steel database with labelled clusters,,,AISI E4340 H Steel,Ultimate tensile strength,958.0,MPa,Yield strength,883.0,MPa,Ductility,20.0,%,0.0,0.0,0.405,0.0,0.0,0.0,0.0,0.0,0.0,0.2249999999999999,0.025,0.02,0.0,0.0,0.0,0.0,0.8,0.7749999999999999,95.725,0.0,1.775,0.0,0.0,0.0,0.0,0.0,0.0,0.25,0.0,0.0,0.0,0.0,0.0,0.0,0.0,0.0,,,"Oil Quenched 800C (1470F), 650C (1200F) Temper, 25 mm Round","Oil Quenched 800C (1470F), 650C (1200F) Temper, 25 mm Round",459,6,Quenched (oil) & tempered – high-strength structural steel,6
,,,1,Steel database with labelled clusters,,,AISI 4427 Steel,Ultimate tensile strength,945.0,MPa,Yield strength,550.0,MPa,Ductility,17.0,%,0.0,0.0,0.265,0.0,0.0,0.0,0.0,0.0,0.0,0.2249999999999999,0.035,0.04,0.0,0.0,0.0,0.0,0.0,0.8,98.235,0.0,0.0,0.0,0.0,0.0,0.0,0.0,0.0,0.4,0.0,0.0,0.0,0.0,0.0,0.0,0.0,0.0,,,"Heat Treated In 25 mm Rounds, Reheated To 805C (1480F), 150C (300F) Temper","Heat Treated In 25 mm Rounds, Reheated To 805C (1480F), 150C (300F) Temper",376,0,Carburized – quenched (oil) – wear-resistant surface steel,0
,,,1,Steel database with labelled clusters,,,AISI 4427 Steel,Ultimate tensile strength,1255.0,MPa,Yield strength,896.0,MPa,Ductility,13.0,%,0.0,0.0,0.265,0.0,0.0,0.0,0.0,0.0,0.0,0.2249999999999999,0.035,0.04,0.0,0.0,0.0,0.0,0.0,0.8,98.235,0.0,0.0,0.0,0.0,0.0,0.0,0.0,0.0,0.4,0.0,0.0,0.0,0.0,0.0,0.0,0.0,0.0,,,"Heat Treated In 13.7 mm Rounds, Reheated To 865C (1590F), 150C (300F) Temper","Heat Treated In 13.7 mm Rounds, Reheated To 865C (1590F), 150C (300F) Temper",334,0,Carburized – quenched (oil) – wear-resistant surface steel,0
,,,1,Steel database with labelled clusters,,,AISI 1018 Steel,Ultimate tensile strength,400.0,MPa,Yield strength,220.0,MPa,Ductility,25.0,%,0.0,0.0,0.17,0.0,0.0,0.0,0.0,0.0,0.0,0.0,0.04,0.05,0.0,0.0,0.0,0.0,0.0,0.75,98.99,0.0,0.0,0.0,0.0,0.0,0.0,0.0,0.0,0.0,0.0,0.0,0.0,0.0,0.0,0.0,0.0,0.0,,,"Hot Rolled, 19-32 mm (0.75-1.25 In) Round","Hot Rolled, 19-32 mm (0.75-1.25 In) Round",1479,3,Normalized – easy-to-machine stock (cold drawn),3
,,,1,Steel database with labelled clusters,,,AISI 1044 Steel,Ultimate tensile strength,550.0,MPa,Yield strength,310.0,MPa,Ductility,16.0,%,0.0,0.0,0.4649999999999999,0.0,0.0,0.0,0.0,0.0,0.0,0.0,0.04,0.05,0.0,0.0,0.0,0.0,0.0,0.4499999999999999,98.995,0.0,0.0,0.0,0.0,0.0,0.0,0.0,0.0,0.0,0.0,0.0,0.0,0.0,0.0,0.0,0.0,0.0,,,"Hot Rolled, 19-32 mm (0.75-1.25 In) Round","Hot Rolled, 19-32 mm (0.75-1.25 In) Round",1735,3,Normalized – easy-to-machine stock (cold drawn),3
,,,1,Steel database with labelled clusters,,,AISI 1064 Steel,Ultimate tensile strength,670.0,MPa,Yield strength,370.0,MPa,Ductility,12.0,%,0.0,0.0,0.6499999999999999,0.0,0.0,0.0,0.0,0.0,0.0,0.0,0.04,0.05,0.0,0.0,0.0,0.0,0.0,0.65,98.61,0.0,0.0,0.0,0.0,0.0,0.0,0.0,0.0,0.0,0.0,0.0,0.0,0.0,0.0,0.0,0.0,0.0,,,"Hot Rolled, 19-32 mm (0.75-1.25 In) Round","Hot Rolled, 19-32 mm (0.75-1.25 In) Round",1757,3,Normalized – easy-to-machine stock (cold drawn),3
,,,1,Steel database with labelled clusters,,,AISI 8630H Steel,Ultimate tensile strength,814.0,MPa,Yield strength,695.0,MPa,Ductility,18.0,%,0.0,0.0,0.3,0.0,0.0,0.0,0.0,0.0,0.0,0.2249999999999999,0.035,0.04,0.0,0.0,0.0,0.0,0.5,0.8,97.35,0.0,0.55,0.0,0.0,0.0,0.0,0.0,0.0,0.2,0.0,0.0,0.0,0.0,0.0,0.0,0.0,0.0,,,"Water Quenched 845C (1550F), 595C (1100F) Temper, 25 mm (1 In.) Round","Water Quenched 845C (1550F), 595C (1100F) Temper, 25 mm (1 In.) Round",817,10,Quenched (water) & tempered – high-strength structural steel,10
,,,1,Steel database with labelled clusters,,,AISI 1144 Steel,Ultimate tensile strength,660.0,MPa,Yield strength,370.0,MPa,Ductility,21.0,%,0.0,0.0,0.44,0.0,0.0,0.0,0.0,0.0,0.0,0.0,0.04,0.285,0.0,0.0,0.0,0.0,0.0,1.5,97.735,0.0,0.0,0.0,0.0,0.0,0.0,0.0,0.0,0.0,0.0,0.0,0.0,0.0,0.0,0.0,0.0,0.0,,,"Normalized At 900C (1650F), Air Cooled, 50 mm (2 In.) Round","Normalized At 900C (1650F), Air Cooled, 50 mm (2 In.) Round",1948,4,Normalized (air cooled) – general-purpose steel,4
,,,1,Steel database with labelled clusters,,,AISI 8740 Steel,Ultimate tensile strength,938.0,MPa,Yield strength,620.0,MPa,Ductility,16.0,%,0.0,0.0,0.405,0.0,0.0,0.0,0.0,0.0,0.0,0.2249999999999999,0.035,0.04,0.0,0.0,0.0,0.0,0.5,0.875,97.12,0.0,0.55,0.0,0.0,0.0,0.0,0.0,0.0,0.25,0.0,0.0,0.0,0.0,0.0,0.0,0.0,0.0,,,"Normalized 870C (1600F), 13 mm (0.5 In.) Round","Normalized 870C (1600F), 13 mm (0.5 In.) Round",947,4,Normalized (air cooled) – general-purpose steel,4
,,,1,Steel database with labelled clusters,,,AISI 1144 Steel,Ultimate tensile strength,615.0,MPa,Yield strength,370.0,MPa,Ductility,25.0,%,0.0,0.0,0.44,0.0,0.0,0.0,0.0,0.0,0.0,0.0,0.04,0.285,0.0,0.0,0.0,0.0,0.0,1.5,97.735,0.0,0.0,0.0,0.0,0.0,0.0,0.0,0.0,0.0,0.0,0.0,0.0,0.0,0.0,0.0,0.0,0.0,,,"Oil Quenched 845C (1550F), 650C (1200F) Temper, 100 mm (4 In.) Round","Oil Quenched 845C (1550F), 650C (1200F) Temper, 100 mm (4 In.) Round",1829,6,Quenched (oil) & tempered – high-strength structural steel,6
,,,1,Steel database with labelled clusters,,,ASTM A387 Alloy Steel,Ultimate tensile strength,380.0,MPa,Yield strength,230.0,MPa,Ductility,18.0,%,0.0,0.0,0.17,0.0,0.0,0.0,0.0,0.0,0.0,0.275,0.04,0.04,0.0,0.0,0.0,0.0,0.975,0.525,97.45,0.0,0.0,0.0,0.0,0.0,0.0,0.0,0.0,0.525,0.0,0.0,0.0,0.0,0.0,0.0,0.0,0.0,,,"Grade 12, Class 1","Grade 12, Class 1",1291,1,Hot rolled – general construction steel,1
,,,1,Steel database with labelled clusters,,,AISI 1117 Steel,Ultimate tensile strength,400.0,MPa,Yield strength,220.0,MPa,Ductility,25.0,%,0.0,0.0,0.17,0.0,0.0,0.0,0.0,0.0,0.0,0.0,0.04,0.105,0.0,0.0,0.0,0.0,0.0,1.15,98.535,0.0,0.0,0.0,0.0,0.0,0.0,0.0,0.0,0.0,0.0,0.0,0.0,0.0,0.0,0.0,0.0,0.0,,,"Hot Rolled, 19-32 mm (0.75-1.25 In) Round","Hot Rolled, 19-32 mm (0.75-1.25 In) Round",1913,3,Normalized – easy-to-machine stock (cold drawn),3
,,,1,Steel database with labelled clusters,,,AISI 1144 Steel,Ultimate tensile strength,725.0,MPa,Yield strength,585.0,MPa,Ductility,15.0,%,0.0,0.0,0.44,0.0,0.0,0.0,0.0,0.0,0.0,0.0,0.04,0.285,0.0,0.0,0.0,0.0,0.0,1.5,97.735,0.0,0.0,0.0,0.0,0.0,0.0,0.0,0.0,0.0,0.0,0.0,0.0,0.0,0.0,0.0,0.0,0.0,,,"Cold Drawn, High Temperature, Stress Relieved, 16-22 mm (0.625-0.875 In) Round","Cold Drawn, High Temperature, Stress Relieved, 16-22 mm (0.625-0.875 In) Round",1858,0,Carburized – quenched (oil) – wear-resistant surface steel,0
,,,1,Steel database with labelled clusters,,,AISI 4620 Steel,Ultimate tensile strength,910.0,MPa,Yield strength,738.0,MPa,Ductility,14.0,%,0.0,0.0,0.195,0.0,0.0,0.0,0.0,0.0,0.0,0.25,0.035,0.04,0.0,0.0,0.0,0.0,0.0,0.55,96.855,0.0,1.825,0.0,0.0,0.0,0.0,0.0,0.0,0.25,0.0,0.0,0.0,0.0,0.0,0.0,0.0,0.0,,,"Normalized, Machined To 13.7 mm Rounds, Pseudocarburized, Reheated To 775C (1430F), Quenched And Tempered","Normalized, Machined To 13.7 mm Rounds, Pseudocarburized, Reheated To 775C (1430F), Quenched And Tempered",329,0,Carburized – quenched (oil) – wear-resistant surface steel,0
,,,1,Steel database with labelled clusters,,,Cast Stainless Steel CA6NM,Ultimate tensile strength,760.0,MPa,Yield strength,550.0,MPa,Ductility,15.0,%,0.0,0.0,0.06,0.0,0.0,0.0,0.0,0.0,0.0,1.0,0.04,0.03,0.0,0.0,0.0,0.0,12.75,1.0,80.42,0.0,4.0,0.0,0.0,0.0,0.0,0.0,0.0,0.7,0.0,0.0,0.0,0.0,0.0,0.0,0.0,0.0,,,Astm A352,Astm A352,1161,2,Quenched (oil) – general-purpose steel (tested),2
,,,1,Steel database with labelled clusters,,,AISI 4118H Steel,Ultimate tensile strength,669.0,MPa,Yield strength,317.0,MPa,Ductility,26.0,%,0.0,0.0,0.2,0.0,0.0,0.0,0.0,0.0,0.0,0.2249999999999999,0.035,0.04,0.0,0.0,0.0,0.0,0.5,0.8,98.085,0.0,0.0,0.0,0.0,0.0,0.0,0.0,0.0,0.1149999999999999,0.0,0.0,0.0,0.0,0.0,0.0,0.0,0.0,,,"Mock Carburized At 925C (1700F) For 8 Hours, Reheated To 830C (1525F), Oil Quenched, 150C (300F) Temper, 50 mm (2 In.) Round","Mock Carburized At 925C (1700F) For 8 Hours, Reheated To 830C (1525F), Oil Quenched, 150C (300F) Temper, 50 mm (2 In.) Round",319,8,Carburized – quenched (oil) – wear-resistant surface steel (variant),8
,,,1,Steel database with labelled clusters,,,AISI 1021 Steel,Ultimate tensile strength,464.0,MPa,Yield strength,310.0,MPa,Ductility,33.0,%,0.0,0.0,0.2,0.0,0.0,0.0,0.0,0.0,0.0,0.0,0.04,0.05,0.0,0.0,0.0,0.0,0.0,0.75,98.96,0.0,0.0,0.0,0.0,0.0,0.0,0.0,0.0,0.0,0.0,0.0,0.0,0.0,0.0,0.0,0.0,0.0,,,"Normalized At 925C (1700F), Air Cooled, 100 mm (4 In.) Round","Normalized At 925C (1700F), Air Cooled, 100 mm (4 In.) Round",1511,4,Normalized (air cooled) – general-purpose steel,4
,,,1,Steel database with labelled clusters,,,ASTM A542 Low Alloy Steel,Ultimate tensile strength,725.0,MPa,Yield strength,585.0,MPa,Ductility,14.0,%,0.0,0.0,0.13,0.0,0.0,0.0,0.0,0.0,0.0,0.5,0.02,0.02,0.0,0.0,0.0,0.02,2.25,0.4499999999999999,96.11,0.0,0.25,0.25,0.0,0.0,0.0,0.0,0.0,0.0,0.0,0.0,0.0,0.0,0.0,0.0,0.0,0.0,,,"Grade B, Class 1","Grade B, Class 1",1335,1,Hot rolled – general construction steel,1
,,,1,Steel database with labelled clusters,,,AISI 1084 Steel,Ultimate tensile strength,689.0,MPa,Yield strength,531.0,MPa,Ductility,10.0,%,0.0,0.0,0.865,0.0,0.0,0.0,0.0,0.0,0.0,0.0,0.04,0.05,0.0,0.0,0.0,0.0,0.0,0.75,98.295,0.0,0.0,0.0,0.0,0.0,0.0,0.0,0.0,0.0,0.0,0.0,0.0,0.0,0.0,0.0,0.0,0.0,,,Spheroidized Annealed And Cold Drawn Bar (Uns G10840),Spheroidized Annealed And Cold Drawn Bar (Uns G10840),1708,2,Quenched (oil) – general-purpose steel (tested),2
,,,1,Steel database with labelled clusters,,,AISI 4419 Steel,Ultimate tensile strength,670.0,MPa,Yield strength,435.0,MPa,Ductility,24.0,%,0.0,0.0,0.205,0.0,0.0,0.0,0.0,0.0,0.0,0.25,0.035,0.04,0.0,0.0,0.0,0.0,0.0,0.55,98.395,0.0,0.0,0.0,0.0,0.0,0.0,0.0,0.0,0.525,0.0,0.0,0.0,0.0,0.0,0.0,0.0,0.0,,,"Mock Carburized, 150C (300F) Temper, 25 mm (1 In.) Round","Mock Carburized, 150C (300F) Temper, 25 mm (1 In.) Round",168,8,Carburized – quenched (oil) – wear-resistant surface steel (variant),8
,,,1,Steel database with labelled clusters,,,AISI 4118 Steel,Ultimate tensile strength,1225.0,MPa,Yield strength,903.0,MPa,Ductility,9.0,%,0.0,0.0,0.205,0.0,0.0,0.0,0.0,0.0,0.0,0.25,0.035,0.04,0.0,0.0,0.0,0.0,0.5,0.8,98.055,0.0,0.0,0.0,0.0,0.0,0.0,0.0,0.0,0.1149999999999999,0.0,0.0,0.0,0.0,0.0,0.0,0.0,0.0,,,"Direct Quenched From Pot, Carburized, 150C (300F) Temper","Direct Quenched From Pot, Carburized, 150C (300F) Temper",13,5,Carburized – quenched (oil) – wear-resistant surface steel (variant),5
,,,1,Steel database with labelled clusters,,,AISI 12L13 Steel,Ultimate tensile strength,395.0,MPa,Yield strength,235.0,MPa,Ductility,22.0,%,0.0,0.0,0.13,0.0,0.0,0.0,0.0,0.0,0.0,0.0,0.095,0.285,0.0,0.0,0.0,0.0,0.0,0.85,98.64,0.0,0.0,0.0,0.0,0.0,0.0,0.0,0.0,0.0,0.0,0.0,0.0,0.0,0.0,0.0,0.0,0.0,,,"Hot Rolled, 19-38 mm Round","Hot Rolled, 19-38 mm Round",1909,3,Normalized – easy-to-machine stock (cold drawn),3
,,,1,Steel database with labelled clusters,,,AISI 4419H Steel,Ultimate tensile strength,650.0,MPa,Yield strength,405.0,MPa,Ductility,25.0,%,0.0,0.0,0.2,0.0,0.0,0.0,0.0,0.0,0.0,0.25,0.035,0.04,0.0,0.0,0.0,0.0,0.0,0.55,98.4,0.0,0.0,0.0,0.0,0.0,0.0,0.0,0.0,0.525,0.0,0.0,0.0,0.0,0.0,0.0,0.0,0.0,,,"Mock Carburized, 230C (450F) Temper, 25 mm (1 In.) Round","Mock Carburized, 230C (450F) Temper, 25 mm (1 In.) Round",172,8,Carburized – quenched (oil) – wear-resistant surface steel (variant),8
,,,1,Steel database with labelled clusters,,,AISI 5150H Steel,Ultimate tensile strength,876.0,MPa,Yield strength,600.0,MPa,Ductility,20.0,%,0.0,0.0,0.505,0.0,0.0,0.0,0.0,0.0,0.0,0.2249999999999999,0.035,0.04,0.0,0.0,0.0,0.0,0.8,0.8,97.595,0.0,0.0,0.0,0.0,0.0,0.0,0.0,0.0,0.0,0.0,0.0,0.0,0.0,0.0,0.0,0.0,0.0,,,"Oil Quenched From 830C (1525F), 595C (1100F) Temper, 50 mm (2 In.) Round","Oil Quenched From 830C (1525F), 595C (1100F) Temper, 50 mm (2 In.) Round",650,6,Quenched (oil) & tempered – high-strength structural steel,6
,,,1,Steel database with labelled clusters,,,AISI 4320 Steel,Ultimate tensile strength,1460.0,MPa,Yield strength,1195.0,MPa,Ductility,12.0,%,0.0,0.0,0.195,0.0,0.0,0.0,0.0,0.0,0.0,0.2249999999999999,0.035,0.04,0.0,0.0,0.0,0.0,0.5,0.55,96.38,0.0,1.825,0.0,0.0,0.0,0.0,0.0,0.0,0.25,0.0,0.0,0.0,0.0,0.0,0.0,0.0,0.0,,,"Single Quenched And Tempered (Carburized 925C (1700F) For 8Hrs, Pot Cooled, Reheated To 815C (1500F), Quenched In Agitated Oil, 230C (450F) Temper), 1.9 mm Case Depth","Single Quenched And Tempered (Carburized 925C (1700F) For 8Hrs, Pot Cooled, Reheated To 815C (1500F), Quenched In Agitated Oil, 230C (450F) Temper), 1.9 mm Case Depth",261,5,Carburized – quenched (oil) – wear-resistant surface steel (variant),5
,,,1,Steel database with labelled clusters,,,ASTM A131 Steel,Ultimate tensile strength,400.0,MPa,Yield strength,220.0,MPa,Ductility,21.0,%,0.0,0.0,0.21,0.0,0.0,0.0,0.0,0.0,0.0,0.35,0.04,0.04,0.0,0.0,0.0,0.0,0.0,0.95,98.41,0.0,0.0,0.0,0.0,0.0,0.0,0.0,0.0,0.0,0.0,0.0,0.0,0.0,0.0,0.0,0.0,0.0,,,Grade B,Grade B,1191,1,Hot rolled – general construction steel,1
,,,1,Steel database with labelled clusters,,,AISI 1074 Steel,Ultimate tensile strength,724.0,MPa,Yield strength,400.0,MPa,Ductility,12.0,%,0.0,0.0,0.75,0.0,0.0,0.0,0.0,0.0,0.0,0.0,0.04,0.05,0.0,0.0,0.0,0.0,0.0,0.65,98.51,0.0,0.0,0.0,0.0,0.0,0.0,0.0,0.0,0.0,0.0,0.0,0.0,0.0,0.0,0.0,0.0,0.0,,,"Hot Rolled, (Discontinued)","Hot Rolled, (Discontinued)",1839,2,Quenched (oil) – general-purpose steel (tested),2
,,,1,Steel database with labelled clusters,,,AISI 8740H Steel,Ultimate tensile strength,1060.0,MPa,Yield strength,965.0,MPa,Ductility,17.0,%,0.0,0.0,0.405,0.0,0.0,0.0,0.0,0.0,0.0,0.2249999999999999,0.035,0.04,0.0,0.0,0.0,0.0,0.5,0.875,97.12,0.0,0.55,0.0,0.0,0.0,0.0,0.0,0.0,0.25,0.0,0.0,0.0,0.0,0.0,0.0,0.0,0.0,,,"Oil Quenched 830C (1525F), 595C (1100F) Temper, 13 mm (0.5 In.) Round","Oil Quenched 830C (1525F), 595C (1100F) Temper, 13 mm (0.5 In.) Round",902,6,Quenched (oil) & tempered – high-strength structural steel,6
,,,1,Steel database with labelled clusters,,,AISI 8620 Steel,Ultimate tensile strength,1325.0,MPa,Yield strength,1035.0,MPa,Ductility,12.0,%,0.0,0.0,0.205,0.0,0.0,0.0,0.0,0.0,0.0,0.25,0.035,0.04,0.0,0.0,0.0,0.0,0.5,0.8,97.42,0.0,0.55,0.0,0.0,0.0,0.0,0.0,0.0,0.2,0.0,0.0,0.0,0.0,0.0,0.0,0.0,0.0,,,"Quenched From Carburizing Box, 13 mm (0.5 In.) Round","Quenched From Carburizing Box, 13 mm (0.5 In.) Round",673,2,Quenched (oil) – general-purpose steel (tested),2
,,,1,Steel database with labelled clusters,,,AISI E4340 Steel,Ultimate tensile strength,1138.0,MPa,Yield strength,1000.0,MPa,Ductility,15.0,%,0.0,0.0,0.405,0.0,0.0,0.0,0.0,0.0,0.0,0.2249999999999999,0.025,0.02,0.0,0.0,0.0,0.0,0.8,0.75,95.7,0.0,1.825,0.0,0.0,0.0,0.0,0.0,0.0,0.25,0.0,0.0,0.0,0.0,0.0,0.0,0.0,0.0,,,"Oil Quenched 800C (1470F), 540C (1000F) Temper, 100 mm (4 In.) Round","Oil Quenched 800C (1470F), 540C (1000F) Temper, 100 mm (4 In.) Round",259,6,Quenched (oil) & tempered – high-strength structural steel,6
,,,1,Steel database with labelled clusters,,,AISI 5160 Steel,Ultimate tensile strength,1050.0,MPa,Yield strength,924.0,MPa,Ductility,16.0,%,0.0,0.0,0.6000000000000001,0.0,0.0,0.0,0.0,0.0,0.0,0.2249999999999999,0.035,0.04,0.0,0.0,0.0,0.0,0.8,0.875,97.425,0.0,0.0,0.0,0.0,0.0,0.0,0.0,0.0,0.0,0.0,0.0,0.0,0.0,0.0,0.0,0.0,0.0,,,"Oil Quenched From 830C (1525F), 595C (1100F) Temper, 13 mm (0.5 In.) Round","Oil Quenched From 830C (1525F), 595C (1100F) Temper, 13 mm (0.5 In.) Round",845,6,Quenched (oil) & tempered – high-strength structural steel,6
,,,1,Steel database with labelled clusters,,,AISI 8650H Steel,Ultimate tensile strength,958.0,MPa,Yield strength,640.0,MPa,Ductility,15.0,%,0.0,0.0,0.505,0.0,0.0,0.0,0.0,0.0,0.0,0.25,0.035,0.045,0.0,0.0,0.0,0.0,0.5,0.875,97.04,0.0,0.55,0.0,0.0,0.0,0.0,0.0,0.0,0.2,0.0,0.0,0.0,0.0,0.0,0.0,0.0,0.0,,,"Normalized, 100 mm (4 In.) Round","Normalized, 100 mm (4 In.) Round",868,9,Normalized – general-purpose steel (round normalized stock),9
,,,1,Steel database with labelled clusters,,,Cast Stainless Steel CD4MCu,Ultimate tensile strength,690.0,MPa,Yield strength,485.0,MPa,Ductility,16.0,%,0.0,0.0,0.04,0.0,0.0,0.0,0.0,0.0,0.0,1.0,0.04,0.04,0.0,0.0,0.0,0.0,25.5,1.0,62.005,0.0,5.375,3.0,0.0,0.0,0.0,0.0,0.0,2.0,0.0,0.0,0.0,0.0,0.0,0.0,0.0,0.0,,,Astm A351,Astm A351,1170,2,Quenched (oil) – general-purpose steel (tested),2
,,,1,Steel database with labelled clusters,,,AISI 4130H Steel,Ultimate tensile strength,800.0,MPa,Yield strength,635.0,MPa,Ductility,21.0,%,0.0,0.0,0.3,0.0,0.0,0.0,0.0,0.0,0.0,0.25,0.035,0.04,0.0,0.0,0.0,0.0,0.975,0.5,97.7,0.0,0.0,0.0,0.0,0.0,0.0,0.0,0.0,0.2,0.0,0.0,0.0,0.0,0.0,0.0,0.0,0.0,,,"Water Quenched 855C (1570F), 540C (1000F) Temper, 100 mm (4 In.) Round","Water Quenched 855C (1570F), 540C (1000F) Temper, 100 mm (4 In.) Round",139,10,Quenched (water) & tempered – high-strength structural steel,10
,,,1,Steel database with labelled clusters,,,AISI 8650 Steel,Ultimate tensile strength,841.0,MPa,Yield strength,650.0,MPa,Ductility,22.0,%,0.0,0.0,0.505,0.0,0.0,0.0,0.0,0.0,0.0,0.2249999999999999,0.035,0.045,0.0,0.0,0.0,0.0,0.5,0.875,97.065,0.0,0.55,0.0,0.0,0.0,0.0,0.0,0.0,0.2,0.0,0.0,0.0,0.0,0.0,0.0,0.0,0.0,,,"Oil Quenched 800C (1470F), 650C (1200F) Temper, 100 mm (4 In.) Round","Oil Quenched 800C (1470F), 650C (1200F) Temper, 100 mm (4 In.) Round",894,6,Quenched (oil) & tempered – high-strength structural steel,6
,,,1,Steel database with labelled clusters,,,AISI 1141 Steel,Ultimate tensile strength,710.0,MPa,Yield strength,405.0,MPa,Ductility,23.0,%,0.0,0.0,0.41,0.0,0.0,0.0,0.0,0.0,0.0,0.0,0.04,0.105,0.0,0.0,0.0,0.0,0.0,1.5,97.945,0.0,0.0,0.0,0.0,0.0,0.0,0.0,0.0,0.0,0.0,0.0,0.0,0.0,0.0,0.0,0.0,0.0,,,Normalized At 900C (1650F),Normalized At 900C (1650F),1810,4,Normalized (air cooled) – general-purpose steel,4
,,,1,Steel database with labelled clusters,,,AISI 5150 Steel,Ultimate tensile strength,862.0,MPa,Yield strength,595.0,MPa,Ductility,20.0,%,0.0,0.0,0.505,0.0,0.0,0.0,0.0,0.0,0.0,0.2249999999999999,0.035,0.04,0.0,0.0,0.0,0.0,0.8,0.8,97.595,0.0,0.0,0.0,0.0,0.0,0.0,0.0,0.0,0.0,0.0,0.0,0.0,0.0,0.0,0.0,0.0,0.0,,,"Oil Quenched From 830C (1525F), 540C (1000F) Temper, 100 mm (4 In.) Round","Oil Quenched From 830C (1525F), 540C (1000F) Temper, 100 mm (4 In.) Round",550,6,Quenched (oil) & tempered – high-strength structural steel,6
,,,1,Steel database with labelled clusters,,,ASTM A607 Steel,Ultimate tensile strength,450.0,MPa,Yield strength,345.0,MPa,Ductility,20.0,%,0.0,0.0,0.23,0.0,0.0,0.0,0.0,0.0,0.0,0.0,0.04,0.05,0.0,0.0,0.0,0.0,0.0,1.35,98.33,0.0,0.0,0.0,0.0,0.0,0.0,0.0,0.0,0.0,0.0,0.0,0.0,0.0,0.0,0.0,0.0,0.0,,,"Grade 50, Cold Rolled","Grade 50, Cold Rolled",1484,1,Hot rolled – general construction steel,1
,,,1,Steel database with labelled clusters,,,AISI 1141 Steel,Ultimate tensile strength,690.0,MPa,Yield strength,550.0,MPa,Ductility,15.0,%,0.0,0.0,0.41,0.0,0.0,0.0,0.0,0.0,0.0,0.0,0.04,0.105,0.0,0.0,0.0,0.0,0.0,1.5,97.945,0.0,0.0,0.0,0.0,0.0,0.0,0.0,0.0,0.0,0.0,0.0,0.0,0.0,0.0,0.0,0.0,0.0,,,"Cold Drawn, High Temperature Stress Relieved, 16-22 mm (0.625-0.875 In) Round","Cold Drawn, High Temperature Stress Relieved, 16-22 mm (0.625-0.875 In) Round",1788,0,Carburized – quenched (oil) – wear-resistant surface steel,0
,,,1,Steel database with labelled clusters,,,ASTM A424 Steel,Ultimate tensile strength,295.0,MPa,Yield strength,230.0,MPa,Ductility,37.0,%,0.0,0.0,0.01,0.0,0.0,0.0,0.0,0.0,0.0,0.0,0.0,0.04,0.0,0.0,0.0,0.0,0.0,0.6,99.35,0.0,0.0,0.0,0.0,0.0,0.0,0.0,0.0,0.0,0.0,0.0,0.0,0.0,0.0,0.0,0.0,0.0,,,"Type I, Commercial Quality","Type I, Commercial Quality",1212,2,Quenched (oil) – general-purpose steel (tested),2
,,,1,Steel database with labelled clusters,,,Cast Stainless Steel CA40,Ultimate tensile strength,690.0,MPa,Yield strength,485.0,MPa,Ductility,15.0,%,0.0,0.0,0.3,0.0,0.0,0.0,0.0,0.0,0.0,1.5,0.04,0.04,0.0,0.0,0.0,0.0,12.75,1.0,82.87,0.0,1.0,0.0,0.0,0.0,0.0,0.0,0.0,0.5,0.0,0.0,0.0,0.0,0.0,0.0,0.0,0.0,,,Astm A743,Astm A743,1154,2,Quenched (oil) – general-purpose steel (tested),2
,,,1,Steel database with labelled clusters,,,AISI 4820H Steel,Ultimate tensile strength,938.0,MPa,Yield strength,640.0,MPa,Ductility,19.0,%,0.0,0.0,0.2,0.0,0.0,0.0,0.0,0.0,0.0,0.2249999999999999,0.035,0.04,0.0,0.0,0.0,0.0,0.0,0.6000000000000001,95.15,0.0,3.5,0.0,0.0,0.0,0.0,0.0,0.0,0.25,0.0,0.0,0.0,0.0,0.0,0.0,0.0,0.0,,,"Mock Carburized, Reheated To 800C (1470F), 150C (300F) Temper, 50 mm (2 In.) Round","Mock Carburized, Reheated To 800C (1470F), 150C (300F) Temper, 50 mm (2 In.) Round",559,8,Carburized – quenched (oil) – wear-resistant surface steel (variant),8
,,,1,Steel database with labelled clusters,,,AISI 4027 Steel,Ultimate tensile strength,765.0,MPa,Yield strength,585.0,MPa,Ductility,23.0,%,0.0,0.0,0.275,0.0,0.0,0.0,0.0,0.0,0.0,0.25,0.035,0.04,0.0,0.0,0.0,0.0,0.0,0.8,98.35,0.0,0.0,0.0,0.0,0.0,0.0,0.0,0.0,0.25,0.0,0.0,0.0,0.0,0.0,0.0,0.0,0.0,,,"Water Quenched 865C (1590F), 540C (1000F) Temper, 50 mm (2 In.) Round","Water Quenched 865C (1590F), 540C (1000F) Temper, 50 mm (2 In.) Round",140,10,Quenched (water) & tempered – high-strength structural steel,10
,,,1,Steel database with labelled clusters,,,AISI 1536 High Manganese Carbon Steel,Ultimate tensile strength,572.0,MPa,Yield strength,314.0,MPa,Ductility,16.0,%,0.0,0.0,0.3349999999999999,0.0,0.0,0.0,0.0,0.0,0.0,0.0,0.04,0.05,0.0,0.0,0.0,0.0,0.0,1.35,98.225,0.0,0.0,0.0,0.0,0.0,0.0,0.0,0.0,0.0,0.0,0.0,0.0,0.0,0.0,0.0,0.0,0.0,,,Hot Rolled Bar,Hot Rolled Bar,1974,2,Quenched (oil) – general-purpose steel (tested),2
,,,1,Steel database with labelled clusters,,,AISI 5120H Steel,Ultimate tensile strength,938.0,MPa,Yield strength,758.0,MPa,Ductility,16.0,%,0.0,0.0,0.2,0.0,0.0,0.0,0.0,0.0,0.0,0.2249999999999999,0.035,0.04,0.0,0.0,0.0,0.0,0.8,0.8,97.9,0.0,0.0,0.0,0.0,0.0,0.0,0.0,0.0,0.0,0.0,0.0,0.0,0.0,0.0,0.0,0.0,0.0,,,"Heat Treated, Machined To 25 mm, Pseudocarburized, Reheated To 845C (1550F), 150C (300F) Temper","Heat Treated, Machined To 25 mm, Pseudocarburized, Reheated To 845C (1550F), 150C (300F) Temper",532,0,Carburized – quenched (oil) – wear-resistant surface steel,0
,,,1,Steel database with labelled clusters,,,AISI 4140H Steel,Ultimate tensile strength,883.0,MPa,Yield strength,685.0,MPa,Ductility,19.0,%,0.0,0.0,0.405,0.0,0.0,0.0,0.0,0.0,0.0,0.2249999999999999,0.035,0.04,0.0,0.0,0.0,0.0,0.975,0.875,97.22,0.0,0.0,0.0,0.0,0.0,0.0,0.0,0.0,0.2249999999999999,0.0,0.0,0.0,0.0,0.0,0.0,0.0,0.0,,,"Oil Quenched 845C (1550F), Tempered 540C (1000F), 100 mm (4 In.) Round","Oil Quenched 845C (1550F), Tempered 540C (1000F), 100 mm (4 In.) Round",225,6,Quenched (oil) & tempered – high-strength structural steel,6
,,,1,Steel database with labelled clusters,,,AISI 8620H Steel,Ultimate tensile strength,600.0,MPa,Yield strength,360.0,MPa,Ductility,27.0,%,0.0,0.0,0.205,0.0,0.0,0.0,0.0,0.0,0.0,0.25,0.035,0.04,0.0,0.0,0.0,0.0,0.5,0.7749999999999999,97.445,0.0,0.55,0.0,0.0,0.0,0.0,0.0,0.0,0.2,0.0,0.0,0.0,0.0,0.0,0.0,0.0,0.0,,,"Normalized, 50 mm (2 In.) Round","Normalized, 50 mm (2 In.) Round",724,9,Normalized – general-purpose steel (round normalized stock),9
,,,1,Steel database with labelled clusters,,,AISI 86B30H Steel,Ultimate tensile strength,620.0,MPa,Yield strength,550.0,MPa,Ductility,16.0,%,0.0,0.00175,0.3,0.0,0.0,0.0,0.0,0.0,0.0,0.2249999999999999,0.035,0.04,0.0,0.0,0.0,0.0,0.5,0.8,97.34825,0.0,0.55,0.0,0.0,0.0,0.0,0.0,0.0,0.2,0.0,0.0,0.0,0.0,0.0,0.0,0.0,0.0,,,Normalized,Normalized,787,2,Quenched (oil) – general-purpose steel (tested),2
,,,1,Steel database with labelled clusters,,,AISI 1050 Steel,Ultimate tensile strength,725.0,MPa,Yield strength,415.0,MPa,Ductility,20.0,%,0.0,0.0,0.51,0.0,0.0,0.0,0.0,0.0,0.0,0.0,0.04,0.05,0.0,0.0,0.0,0.0,0.0,0.75,98.65,0.0,0.0,0.0,0.0,0.0,0.0,0.0,0.0,0.0,0.0,0.0,0.0,0.0,0.0,0.0,0.0,0.0,,,As Rolled,As Rolled,1695,2,Quenched (oil) – general-purpose steel (tested),2
,,,1,Steel database with labelled clusters,,,AISI 8630 Steel,Ultimate tensile strength,640.0,MPa,Yield strength,425.0,MPa,Ductility,26.0,%,0.0,0.0,0.305,0.0,0.0,0.0,0.0,0.0,0.0,0.2249999999999999,0.035,0.04,0.0,0.0,0.0,0.0,0.5,0.8,97.345,0.0,0.55,0.0,0.0,0.0,0.0,0.0,0.0,0.2,0.0,0.0,0.0,0.0,0.0,0.0,0.0,0.0,,,"Normalized, 50 mm (2 In.) Round","Normalized, 50 mm (2 In.) Round",949,9,Normalized – general-purpose steel (round normalized stock),9
,,,1,Steel database with labelled clusters,,,AISI 4820 Steel,Ultimate tensile strength,1170.0,MPa,Yield strength,869.0,MPa,Ductility,15.0,%,0.0,0.0,0.205,0.0,0.0,0.0,0.0,0.0,0.0,0.2249999999999999,0.035,0.04,0.0,0.0,0.0,0.0,0.0,0.6,95.145,0.0,3.5,0.0,0.0,0.0,0.0,0.0,0.0,0.25,0.0,0.0,0.0,0.0,0.0,0.0,0.0,0.0,,,"Mock Carburized, Reheated To 800C (1470F), 150C (300F) Temper, 25 mm (1 In.) Round","Mock Carburized, Reheated To 800C (1470F), 150C (300F) Temper, 25 mm (1 In.) Round",410,8,Carburized – quenched (oil) – wear-resistant surface steel (variant),8
,,,1,Steel database with labelled clusters,,,AISI 4340 Steel,Ultimate tensile strength,1000.0,MPa,Yield strength,938.0,MPa,Ductility,20.0,%,0.0,0.0,0.4,0.0,0.0,0.0,0.0,0.0,0.0,0.2249999999999999,0.035,0.04,0.0,0.0,0.0,0.0,0.8,0.7,95.725,0.0,1.825,0.0,0.0,0.0,0.0,0.0,0.0,0.25,0.0,0.0,0.0,0.0,0.0,0.0,0.0,0.0,,,"Oil Quenched 800C (1470F), 650C (1200F) Temper, 13 mm (0.5 In.) Round","Oil Quenched 800C (1470F), 650C (1200F) Temper, 13 mm (0.5 In.) Round",326,6,Quenched (oil) & tempered – high-strength structural steel,6
,,,1,Steel database with labelled clusters,,,AISI 1340 Steel,Ultimate tensile strength,910.0,MPa,Yield strength,565.0,MPa,Ductility,20.0,%,0.0,0.0,0.405,0.0,0.0,0.0,0.0,0.0,0.0,0.25,0.035,0.04,0.0,0.0,0.0,0.0,0.0,1.75,97.52,0.0,0.0,0.0,0.0,0.0,0.0,0.0,0.0,0.0,0.0,0.0,0.0,0.0,0.0,0.0,0.0,0.0,,,"Normalized At 870C (1600F), Air Cooled, 13 mm (0.5 In.) Round","Normalized At 870C (1600F), Air Cooled, 13 mm (0.5 In.) Round",1068,4,Normalized (air cooled) – general-purpose steel,4
,,,1,Steel database with labelled clusters,,,AISI E4340 H Steel,Ultimate tensile strength,924.0,MPa,Yield strength,786.0,MPa,Ductility,19.0,%,0.0,0.0,0.405,0.0,0.0,0.0,0.0,0.0,0.0,0.2249999999999999,0.025,0.02,0.0,0.0,0.0,0.0,0.8,0.7749999999999999,95.725,0.0,1.775,0.0,0.0,0.0,0.0,0.0,0.0,0.25,0.0,0.0,0.0,0.0,0.0,0.0,0.0,0.0,,,"Oil Quenched 800C (1470F), 595C (1100F) Temper, 100 mm Round","Oil Quenched 800C (1470F), 595C (1100F) Temper, 100 mm Round",300,6,Quenched (oil) & tempered – high-strength structural steel,6
,,,1,Steel database with labelled clusters,,,ASTM A203 Low Alloy Steel,Ultimate tensile strength,450.0,MPa,Yield strength,255.0,MPa,Ductility,19.0,%,0.0,0.0,0.23,0.0,0.0,0.0,0.0,0.0,0.0,0.275,0.04,0.04,0.0,0.0,0.0,0.0,0.0,0.8,96.315,0.0,2.3,0.0,0.0,0.0,0.0,0.0,0.0,0.0,0.0,0.0,0.0,0.0,0.0,0.0,0.0,0.0,,,Grade A,Grade A,1236,1,Hot rolled – general construction steel,1
,,,1,Steel database with labelled clusters,,,AISI E9310H Steel,Ultimate tensile strength,938.0,MPa,Yield strength,655.0,MPa,Ductility,19.0,%,0.0,0.0,0.1,0.0,0.0,0.0,0.0,0.0,0.0,0.2249999999999999,0.0,0.05,0.0,0.0,0.0,0.0,1.225,0.55,94.485,0.0,3.25,0.0,0.0,0.0,0.0,0.0,0.0,0.1149999999999999,0.0,0.0,0.0,0.0,0.0,0.0,0.0,0.0,,,"Mock Carburized, 790C (1450F) Reheat, 150C (300F) Temper, 100 mm (4 In.) Round","Mock Carburized, 790C (1450F) Reheat, 150C (300F) Temper, 100 mm (4 In.) Round",1108,8,Carburized – quenched (oil) – wear-resistant surface steel (variant),8
,,,1,Steel database with labelled clusters,,,AISI 4140 Steel,Ultimate tensile strength,965.0,MPa,Yield strength,931.0,MPa,Ductility,19.0,%,0.0,0.0,0.405,0.0,0.0,0.0,0.0,0.0,0.0,0.2249999999999999,0.035,0.04,0.0,0.0,0.0,0.0,0.95,0.875,97.27,0.0,0.0,0.0,0.0,0.0,0.0,0.0,0.0,0.2,0.0,0.0,0.0,0.0,0.0,0.0,0.0,0.0,,,"Oil Quenched, 25 mm (1 In.) Round (845C (1550F) Quench, 595C (1100F) Temper)","Oil Quenched, 25 mm (1 In.) Round (845C (1550F) Quench, 595C (1100F) Temper)",26,6,Quenched (oil) & tempered – high-strength structural steel,6
,,,1,Steel database with labelled clusters,,,AISI 1060 Steel,Ultimate tensile strength,855.0,MPa,Yield strength,456.0,MPa,Ductility,20.0,%,0.0,0.0,0.605,0.0,0.0,0.0,0.0,0.0,0.0,0.0,0.04,0.05,0.0,0.0,0.0,0.0,0.0,0.75,98.555,0.0,0.0,0.0,0.0,0.0,0.0,0.0,0.0,0.0,0.0,0.0,0.0,0.0,0.0,0.0,0.0,0.0,,,"Oil Quenched 845C (1550F), 540C (1000F) Temper, 100 mm (4 In.) Round","Oil Quenched 845C (1550F), 540C (1000F) Temper, 100 mm (4 In.) Round",1942,6,Quenched (oil) & tempered – high-strength structural steel,6
,,,1,Steel database with labelled clusters,,,AISI 8620H Steel,Ultimate tensile strength,903.0,MPa,Yield strength,710.0,MPa,Ductility,15.0,%,0.0,0.0,0.205,0.0,0.0,0.0,0.0,0.0,0.0,0.25,0.035,0.04,0.0,0.0,0.0,0.0,0.5,0.7749999999999999,97.445,0.0,0.55,0.0,0.0,0.0,0.0,0.0,0.0,0.2,0.0,0.0,0.0,0.0,0.0,0.0,0.0,0.0,,,"Normalized, Machined To 25 mm, Pseudocarburized, Reheated To 775C, 150C Temper","Normalized, Machined To 25 mm, Pseudocarburized, Reheated To 775C, 150C Temper",715,0,Carburized – quenched (oil) – wear-resistant surface steel,0
,,,1,Steel database with labelled clusters,,,AISI 8620 Steel,Ultimate tensile strength,675.0,MPa,Yield strength,490.0,MPa,Ductility,21.0,%,0.0,0.0,0.205,0.0,0.0,0.0,0.0,0.0,0.0,0.25,0.035,0.04,0.0,0.0,0.0,0.0,0.5,0.8,97.42,0.0,0.55,0.0,0.0,0.0,0.0,0.0,0.0,0.2,0.0,0.0,0.0,0.0,0.0,0.0,0.0,0.0,,,"Carburized, Box Cooled, Reheated And Quenched, 150C (300F) Temper, 50 mm (2 In.) Round","Carburized, Box Cooled, Reheated And Quenched, 150C (300F) Temper, 50 mm (2 In.) Round",951,8,Carburized – quenched (oil) – wear-resistant surface steel (variant),8
,,,1,Steel database with labelled clusters,,,AISI 4320 Steel,Ultimate tensile strength,1150.0,MPa,Yield strength,972.0,MPa,Ductility,14.0,%,0.0,0.0,0.195,0.0,0.0,0.0,0.0,0.0,0.0,0.2249999999999999,0.035,0.04,0.0,0.0,0.0,0.0,0.5,0.55,96.38,0.0,1.825,0.0,0.0,0.0,0.0,0.0,0.0,0.25,0.0,0.0,0.0,0.0,0.0,0.0,0.0,0.0,,,"Normalized 925C (1700F) In 32 mm Rounds, Machined To 25 mm (1 In.) Rounds, Pseudocarburized 925C (1700F) For 8 Hrs., Oil Quenched, 150C (300F) Temper, Tested In 12.8 mm Rounds","Normalized 925C (1700F) In 32 mm Rounds, Machined To 25 mm (1 In.) Rounds, Pseudocarburized 925C (1700F) For 8 Hrs., Oil Quenched, 150C (300F) Temper, Tested In 12.8 mm Rounds",194,0,Carburized – quenched (oil) – wear-resistant surface steel,0
,,,1,Steel database with labelled clusters,,,AISI 4620H Steel,Ultimate tensile strength,876.0,MPa,Yield strength,620.0,MPa,Ductility,20.0,%,0.0,0.0,0.2,0.0,0.0,0.0,0.0,0.0,0.0,0.25,0.035,0.04,0.0,0.0,0.0,0.0,0.0,0.55,96.9,0.0,1.775,0.0,0.0,0.0,0.0,0.0,0.0,0.25,0.0,0.0,0.0,0.0,0.0,0.0,0.0,0.0,,,"Mock Carburized, 150C (300F) Temper, 13 mm (0.5 In.) Round","Mock Carburized, 150C (300F) Temper, 13 mm (0.5 In.) Round",441,8,Carburized – quenched (oil) – wear-resistant surface steel (variant),8
,,,1,Steel database with labelled clusters,,,AISI 5160 Steel,Ultimate tensile strength,1000.0,MPa,Yield strength,869.0,MPa,Ductility,18.0,%,0.0,0.0,0.6000000000000001,0.0,0.0,0.0,0.0,0.0,0.0,0.2249999999999999,0.035,0.04,0.0,0.0,0.0,0.0,0.8,0.875,97.425,0.0,0.0,0.0,0.0,0.0,0.0,0.0,0.0,0.0,0.0,0.0,0.0,0.0,0.0,0.0,0.0,0.0,,,"Oil Quenched From 830C (1525F), 595C (1100F) Temper, 25 mm (1 In.) Round","Oil Quenched From 830C (1525F), 595C (1100F) Temper, 25 mm (1 In.) Round",574,6,Quenched (oil) & tempered – high-strength structural steel,6
,,,1,Steel database with labelled clusters,,,AISI 5120 Steel,Ultimate tensile strength,986.0,MPa,Yield strength,786.0,MPa,Ductility,13.0,%,0.0,0.0,0.195,0.0,0.0,0.0,0.0,0.0,0.0,0.2249999999999999,0.035,0.04,0.0,0.0,0.0,0.0,0.8,0.8,97.905,0.0,0.0,0.0,0.0,0.0,0.0,0.0,0.0,0.0,0.0,0.0,0.0,0.0,0.0,0.0,0.0,0.0,,,"Heat Treated, Machined To 25 mm, Pseudocarburized, 150C (300F) Temper","Heat Treated, Machined To 25 mm, Pseudocarburized, 150C (300F) Temper",504,0,Carburized – quenched (oil) – wear-resistant surface steel,0
,,,1,Steel database with labelled clusters,,,AISI 4820 Steel,Ultimate tensile strength,938.0,MPa,Yield strength,640.0,MPa,Ductility,19.0,%,0.0,0.0,0.205,0.0,0.0,0.0,0.0,0.0,0.0,0.2249999999999999,0.035,0.04,0.0,0.0,0.0,0.0,0.0,0.6,95.145,0.0,3.5,0.0,0.0,0.0,0.0,0.0,0.0,0.25,0.0,0.0,0.0,0.0,0.0,0.0,0.0,0.0,,,"Mock Carburized, Reheated To 800C (1470F), 150C (300F) Temper, 50 mm (2 In.) Round","Mock Carburized, Reheated To 800C (1470F), 150C (300F) Temper, 50 mm (2 In.) Round",606,8,Carburized – quenched (oil) – wear-resistant surface steel (variant),8
,,,1,Steel database with labelled clusters,,,AISI 1042 Steel,Ultimate tensile strength,614.0,MPa,Yield strength,517.0,MPa,Ductility,12.0,%,0.0,0.0,0.435,0.0,0.0,0.0,0.0,0.0,0.0,0.0,0.04,0.05,0.0,0.0,0.0,0.0,0.0,0.75,98.725,0.0,0.0,0.0,0.0,0.0,0.0,0.0,0.0,0.0,0.0,0.0,0.0,0.0,0.0,0.0,0.0,0.0,,,Cold Drawn Bar (Uns G10420),Cold Drawn Bar (Uns G10420),1548,2,Quenched (oil) – general-purpose steel (tested),2
,,,1,Steel database with labelled clusters,,,Latrobe NitralloyÂ® 135 Modified VAC-ARC,Ultimate tensile strength,931.0,MPa,Yield strength,690.0,MPa,Ductility,16.0,%,0.0,0.0,0.4,0.0,0.0,0.0,0.0,0.0,1.2,0.3,0.0,0.0,0.0,0.0,0.0,0.0,1.6,0.6,95.55,0.0,0.0,0.0,0.0,0.0,0.0,0.0,0.0,0.35,0.0,0.0,0.0,0.0,0.0,0.0,0.0,0.0,,,Up To 1.5 In Premium Nitriding Steel,Up To 1.5 In Premium Nitriding Steel,2061,2,Quenched (oil) – general-purpose steel (tested),2
,,,1,Steel database with labelled clusters,,,AISI 1040 Steel,Ultimate tensile strength,752.0,MPa,Yield strength,562.0,MPa,Ductility,23.0,%,0.0,0.0,0.405,0.0,0.0,0.0,0.0,0.0,0.0,0.0,0.04,0.05,0.0,0.0,0.0,0.0,0.0,0.75,98.755,0.0,0.0,0.0,0.0,0.0,0.0,0.0,0.0,0.0,0.0,0.0,0.0,0.0,0.0,0.0,0.0,0.0,,,"Water Quenched From 845C (1550F), 540C (1000F) Temper, 13 mm (0.5 In.) Round","Water Quenched From 845C (1550F), 540C (1000F) Temper, 13 mm (0.5 In.) Round",1761,10,Quenched (water) & tempered – high-strength structural steel,10
,,,1,Steel database with labelled clusters,,,AISI 8630H Steel,Ultimate tensile strength,655.0,MPa,Yield strength,425.0,MPa,Ductility,25.0,%,0.0,0.0,0.3,0.0,0.0,0.0,0.0,0.0,0.0,0.2249999999999999,0.035,0.04,0.0,0.0,0.0,0.0,0.5,0.8,97.35,0.0,0.55,0.0,0.0,0.0,0.0,0.0,0.0,0.2,0.0,0.0,0.0,0.0,0.0,0.0,0.0,0.0,,,"Normalized, 13 mm (0.5 In.) Round","Normalized, 13 mm (0.5 In.) Round",847,9,Normalized – general-purpose steel (round normalized stock),9
,,,1,Steel database with labelled clusters,,,AISI 4027 Steel,Ultimate tensile strength,1035.0,MPa,Yield strength,917.0,MPa,Ductility,16.0,%,0.0,0.0,0.275,0.0,0.0,0.0,0.0,0.0,0.0,0.25,0.035,0.04,0.0,0.0,0.0,0.0,0.0,0.8,98.35,0.0,0.0,0.0,0.0,0.0,0.0,0.0,0.0,0.25,0.0,0.0,0.0,0.0,0.0,0.0,0.0,0.0,,,"Water Quenched 865C (1590F), 480C (900F) Temper, 25 mm (1 In.) Round","Water Quenched 865C (1590F), 480C (900F) Temper, 25 mm (1 In.) Round",4,10,Quenched (water) & tempered – high-strength structural steel,10
,,,1,Steel database with labelled clusters,,,ASTM A709 Steel,Ultimate tensile strength,690.0,MPa,Yield strength,620.0,MPa,Ductility,17.0,%,0.0,0.0,0.155,0.0,0.0,0.0,0.0,0.0,0.0,0.0,0.035,0.04,0.0,0.0,0.0,0.0,0.0,0.95,98.82,0.0,0.0,0.0,0.0,0.0,0.0,0.0,0.0,0.0,0.0,0.0,0.0,0.0,0.0,0.0,0.0,0.0,,,"Grade 100 And 100W, > 64 mm & < 100 mm","Grade 100 And 100W, > 64 mm & < 100 mm",1117,1,Hot rolled – general construction steel,1
,,,1,Steel database with labelled clusters,,,AISI 1015 Steel,Ultimate tensile strength,733.0,MPa,Yield strength,415.0,MPa,Ductility,15.0,%,0.0,0.0,0.155,0.0,0.0,0.0,0.0,0.0,0.0,0.0,0.04,0.05,0.0,0.0,0.0,0.0,0.0,0.4499999999999999,99.305,0.0,0.0,0.0,0.0,0.0,0.0,0.0,0.0,0.0,0.0,0.0,0.0,0.0,0.0,0.0,0.0,0.0,,,"Mock Carburized At 915C (1680F) For 8 Hours, 775C (1430F) Reheat, Water Quenched, 175C (350F) Temper, 13 mm (0.5 In.) Round","Mock Carburized At 915C (1680F) For 8 Hours, 775C (1430F) Reheat, Water Quenched, 175C (350F) Temper, 13 mm (0.5 In.) Round",1444,8,Carburized – quenched (oil) – wear-resistant surface steel (variant),8
,,,1,Steel database with labelled clusters,,,AISI 4820H Steel,Ultimate tensile strength,738.0,MPa,Yield strength,475.0,MPa,Ductility,23.0,%,0.0,0.0,0.2,0.0,0.0,0.0,0.0,0.0,0.0,0.2249999999999999,0.035,0.04,0.0,0.0,0.0,0.0,0.0,0.6000000000000001,95.15,0.0,3.5,0.0,0.0,0.0,0.0,0.0,0.0,0.25,0.0,0.0,0.0,0.0,0.0,0.0,0.0,0.0,,,"Normalized 860C (1580F), 50 mm (2 In.) Round","Normalized 860C (1580F), 50 mm (2 In.) Round",468,4,Normalized (air cooled) – general-purpose steel,4
,,,1,Steel database with labelled clusters,,,AISI 4419H Steel,Ultimate tensile strength,670.0,MPa,Yield strength,435.0,MPa,Ductility,24.0,%,0.0,0.0,0.2,0.0,0.0,0.0,0.0,0.0,0.0,0.25,0.035,0.04,0.0,0.0,0.0,0.0,0.0,0.55,98.4,0.0,0.0,0.0,0.0,0.0,0.0,0.0,0.0,0.525,0.0,0.0,0.0,0.0,0.0,0.0,0.0,0.0,,,"Mock Carburized, 150C (300F) Temper, 25 mm (1 In.) Round","Mock Carburized, 150C (300F) Temper, 25 mm (1 In.) Round",322,8,Carburized – quenched (oil) – wear-resistant surface steel (variant),8
,,,1,Steel database with labelled clusters,,,AISI 4027 Steel,Ultimate tensile strength,696.0,MPa,Yield strength,540.0,MPa,Ductility,25.0,%,0.0,0.0,0.275,0.0,0.0,0.0,0.0,0.0,0.0,0.25,0.035,0.04,0.0,0.0,0.0,0.0,0.0,0.8,98.35,0.0,0.0,0.0,0.0,0.0,0.0,0.0,0.0,0.25,0.0,0.0,0.0,0.0,0.0,0.0,0.0,0.0,,,"Water Quenched 865C (1590F), 480C (900F) Temper, 100 mm (4 In.) Round","Water Quenched 865C (1590F), 480C (900F) Temper, 100 mm (4 In.) Round",6,10,Quenched (water) & tempered – high-strength structural steel,10
,,,1,Steel database with labelled clusters,,,AISI 4150H,Ultimate tensile strength,731.0,MPa,Yield strength,380.0,MPa,Ductility,20.0,%,0.0,0.0,0.505,0.0,0.0,0.0,0.0,0.0,0.0,0.2249999999999999,0.035,0.04,0.0,0.0,0.0,0.0,0.975,0.875,97.145,0.0,0.0,0.0,0.0,0.0,0.0,0.0,0.0,0.2,0.0,0.0,0.0,0.0,0.0,0.0,0.0,0.0,,,Annealed 815C (1500F),Annealed 815C (1500F),223,7,Annealed – easy-to-machine – round annealed stock,7
,,,1,Steel database with labelled clusters,,,AISI 1547 Steel,Ultimate tensile strength,710.0,MPa,Yield strength,605.0,MPa,Ductility,10.0,%,0.0,0.0,0.47,0.0,0.0,0.0,0.0,0.0,0.0,0.0,0.04,0.05,0.0,0.0,0.0,0.0,0.0,1.5,97.94,0.0,0.0,0.0,0.0,0.0,0.0,0.0,0.0,0.0,0.0,0.0,0.0,0.0,0.0,0.0,0.0,0.0,,,"Cold Drawn, 19-32 mm (0.75-1.25 In) Round","Cold Drawn, 19-32 mm (0.75-1.25 In) Round",1973,3,Normalized – easy-to-machine stock (cold drawn),3
,,,1,Steel database with labelled clusters,,,AISI 5140H Steel,Ultimate tensile strength,570.0,MPa,Yield strength,290.0,MPa,Ductility,28.0,%,0.0,0.0,0.405,0.0,0.0,0.0,0.0,0.0,0.0,0.2249999999999999,0.035,0.04,0.0,0.0,0.0,0.0,0.8,0.8,97.695,0.0,0.0,0.0,0.0,0.0,0.0,0.0,0.0,0.0,0.0,0.0,0.0,0.0,0.0,0.0,0.0,0.0,,,"Annealed 830C (1525F), 25 mm (1 In.) Round","Annealed 830C (1525F), 25 mm (1 In.) Round",548,7,Annealed – easy-to-machine – round annealed stock,7
,,,1,Steel database with labelled clusters,,,AISI 4118H Steel,Ultimate tensile strength,645.0,MPa,Yield strength,314.0,MPa,Ductility,28.0,%,0.0,0.0,0.2,0.0,0.0,0.0,0.0,0.0,0.0,0.2249999999999999,0.035,0.04,0.0,0.0,0.0,0.0,0.5,0.8,98.085,0.0,0.0,0.0,0.0,0.0,0.0,0.0,0.0,0.1149999999999999,0.0,0.0,0.0,0.0,0.0,0.0,0.0,0.0,,,"Mock Carburized At 925C (1700F) For 8 Hours, Reheated To 830C (1525F), Oil Quenched, 150C (300F) Temper, 230C (450F) Temper, 50 mm (2 In.) Round","Mock Carburized At 925C (1700F) For 8 Hours, Reheated To 830C (1525F), Oil Quenched, 150C (300F) Temper, 230C (450F) Temper, 50 mm (2 In.) Round",229,8,Carburized – quenched (oil) – wear-resistant surface steel (variant),8
,,,1,Steel database with labelled clusters,,,AISI 4130H Steel,Ultimate tensile strength,841.0,MPa,Yield strength,685.0,MPa,Ductility,21.0,%,0.0,0.0,0.3,0.0,0.0,0.0,0.0,0.0,0.0,0.25,0.035,0.04,0.0,0.0,0.0,0.0,0.975,0.5,97.7,0.0,0.0,0.0,0.0,0.0,0.0,0.0,0.0,0.2,0.0,0.0,0.0,0.0,0.0,0.0,0.0,0.0,,,"Water Quenched 855C (1570F), 540C (1000F) Temper, 50 mm (2 In.) Round","Water Quenched 855C (1570F), 540C (1000F) Temper, 50 mm (2 In.) Round",40,10,Quenched (water) & tempered – high-strength structural steel,10
,,,1,Steel database with labelled clusters,,,AISI 5150H Steel,Ultimate tensile strength,827.0,MPa,Yield strength,550.0,MPa,Ductility,19.0,%,0.0,0.0,0.505,0.0,0.0,0.0,0.0,0.0,0.0,0.2249999999999999,0.035,0.04,0.0,0.0,0.0,0.0,0.8,0.8,97.595,0.0,0.0,0.0,0.0,0.0,0.0,0.0,0.0,0.0,0.0,0.0,0.0,0.0,0.0,0.0,0.0,0.0,,,"Oil Quenched From 830C (1525F), 595C (1100F) Temper, 100 mm (4 In.) Round","Oil Quenched From 830C (1525F), 595C (1100F) Temper, 100 mm (4 In.) Round",543,6,Quenched (oil) & tempered – high-strength structural steel,6
,,,1,Steel database with labelled clusters,,,AISI 4320 Steel,Ultimate tensile strength,1040.0,MPa,Yield strength,869.0,MPa,Ductility,15.0,%,0.0,0.0,0.195,0.0,0.0,0.0,0.0,0.0,0.0,0.2249999999999999,0.035,0.04,0.0,0.0,0.0,0.0,0.5,0.55,96.38,0.0,1.825,0.0,0.0,0.0,0.0,0.0,0.0,0.25,0.0,0.0,0.0,0.0,0.0,0.0,0.0,0.0,,,"Normalized 925C (1700F) In 32 mm Rounds, Machined To 13.7 mm Rounds, Pseudocarburized 925C (1700F) For 8 Hrs., Box Cooled To Rt, Reheated To 775C, Oil Quenched, 150C (300F) Temper, Tested In 12.8 mm Rounds","Normalized 925C (1700F) In 32 mm Rounds, Machined To 13.7 mm Rounds, Pseudocarburized 925C (1700F) For 8 Hrs., Box Cooled To Rt, Reheated To 775C, Oil Quenched, 150C (300F) Temper, Tested In 12.8 mm Rounds",243,0,Carburized – quenched (oil) – wear-resistant surface steel,0
,,,1,Steel database with labelled clusters,,,AISI 8822 Steel,Ultimate tensile strength,1176.0,MPa,Yield strength,654.0,MPa,Ductility,12.0,%,0.0,0.0,0.225,0.0,0.0,0.0,0.0,0.0,0.0,0.2249999999999999,0.035,0.04,0.0,0.0,0.0,0.0,0.5,0.875,97.2,0.0,0.55,0.0,0.0,0.0,0.0,0.0,0.0,0.35,0.0,0.0,0.0,0.0,0.0,0.0,0.0,0.0,,,"Normalized, Machined To 25 mm (1 In.) Rounds, Pseudocarburized, 775C (1430F) Reheat, 150C (300F) Temper","Normalized, Machined To 25 mm (1 In.) Rounds, Pseudocarburized, 775C (1430F) Reheat, 150C (300F) Temper",899,0,Carburized – quenched (oil) – wear-resistant surface steel,0
,,,1,Steel database with labelled clusters,,,AISI Grade 18Ni (250) Maraging Steel,Ultimate tensile strength,1874.0,MPa,Yield strength,1832.0,MPa,Ductility,8.0,%,0.0,0.0,0.03,0.0,0.0,0.0,0.0,0.0,0.1,0.1,0.01,0.01,0.0,0.0,0.4,0.0,0.0,0.1,68.44,7.5,18.5,0.0,0.0,0.0,0.0,0.01,0.0,4.8,0.0,0.0,0.0,0.0,0.0,0.0,0.0,0.0,,,"Aged, 6 mm Sheet, Tested Transverse","Aged, 6 mm Sheet, Tested Transverse",1101,2,Quenched (oil) – general-purpose steel (tested),2
,,,1,Steel database with labelled clusters,,,AISI 4419 Steel,Ultimate tensile strength,710.0,MPa,Yield strength,425.0,MPa,Ductility,24.0,%,0.0,0.0,0.205,0.0,0.0,0.0,0.0,0.0,0.0,0.25,0.035,0.04,0.0,0.0,0.0,0.0,0.0,0.55,98.395,0.0,0.0,0.0,0.0,0.0,0.0,0.0,0.0,0.525,0.0,0.0,0.0,0.0,0.0,0.0,0.0,0.0,,,"Mock Carburized, 230C (450F) Temper, 14 mm (0.55 In.) Round","Mock Carburized, 230C (450F) Temper, 14 mm (0.55 In.) Round",137,8,Carburized – quenched (oil) – wear-resistant surface steel (variant),8
,,,1,Steel database with labelled clusters,,,ASTM A139 Steel,Ultimate tensile strength,415.0,MPa,Yield strength,315.0,MPa,Ductility,23.0,%,0.0,0.0,0.3,0.0,0.0,0.0,0.0,0.0,0.0,0.0,0.04,0.05,0.0,0.0,0.0,0.0,0.0,1.3,98.31,0.0,0.0,0.0,0.0,0.0,0.0,0.0,0.0,0.0,0.0,0.0,0.0,0.0,0.0,0.0,0.0,0.0,,,Grade D,Grade D,1167,1,Hot rolled – general construction steel,1
,,,1,Steel database with labelled clusters,,,AISI 1213 Steel,Ultimate tensile strength,385.0,MPa,Yield strength,240.0,MPa,Ductility,25.0,%,0.0,0.0,0.13,0.0,0.0,0.0,0.0,0.0,0.0,0.0,0.095,0.285,0.0,0.0,0.0,0.0,0.0,0.85,98.64,0.0,0.0,0.0,0.0,0.0,0.0,0.0,0.0,0.0,0.0,0.0,0.0,0.0,0.0,0.0,0.0,0.0,,,"Hot Rolled, 19-38 mm Round","Hot Rolled, 19-38 mm Round",1946,3,Normalized – easy-to-machine stock (cold drawn),3
,,,1,Steel database with labelled clusters,,,AISI 1060 Steel,Ultimate tensile strength,758.0,MPa,Yield strength,396.0,MPa,Ductility,17.0,%,0.0,0.0,0.605,0.0,0.0,0.0,0.0,0.0,0.0,0.0,0.04,0.05,0.0,0.0,0.0,0.0,0.0,0.75,98.555,0.0,0.0,0.0,0.0,0.0,0.0,0.0,0.0,0.0,0.0,0.0,0.0,0.0,0.0,0.0,0.0,0.0,,,"Normalized At 900C (1650F), Air Cooled, 50 mm (2 In.) Round","Normalized At 900C (1650F), Air Cooled, 50 mm (2 In.) Round",1930,4,Normalized (air cooled) – general-purpose steel,4
,,,1,Steel database with labelled clusters,,,AISI 86B50 Steel,Ultimate tensile strength,1255.0,MPa,Yield strength,1076.0,MPa,Ductility,22.0,%,0.0,0.00175,0.505,0.0,0.0,0.0,0.0,0.0,0.0,0.25,0.035,0.045,0.0,0.0,0.0,0.0,0.5,0.875,97.03825,0.0,0.55,0.0,0.0,0.0,0.0,0.0,0.0,0.2,0.0,0.0,0.0,0.0,0.0,0.0,0.0,0.0,,,"Annealed, 25 mm (1 In.) Round","Annealed, 25 mm (1 In.) Round",975,3,Normalized – easy-to-machine stock (cold drawn),3
,,,1,Steel database with labelled clusters,,,AISI 8640H Steel,Ultimate tensile strength,945.0,MPa,Yield strength,931.0,MPa,Ductility,9.0,%,0.0,0.0,0.405,0.0,0.0,0.0,0.0,0.0,0.0,0.2249999999999999,0.035,0.04,0.0,0.0,0.0,0.0,0.5,0.875,97.17,0.0,0.55,0.0,0.0,0.0,0.0,0.0,0.0,0.2,0.0,0.0,0.0,0.0,0.0,0.0,0.0,0.0,,,"Cold Drawn, 25 mm (1 In.) Round","Cold Drawn, 25 mm (1 In.) Round",830,3,Normalized – easy-to-machine stock (cold drawn),3
,,,1,Steel database with labelled clusters,,,AISI 4620H Steel,Ultimate tensile strength,841.0,MPa,Yield strength,533.0,MPa,Ductility,22.0,%,0.0,0.0,0.2,0.0,0.0,0.0,0.0,0.0,0.0,0.25,0.035,0.04,0.0,0.0,0.0,0.0,0.0,0.55,96.9,0.0,1.775,0.0,0.0,0.0,0.0,0.0,0.0,0.25,0.0,0.0,0.0,0.0,0.0,0.0,0.0,0.0,,,"Double Quenched And Tempered, Carburized, Oil Quenched, 150C (300F) Temper","Double Quenched And Tempered, Carburized, Oil Quenched, 150C (300F) Temper",446,5,Carburized – quenched (oil) – wear-resistant surface steel (variant),5
,,,1,Steel database with labelled clusters,,,AISI 8617 Steel,Ultimate tensile strength,834.0,MPa,Yield strength,625.0,MPa,Ductility,19.0,%,0.0,0.0,0.175,0.0,0.0,0.0,0.0,0.0,0.0,0.2249999999999999,0.035,0.04,0.0,0.0,0.0,0.0,0.5,0.8,97.475,0.0,0.55,0.0,0.0,0.0,0.0,0.0,0.0,0.2,0.0,0.0,0.0,0.0,0.0,0.0,0.0,0.0,,,"Heat Treated, Machined, Pseudocarburized, Reheated To 855C (1570F), 150C (300F) Temper","Heat Treated, Machined, Pseudocarburized, Reheated To 855C (1570F), 150C (300F) Temper",843,0,Carburized – quenched (oil) – wear-resistant surface steel,0
,,,1,Steel database with labelled clusters,,,AISI E9310 Steel,Ultimate tensile strength,917.0,MPa,Yield strength,605.0,MPa,Ductility,20.0,%,0.0,0.0,0.105,0.0,0.0,0.0,0.0,0.0,0.0,0.275,0.025,0.025,0.0,0.0,0.0,0.0,1.2,0.55,94.455,0.0,3.25,0.0,0.0,0.0,0.0,0.0,0.0,0.1149999999999999,0.0,0.0,0.0,0.0,0.0,0.0,0.0,0.0,,,"Normalized At 890C (1635F), 13 mm (0.5 In.) Round","Normalized At 890C (1635F), 13 mm (0.5 In.) Round",1058,4,Normalized (air cooled) – general-purpose steel,4
,,,1,Steel database with labelled clusters,,,ASTM A570 Steel,Ultimate tensile strength,450.0,MPa,Yield strength,345.0,MPa,Ductility,10.0,%,0.0,0.0,0.25,0.0,0.0,0.0,0.0,0.0,0.0,0.0,0.04,0.05,0.0,0.0,0.0,0.0,0.0,1.35,98.11,0.0,0.0,0.2,0.0,0.0,0.0,0.0,0.0,0.0,0.0,0.0,0.0,0.0,0.0,0.0,0.0,0.0,,,Grade 50,Grade 50,1399,1,Hot rolled – general construction steel,1
,,,1,Steel database with labelled clusters,,,ASTM A710 Steel,Ultimate tensile strength,515.0,MPa,Yield strength,450.0,MPa,Ductility,20.0,%,0.0,0.0,0.07,0.0,0.0,0.0,0.0,0.0,0.0,0.4,0.025,0.025,0.0,0.0,0.0,0.0,0.75,0.55,95.96,0.0,0.85,1.15,0.0,0.0,0.0,0.0,0.02,0.2,0.0,0.0,0.0,0.0,0.0,0.0,0.0,0.0,,,"Grade A, Class 3, Thickness > 50 mm","Grade A, Class 3, Thickness > 50 mm",1122,1,Hot rolled – general construction steel,1
,,,1,Steel database with labelled clusters,,,AISI 1118 Steel,Ultimate tensile strength,450.0,MPa,Yield strength,285.0,MPa,Ductility,34.0,%,0.0,0.0,0.17,0.0,0.0,0.0,0.0,0.0,0.0,0.0,0.04,0.105,0.0,0.0,0.0,0.0,0.0,1.45,98.235,0.0,0.0,0.0,0.0,0.0,0.0,0.0,0.0,0.0,0.0,0.0,0.0,0.0,0.0,0.0,0.0,0.0,,,Annealed At 790C (1450F),Annealed At 790C (1450F),1798,7,Annealed – easy-to-machine – round annealed stock,7
,,,1,Steel database with labelled clusters,,,AISI 5120H Steel,Ultimate tensile strength,883.0,MPa,Yield strength,696.0,MPa,Ductility,15.0,%,0.0,0.0,0.2,0.0,0.0,0.0,0.0,0.0,0.0,0.2249999999999999,0.035,0.04,0.0,0.0,0.0,0.0,0.8,0.8,97.9,0.0,0.0,0.0,0.0,0.0,0.0,0.0,0.0,0.0,0.0,0.0,0.0,0.0,0.0,0.0,0.0,0.0,,,"Heat Treated, Machined To 25 mm, Pseudocarburized, Reheated To 800C (1470F), 150C (300F) Temper","Heat Treated, Machined To 25 mm, Pseudocarburized, Reheated To 800C (1470F), 150C (300F) Temper",582,0,Carburized – quenched (oil) – wear-resistant surface steel,0
,,,1,Steel database with labelled clusters,,,AISI 1095 Steel,Ultimate tensile strength,1145.0,MPa,Yield strength,703.0,MPa,Ductility,15.0,%,0.0,0.0,0.965,0.0,0.0,0.0,0.0,0.0,0.0,0.0,0.04,0.05,0.0,0.0,0.0,0.0,0.0,0.4,98.545,0.0,0.0,0.0,0.0,0.0,0.0,0.0,0.0,0.0,0.0,0.0,0.0,0.0,0.0,0.0,0.0,0.0,,,"Oil Quenched From 800C (1475F), Tempered At 540C (1000F)","Oil Quenched From 800C (1475F), Tempered At 540C (1000F)",1804,6,Quenched (oil) & tempered – high-strength structural steel,6
,,,1,Steel database with labelled clusters,,,AISI 1040 Steel,Ultimate tensile strength,689.0,MPa,Yield strength,479.0,MPa,Ductility,26.0,%,0.0,0.0,0.405,0.0,0.0,0.0,0.0,0.0,0.0,0.0,0.04,0.05,0.0,0.0,0.0,0.0,0.0,0.75,98.755,0.0,0.0,0.0,0.0,0.0,0.0,0.0,0.0,0.0,0.0,0.0,0.0,0.0,0.0,0.0,0.0,0.0,,,"Water Quenched From 845C (1550F), 595C (1100F) Temper, 25 mm (1 In.) Round","Water Quenched From 845C (1550F), 595C (1100F) Temper, 25 mm (1 In.) Round",1960,10,Quenched (water) & tempered – high-strength structural steel,10
,,,1,Steel database with labelled clusters,,,AISI 6150 Steel,Ultimate tensile strength,1090.0,MPa,Yield strength,1035.0,MPa,Ductility,16.0,%,0.0,0.0,0.505,0.0,0.0,0.0,0.0,0.0,0.0,0.2249999999999999,0.035,0.04,0.0,0.0,0.0,0.15,0.95,0.8,97.295,0.0,0.0,0.0,0.0,0.0,0.0,0.0,0.0,0.0,0.0,0.0,0.0,0.0,0.0,0.0,0.0,0.0,,,"Oil Quenched 845C (1550F), 595C (1100F) Temper, 25 mm (1 In.) Round","Oil Quenched 845C (1550F), 595C (1100F) Temper, 25 mm (1 In.) Round",662,6,Quenched (oil) & tempered – high-strength structural steel,6
,,,1,Steel database with labelled clusters,,,AISI 4820 Steel,Ultimate tensile strength,1448.0,MPa,Yield strength,1138.0,MPa,Ductility,12.0,%,0.0,0.0,0.205,0.0,0.0,0.0,0.0,0.0,0.0,0.2249999999999999,0.035,0.04,0.0,0.0,0.0,0.0,0.0,0.6,95.145,0.0,3.5,0.0,0.0,0.0,0.0,0.0,0.0,0.25,0.0,0.0,0.0,0.0,0.0,0.0,0.0,0.0,,,"Heat Treated, Machined To 13.7 mm, Pseudocarburized, 150C (300F) Temper","Heat Treated, Machined To 13.7 mm, Pseudocarburized, 150C (300F) Temper",437,0,Carburized – quenched (oil) – wear-resistant surface steel,0
,,,1,Steel database with labelled clusters,,,AISI 1095 Steel,Ultimate tensile strength,1105.0,MPa,Yield strength,655.0,MPa,Ductility,13.0,%,0.0,0.0,0.965,0.0,0.0,0.0,0.0,0.0,0.0,0.0,0.04,0.05,0.0,0.0,0.0,0.0,0.0,0.4,98.545,0.0,0.0,0.0,0.0,0.0,0.0,0.0,0.0,0.0,0.0,0.0,0.0,0.0,0.0,0.0,0.0,0.0,,,"Oil Quenched 800C (1470F), 540C (1000F) Temper, 25 mm (1 In.) Round","Oil Quenched 800C (1470F), 540C (1000F) Temper, 25 mm (1 In.) Round",1828,6,Quenched (oil) & tempered – high-strength structural steel,6
,,,1,Steel database with labelled clusters,,,AISI E4340 Steel,Ultimate tensile strength,1595.0,MPa,Yield strength,1475.0,MPa,Ductility,12.0,%,0.0,0.0,0.405,0.0,0.0,0.0,0.0,0.0,0.0,0.2249999999999999,0.025,0.02,0.0,0.0,0.0,0.0,0.8,0.75,95.7,0.0,1.825,0.0,0.0,0.0,0.0,0.0,0.0,0.25,0.0,0.0,0.0,0.0,0.0,0.0,0.0,0.0,,,"Oil Quenched 845C, 425C (800F) Temper","Oil Quenched 845C, 425C (800F) Temper",377,6,Quenched (oil) & tempered – high-strength structural steel,6
,,,1,Steel database with labelled clusters,,,AISI 1095 Steel,Ultimate tensile strength,1215.0,MPa,Yield strength,703.0,MPa,Ductility,10.0,%,0.0,0.0,0.965,0.0,0.0,0.0,0.0,0.0,0.0,0.0,0.04,0.05,0.0,0.0,0.0,0.0,0.0,0.4,98.545,0.0,0.0,0.0,0.0,0.0,0.0,0.0,0.0,0.0,0.0,0.0,0.0,0.0,0.0,0.0,0.0,0.0,,,"Oil Quenched 800C (1470F), 480C (900F) Temper, 25 mm (1 In.) Round","Oil Quenched 800C (1470F), 480C (900F) Temper, 25 mm (1 In.) Round",1737,6,Quenched (oil) & tempered – high-strength structural steel,6
,,,1,Steel database with labelled clusters,,,AISI 8740 Steel,Ultimate tensile strength,1180.0,MPa,Yield strength,1060.0,MPa,Ductility,15.0,%,0.0,0.0,0.405,0.0,0.0,0.0,0.0,0.0,0.0,0.2249999999999999,0.035,0.04,0.0,0.0,0.0,0.0,0.5,0.875,97.12,0.0,0.55,0.0,0.0,0.0,0.0,0.0,0.0,0.25,0.0,0.0,0.0,0.0,0.0,0.0,0.0,0.0,,,"Oil Quenched 830C (1525F), 540C (1000F) Temper, 50 mm (2 In.) Round","Oil Quenched 830C (1525F), 540C (1000F) Temper, 50 mm (2 In.) Round",966,6,Quenched (oil) & tempered – high-strength structural steel,6
,,,1,Steel database with labelled clusters,,,ASTM A387 Alloy Steel,Ultimate tensile strength,515.0,MPa,Yield strength,310.0,MPa,Ductility,18.0,%,0.0,0.0,0.15,0.0,0.0,0.0,0.0,0.0,0.0,0.5,0.04,0.03,0.0,0.0,0.0,0.0,5.0,0.4499999999999999,93.28,0.0,0.0,0.0,0.0,0.0,0.0,0.0,0.0,0.55,0.0,0.0,0.0,0.0,0.0,0.0,0.0,0.0,,,"Grade 5, Class 2","Grade 5, Class 2",1188,1,Hot rolled – general construction steel,1
,,,1,Steel database with labelled clusters,,,AISI E4340 Steel,Ultimate tensile strength,745.0,MPa,Yield strength,475.0,MPa,Ductility,22.0,%,0.0,0.0,0.405,0.0,0.0,0.0,0.0,0.0,0.0,0.2249999999999999,0.025,0.02,0.0,0.0,0.0,0.0,0.8,0.75,95.7,0.0,1.825,0.0,0.0,0.0,0.0,0.0,0.0,0.25,0.0,0.0,0.0,0.0,0.0,0.0,0.0,0.0,,,Annealed 810C,Annealed 810C,315,7,Annealed – easy-to-machine – round annealed stock,7
,,,1,Steel database with labelled clusters,,,AISI 1080 Steel,Ultimate tensile strength,1035.0,MPa,Yield strength,670.0,MPa,Ductility,16.0,%,0.0,0.0,0.815,0.0,0.0,0.0,0.0,0.0,0.0,0.0,0.04,0.05,0.0,0.0,0.0,0.0,0.0,0.75,98.345,0.0,0.0,0.0,0.0,0.0,0.0,0.0,0.0,0.0,0.0,0.0,0.0,0.0,0.0,0.0,0.0,0.0,,,"Oil Quenched From 815C (1500F), 595C (1100F) Temper, 25 mm (1 In.) Round","Oil Quenched From 815C (1500F), 595C (1100F) Temper, 25 mm (1 In.) Round",1713,6,Quenched (oil) & tempered – high-strength structural steel,6
,,,1,Steel database with labelled clusters,,,AISI 4718H Steel,Ultimate tensile strength,1131.0,MPa,Yield strength,735.0,MPa,Ductility,9.0,%,0.0,0.0,0.18,0.0,0.0,0.0,0.0,0.0,0.0,0.2249999999999999,0.04,0.04,0.0,0.0,0.0,0.0,0.4499999999999999,0.7749999999999999,96.89,0.0,1.05,0.0,0.0,0.0,0.0,0.0,0.0,0.35,0.0,0.0,0.0,0.0,0.0,0.0,0.0,0.0,,,"Pseudocarburized, Reheated To 765C (1410F) And Oil Quenched, 150C (300F) Temper, 13.7 mm Round","Pseudocarburized, Reheated To 765C (1410F) And Oil Quenched, 150C (300F) Temper, 13.7 mm Round",443,0,Carburized – quenched (oil) – wear-resistant surface steel,0
,,,1,Steel database with labelled clusters,,,ASTM A514 Steel,Ultimate tensile strength,828.0,MPa,Yield strength,690.0,MPa,Ductility,18.0,%,0.0,0.0,0.175,0.0,0.0,0.0,0.0,0.0,0.0,0.25,0.035,0.04,0.0,0.0,0.0,0.055,1.25,1.125,95.22,0.0,1.35,0.0,0.0,0.0,0.0,0.0,0.0,0.5,0.0,0.0,0.0,0.0,0.0,0.0,0.0,0.0,,,"Grade Q, Plate Thickness _ 19 mm","Grade Q, Plate Thickness _ 19 mm",1113,11,plate – no special treatment – general-purpose steel,11
,,,1,Steel database with labelled clusters,,,AISI 4419H Steel,Ultimate tensile strength,540.0,MPa,Yield strength,360.0,MPa,Ductility,33.0,%,0.0,0.0,0.2,0.0,0.0,0.0,0.0,0.0,0.0,0.25,0.035,0.04,0.0,0.0,0.0,0.0,0.0,0.55,98.4,0.0,0.0,0.0,0.0,0.0,0.0,0.0,0.0,0.525,0.0,0.0,0.0,0.0,0.0,0.0,0.0,0.0,,,"Normalized At 955C (1750F), 14 mm (0.55 In.) Round","Normalized At 955C (1750F), 14 mm (0.55 In.) Round",320,4,Normalized (air cooled) – general-purpose steel,4
,,,1,Steel database with labelled clusters,,,AISI 4150 Steel,Ultimate tensile strength,1310.0,MPa,Yield strength,1215.0,MPa,Ductility,13.0,%,0.0,0.0,0.505,0.0,0.0,0.0,0.0,0.0,0.0,0.2249999999999999,0.035,0.04,0.0,0.0,0.0,0.0,0.95,0.875,97.17,0.0,0.0,0.0,0.0,0.0,0.0,0.0,0.0,0.2,0.0,0.0,0.0,0.0,0.0,0.0,0.0,0.0,,,"Oil Quenched 830C (1525F), 540C (1000F) Temper, 13 mm (0.5 In.) Round","Oil Quenched 830C (1525F), 540C (1000F) Temper, 13 mm (0.5 In.) Round",282,6,Quenched (oil) & tempered – high-strength structural steel,6
,,,1,Steel database with labelled clusters,,,AISI 6150 Steel,Ultimate tensile strength,896.0,MPa,Yield strength,745.0,MPa,Ductility,19.0,%,0.0,0.0,0.505,0.0,0.0,0.0,0.0,0.0,0.0,0.2249999999999999,0.035,0.04,0.0,0.0,0.0,0.15,0.95,0.8,97.295,0.0,0.0,0.0,0.0,0.0,0.0,0.0,0.0,0.0,0.0,0.0,0.0,0.0,0.0,0.0,0.0,0.0,,,"Oil Quenched 845C (1550F), 595C (1100F) Temper, 100 mm (4 In.) Round","Oil Quenched 845C (1550F), 595C (1100F) Temper, 100 mm (4 In.) Round",692,6,Quenched (oil) & tempered – high-strength structural steel,6
,,,1,Steel database with labelled clusters,,,AISI 1117 Steel,Ultimate tensile strength,490.0,MPa,Yield strength,305.0,MPa,Ductility,33.0,%,0.0,0.0,0.17,0.0,0.0,0.0,0.0,0.0,0.0,0.0,0.04,0.105,0.0,0.0,0.0,0.0,0.0,1.15,98.535,0.0,0.0,0.0,0.0,0.0,0.0,0.0,0.0,0.0,0.0,0.0,0.0,0.0,0.0,0.0,0.0,0.0,,,As Rolled,As Rolled,1741,2,Quenched (oil) – general-purpose steel (tested),2
,,,1,Steel database with labelled clusters,,,AISI 1022 Steel,Ultimate tensile strength,550.0,MPa,Yield strength,380.0,MPa,Ductility,30.0,%,0.0,0.0,0.2,0.0,0.0,0.0,0.0,0.0,0.0,0.0,0.04,0.05,0.0,0.0,0.0,0.0,0.0,0.85,98.86,0.0,0.0,0.0,0.0,0.0,0.0,0.0,0.0,0.0,0.0,0.0,0.0,0.0,0.0,0.0,0.0,0.0,,,"Heat Treated, Reheated To 775C, 13.7 mm Round","Heat Treated, Reheated To 775C, 13.7 mm Round",1485,0,Carburized – quenched (oil) – wear-resistant surface steel,0
,,,1,Steel database with labelled clusters,,,AISI 4820H Steel,Ultimate tensile strength,1382.0,MPa,Yield strength,1170.0,MPa,Ductility,12.0,%,0.0,0.0,0.2,0.0,0.0,0.0,0.0,0.0,0.0,0.2249999999999999,0.035,0.04,0.0,0.0,0.0,0.0,0.0,0.6000000000000001,95.15,0.0,3.5,0.0,0.0,0.0,0.0,0.0,0.0,0.25,0.0,0.0,0.0,0.0,0.0,0.0,0.0,0.0,,,"Direct Quenched From Pot, Tempered (230C (450F)), 0.99 mm Case Depth","Direct Quenched From Pot, Tempered (230C (450F)), 0.99 mm Case Depth",425,5,Carburized – quenched (oil) – wear-resistant surface steel (variant),5
,,,1,Steel database with labelled clusters,,,AISI 5160 Steel,Ultimate tensile strength,1060.0,MPa,Yield strength,703.0,MPa,Ductility,17.0,%,0.0,0.0,0.6000000000000001,0.0,0.0,0.0,0.0,0.0,0.0,0.2249999999999999,0.035,0.04,0.0,0.0,0.0,0.0,0.8,0.875,97.425,0.0,0.0,0.0,0.0,0.0,0.0,0.0,0.0,0.0,0.0,0.0,0.0,0.0,0.0,0.0,0.0,0.0,,,"Oil Quenched From 830C (1525F), 540C (1000F) Temper, 50 mm (2 In.) Round","Oil Quenched From 830C (1525F), 540C (1000F) Temper, 50 mm (2 In.) Round",554,6,Quenched (oil) & tempered – high-strength structural steel,6
,,,1,Steel database with labelled clusters,,,AISI 5160H Steel,Ultimate tensile strength,924.0,MPa,Yield strength,510.0,MPa,Ductility,16.0,%,0.0,0.0,0.6000000000000001,0.0,0.0,0.0,0.0,0.0,0.0,0.2249999999999999,0.035,0.04,0.0,0.0,0.0,0.0,0.8,0.875,97.425,0.0,0.0,0.0,0.0,0.0,0.0,0.0,0.0,0.0,0.0,0.0,0.0,0.0,0.0,0.0,0.0,0.0,,,"Normalized, 50 mm (2 In.) Round","Normalized, 50 mm (2 In.) Round",595,9,Normalized – general-purpose steel (round normalized stock),9
,,,1,Steel database with labelled clusters,,,AISI 1141 Steel,Ultimate tensile strength,710.0,MPa,Yield strength,485.0,MPa,Ductility,23.0,%,0.0,0.0,0.41,0.0,0.0,0.0,0.0,0.0,0.0,0.0,0.04,0.105,0.0,0.0,0.0,0.0,0.0,1.5,97.945,0.0,0.0,0.0,0.0,0.0,0.0,0.0,0.0,0.0,0.0,0.0,0.0,0.0,0.0,0.0,0.0,0.0,,,"Oil Quenched From 815C, 595C (1100F) Temper, 25 mm (1 In.) Round","Oil Quenched From 815C, 595C (1100F) Temper, 25 mm (1 In.) Round",1954,6,Quenched (oil) & tempered – high-strength structural steel,6
,,,1,Steel database with labelled clusters,,,AISI 4620H Steel,Ultimate tensile strength,1014.0,MPa,Yield strength,841.0,MPa,Ductility,16.0,%,0.0,0.0,0.2,0.0,0.0,0.0,0.0,0.0,0.0,0.25,0.035,0.04,0.0,0.0,0.0,0.0,0.0,0.55,96.9,0.0,1.775,0.0,0.0,0.0,0.0,0.0,0.0,0.25,0.0,0.0,0.0,0.0,0.0,0.0,0.0,0.0,,,"Normalized, Machined To 13.7 mm Rounds, Pseudocarburized, Reheated To 925C (1700F), Quenched And Tempered","Normalized, Machined To 13.7 mm Rounds, Pseudocarburized, Reheated To 925C (1700F), Quenched And Tempered",369,0,Carburized – quenched (oil) – wear-resistant surface steel,0
,,,1,Steel database with labelled clusters,,,AISI 1043 Steel,Ultimate tensile strength,600.0,MPa,Yield strength,517.0,MPa,Ductility,12.0,%,0.0,0.0,0.435,0.0,0.0,0.0,0.0,0.0,0.0,0.0,0.04,0.05,0.0,0.0,0.0,0.0,0.0,0.85,98.625,0.0,0.0,0.0,0.0,0.0,0.0,0.0,0.0,0.0,0.0,0.0,0.0,0.0,0.0,0.0,0.0,0.0,,,Normalized Cold Drawn Bar (Uns G10430),Normalized Cold Drawn Bar (Uns G10430),1625,2,Quenched (oil) – general-purpose steel (tested),2
,,,1,Steel database with labelled clusters,,,AISI 1040 Steel,Ultimate tensile strength,515.0,MPa,Yield strength,350.0,MPa,Ductility,30.0,%,0.0,0.0,0.405,0.0,0.0,0.0,0.0,0.0,0.0,0.0,0.04,0.05,0.0,0.0,0.0,0.0,0.0,0.75,98.755,0.0,0.0,0.0,0.0,0.0,0.0,0.0,0.0,0.0,0.0,0.0,0.0,0.0,0.0,0.0,0.0,0.0,,,Annealed At 790C (1450F),Annealed At 790C (1450F),1675,7,Annealed – easy-to-machine – round annealed stock,7
,,,1,Steel database with labelled clusters,,,AISI 5160H Steel,Ultimate tensile strength,1025.0,MPa,Yield strength,650.0,MPa,Ductility,18.0,%,0.0,0.0,0.6000000000000001,0.0,0.0,0.0,0.0,0.0,0.0,0.2249999999999999,0.035,0.04,0.0,0.0,0.0,0.0,0.8,0.875,97.425,0.0,0.0,0.0,0.0,0.0,0.0,0.0,0.0,0.0,0.0,0.0,0.0,0.0,0.0,0.0,0.0,0.0,,,"Normalized, 13 mm (0.5 In.) Round","Normalized, 13 mm (0.5 In.) Round",623,9,Normalized – general-purpose steel (round normalized stock),9
,,,1,Steel database with labelled clusters,,,ASTM A709 Steel,Ultimate tensile strength,451.0,MPa,Yield strength,345.0,MPa,Ductility,18.0,%,0.0,0.0,0.2,0.0,0.0,0.0,0.0,0.0,0.0,0.0,0.04,0.05,0.0,0.0,0.0,0.0,0.0,1.35,98.36,0.0,0.0,0.0,0.0,0.0,0.0,0.0,0.0,0.0,0.0,0.0,0.0,0.0,0.0,0.0,0.0,0.0,,,"Grade 50 And 50W, _ 100 mm","Grade 50 And 50W, _ 100 mm",1146,1,Hot rolled – general construction steel,1
,,,1,Steel database with labelled clusters,,,AISI 1040 Steel,Ultimate tensile strength,595.0,MPa,Yield strength,370.0,MPa,Ductility,28.0,%,0.0,0.0,0.405,0.0,0.0,0.0,0.0,0.0,0.0,0.0,0.04,0.05,0.0,0.0,0.0,0.0,0.0,0.75,98.755,0.0,0.0,0.0,0.0,0.0,0.0,0.0,0.0,0.0,0.0,0.0,0.0,0.0,0.0,0.0,0.0,0.0,,,Normalized At 900C (1650F),Normalized At 900C (1650F),1806,4,Normalized (air cooled) – general-purpose steel,4
,,,1,Steel database with labelled clusters,,,AISI E9310 Steel,Ultimate tensile strength,938.0,MPa,Yield strength,655.0,MPa,Ductility,19.0,%,0.0,0.0,0.105,0.0,0.0,0.0,0.0,0.0,0.0,0.275,0.025,0.025,0.0,0.0,0.0,0.0,1.2,0.55,94.455,0.0,3.25,0.0,0.0,0.0,0.0,0.0,0.0,0.1149999999999999,0.0,0.0,0.0,0.0,0.0,0.0,0.0,0.0,,,"Mock Carburized, 790C (1450F) Reheat, 150C (300F) Temper, 100 mm (4 In.) Round","Mock Carburized, 790C (1450F) Reheat, 150C (300F) Temper, 100 mm (4 In.) Round",1010,8,Carburized – quenched (oil) – wear-resistant surface steel (variant),8
,,,1,Steel database with labelled clusters,,,AISI 4320H Steel,Ultimate tensile strength,580.0,MPa,Yield strength,425.0,MPa,Ductility,29.0,%,0.0,0.0,0.2,0.0,0.0,0.0,0.0,0.0,0.0,0.2249999999999999,0.035,0.04,0.0,0.0,0.0,0.0,0.5,0.55,96.425,0.0,1.775,0.0,0.0,0.0,0.0,0.0,0.0,0.25,0.0,0.0,0.0,0.0,0.0,0.0,0.0,0.0,,,"Annealed (Heated To 850C (1560F), Furnace Cooled 15C/Hr. To 420C, Air Cooled), 25 mm Round","Annealed (Heated To 850C (1560F), Furnace Cooled 15C/Hr. To 420C, Air Cooled), 25 mm Round",228,7,Annealed – easy-to-machine – round annealed stock,7
,,,1,Steel database with labelled clusters,,,AISI Grade 18Ni (250) Maraging Steel,Ultimate tensile strength,1865.0,MPa,Yield strength,1809.0,MPa,Ductility,4.0,%,0.0,0.0,0.03,0.0,0.0,0.0,0.0,0.0,0.1,0.1,0.01,0.01,0.0,0.0,0.4,0.0,0.0,0.1,68.44,7.5,18.5,0.0,0.0,0.0,0.0,0.01,0.0,4.8,0.0,0.0,0.0,0.0,0.0,0.0,0.0,0.0,,,"3.18 mm Thick Sheet, Solution Annealed At 815C (1500F) For 30 Minutes, Air Cooled, Aged At 510C (950F) For 3 Hours","3.18 mm Thick Sheet, Solution Annealed At 815C (1500F) For 30 Minutes, Air Cooled, Aged At 510C (950F) For 3 Hours",1086,0,Carburized – quenched (oil) – wear-resistant surface steel,0
,,,1,Steel database with labelled clusters,,,ASTM A182,Ultimate tensile strength,520.0,MPa,Yield strength,310.0,MPa,Ductility,20.0,%,0.0,0.0,0.1,0.0,0.0,0.0,0.0,0.0,0.0,0.75,0.03,0.03,0.0,0.0,0.0,0.0,1.25,0.55,96.84,0.0,0.0,0.0,0.0,0.0,0.0,0.0,0.0,0.4499999999999999,0.0,0.0,0.0,0.0,0.0,0.0,0.0,0.0,,,"Grade F11, Class 1","Grade F11, Class 1",1181,1,Hot rolled – general construction steel,1
,,,1,Steel database with labelled clusters,,,ASTM A533 Low Alloy Steel,Ultimate tensile strength,690.0,MPa,Yield strength,570.0,MPa,Ductility,16.0,%,0.0,0.0,0.25,0.0,0.0,0.0,0.0,0.0,0.0,0.275,0.04,0.04,0.0,0.0,0.0,0.0,0.0,1.325,97.77,0.0,0.3,0.0,0.0,0.0,0.0,0.0,0.0,0.0,0.0,0.0,0.0,0.0,0.0,0.0,0.0,0.0,,,"Grade D, Class 3","Grade D, Class 3",1308,1,Hot rolled – general construction steel,1
,,,1,Steel database with labelled clusters,,,ASTM A517 Low Alloy Steel,Ultimate tensile strength,725.0,MPa,Yield strength,620.0,MPa,Ductility,14.0,%,0.0,0.003,0.1649999999999999,0.0,0.0,0.0,0.0,0.0,0.0,0.275,0.04,0.04,0.0,0.0,0.0,0.0,1.025,0.575,96.002,0.0,1.35,0.0,0.0,0.0,0.0,0.0,0.0,0.525,0.0,0.0,0.0,0.0,0.0,0.0,0.0,0.0,,,Grade P,Grade P,1384,1,Hot rolled – general construction steel,1
,,,1,Steel database with labelled clusters,,,AISI 4140H Steel,Ultimate tensile strength,965.0,MPa,Yield strength,800.0,MPa,Ductility,17.0,%,0.0,0.0,0.405,0.0,0.0,0.0,0.0,0.0,0.0,0.2249999999999999,0.035,0.04,0.0,0.0,0.0,0.0,0.975,0.875,97.22,0.0,0.0,0.0,0.0,0.0,0.0,0.0,0.0,0.2249999999999999,0.0,0.0,0.0,0.0,0.0,0.0,0.0,0.0,,,"Oil Quenched 845C (1550F), Tempered 540C (1000F), 50 mm (2 In.) Round","Oil Quenched 845C (1550F), Tempered 540C (1000F), 50 mm (2 In.) Round",67,6,Quenched (oil) & tempered – high-strength structural steel,6
,,,1,Steel database with labelled clusters,,,AISI 4820 Steel,Ultimate tensile strength,1382.0,MPa,Yield strength,1170.0,MPa,Ductility,12.0,%,0.0,0.0,0.205,0.0,0.0,0.0,0.0,0.0,0.0,0.2249999999999999,0.035,0.04,0.0,0.0,0.0,0.0,0.0,0.6,95.145,0.0,3.5,0.0,0.0,0.0,0.0,0.0,0.0,0.25,0.0,0.0,0.0,0.0,0.0,0.0,0.0,0.0,,,"Direct Quenched From Pot, Tempered (230C (450F)), 0.99 mm Case Depth","Direct Quenched From Pot, Tempered (230C (450F)), 0.99 mm Case Depth",394,5,Carburized – quenched (oil) – wear-resistant surface steel (variant),5
,,,1,Steel database with labelled clusters,,,AISI 5160H Steel,Ultimate tensile strength,958.0,MPa,Yield strength,530.0,MPa,Ductility,17.0,%,0.0,0.0,0.6000000000000001,0.0,0.0,0.0,0.0,0.0,0.0,0.2249999999999999,0.035,0.04,0.0,0.0,0.0,0.0,0.8,0.875,97.425,0.0,0.0,0.0,0.0,0.0,0.0,0.0,0.0,0.0,0.0,0.0,0.0,0.0,0.0,0.0,0.0,0.0,,,"Normalized, 25 mm (1 In.) Round","Normalized, 25 mm (1 In.) Round",580,9,Normalized – general-purpose steel (round normalized stock),9
,,,1,Steel database with labelled clusters,,,AISI 4130H Steel,Ultimate tensile strength,670.0,MPa,Yield strength,435.0,MPa,Ductility,25.0,%,0.0,0.0,0.3,0.0,0.0,0.0,0.0,0.0,0.0,0.25,0.035,0.04,0.0,0.0,0.0,0.0,0.975,0.5,97.7,0.0,0.0,0.0,0.0,0.0,0.0,0.0,0.0,0.2,0.0,0.0,0.0,0.0,0.0,0.0,0.0,0.0,,,"Normalized At 870C (1600F), Air Cooled, 25 mm (1 In.) Round","Normalized At 870C (1600F), Air Cooled, 25 mm (1 In.) Round",25,4,Normalized (air cooled) – general-purpose steel,4
,,,1,Steel database with labelled clusters,,,AISI 4320H Steel,Ultimate tensile strength,1490.0,MPa,Yield strength,1095.0,MPa,Ductility,12.0,%,0.0,0.0,0.2,0.0,0.0,0.0,0.0,0.0,0.0,0.2249999999999999,0.035,0.04,0.0,0.0,0.0,0.0,0.5,0.55,96.425,0.0,1.775,0.0,0.0,0.0,0.0,0.0,0.0,0.25,0.0,0.0,0.0,0.0,0.0,0.0,0.0,0.0,,,"Direct Quenched From Pot: (Carburized 925C (1700F) For 8 Hrs., Quenched In Agitated In Oil, 230C (450F) Temper); 1.5 mm Case Depth","Direct Quenched From Pot: (Carburized 925C (1700F) For 8 Hrs., Quenched In Agitated In Oil, 230C (450F) Temper); 1.5 mm Case Depth",212,5,Carburized – quenched (oil) – wear-resistant surface steel (variant),5
,,,1,Steel database with labelled clusters,,,AISI 1030 Steel,Ultimate tensile strength,635.0,MPa,Yield strength,515.0,MPa,Ductility,28.0,%,0.0,0.0,0.305,0.0,0.0,0.0,0.0,0.0,0.0,0.0,0.04,0.05,0.0,0.0,0.0,0.0,0.0,0.75,98.855,0.0,0.0,0.0,0.0,0.0,0.0,0.0,0.0,0.0,0.0,0.0,0.0,0.0,0.0,0.0,0.0,0.0,,,"Water Quenched From 870C (1600F), 540C (1000F) Temper, 13 mm (0.5 In.) Round","Water Quenched From 870C (1600F), 540C (1000F) Temper, 13 mm (0.5 In.) Round",1517,10,Quenched (water) & tempered – high-strength structural steel,10
,,,1,Steel database with labelled clusters,,,AISI 4150H Steel,Ultimate tensile strength,1160.0,MPa,Yield strength,740.0,MPa,Ductility,11.0,%,0.0,0.0,0.505,0.0,0.0,0.0,0.0,0.0,0.0,0.2249999999999999,0.035,0.04,0.0,0.0,0.0,0.0,0.975,0.875,97.145,0.0,0.0,0.0,0.0,0.0,0.0,0.0,0.0,0.2,0.0,0.0,0.0,0.0,0.0,0.0,0.0,0.0,,,Normalized 870C (1600F),Normalized 870C (1600F),145,4,Normalized (air cooled) – general-purpose steel,4
,,,1,Steel database with labelled clusters,,,AISI 5140H Steel,Ultimate tensile strength,731.0,MPa,Yield strength,470.0,MPa,Ductility,24.0,%,0.0,0.0,0.405,0.0,0.0,0.0,0.0,0.0,0.0,0.2249999999999999,0.035,0.04,0.0,0.0,0.0,0.0,0.8,0.8,97.695,0.0,0.0,0.0,0.0,0.0,0.0,0.0,0.0,0.0,0.0,0.0,0.0,0.0,0.0,0.0,0.0,0.0,,,"Oil Quenched 845C (1550F), 650C (1200F) Temper, 100 mm (4 In.) Round","Oil Quenched 845C (1550F), 650C (1200F) Temper, 100 mm (4 In.) Round",537,6,Quenched (oil) & tempered – high-strength structural steel,6
,,,1,Steel database with labelled clusters,,,AISI 8620H Steel,Ultimate tensile strength,565.0,MPa,Yield strength,360.0,MPa,Ductility,28.0,%,0.0,0.0,0.205,0.0,0.0,0.0,0.0,0.0,0.0,0.25,0.035,0.04,0.0,0.0,0.0,0.0,0.5,0.7749999999999999,97.445,0.0,0.55,0.0,0.0,0.0,0.0,0.0,0.0,0.2,0.0,0.0,0.0,0.0,0.0,0.0,0.0,0.0,,,"Normalized, 100 mm (4 In.) Round","Normalized, 100 mm (4 In.) Round",812,9,Normalized – general-purpose steel (round normalized stock),9
,,,1,Steel database with labelled clusters,,,AISI Grade 18Ni (250) Maraging Steel,Ultimate tensile strength,1824.0,MPa,Yield strength,1764.0,MPa,Ductility,11.0,%,0.0,0.0,0.03,0.0,0.0,0.0,0.0,0.0,0.1,0.1,0.01,0.01,0.0,0.0,0.4,0.0,0.0,0.1,68.44,7.5,18.5,0.0,0.0,0.0,0.0,0.01,0.0,4.8,0.0,0.0,0.0,0.0,0.0,0.0,0.0,0.0,,,"Aged, 16 mm Round Bar, Tested Longitudinal","Aged, 16 mm Round Bar, Tested Longitudinal",1088,2,Quenched (oil) – general-purpose steel (tested),2
,,,1,Steel database with labelled clusters,,,AISI 1084 Steel,Ultimate tensile strength,820.0,MPa,Yield strength,452.0,MPa,Ductility,10.0,%,0.0,0.0,0.865,0.0,0.0,0.0,0.0,0.0,0.0,0.0,0.04,0.05,0.0,0.0,0.0,0.0,0.0,0.75,98.295,0.0,0.0,0.0,0.0,0.0,0.0,0.0,0.0,0.0,0.0,0.0,0.0,0.0,0.0,0.0,0.0,0.0,,,Hot Rolled Bar (Uns G10840),Hot Rolled Bar (Uns G10840),1905,2,Quenched (oil) – general-purpose steel (tested),2
,,,1,Steel database with labelled clusters,,,AISI 4140 Steel,Ultimate tensile strength,807.0,MPa,Yield strength,689.0,MPa,Ductility,23.0,%,0.0,0.0,0.405,0.0,0.0,0.0,0.0,0.0,0.0,0.25,0.035,0.04,0.0,0.0,0.0,0.0,0.95,0.875,97.245,0.0,0.0,0.0,0.0,0.0,0.0,0.0,0.0,0.2,0.0,0.0,0.0,0.0,0.0,0.0,0.0,0.0,,,"Normalized At 870C (1600F), Reheated To 845C (1550F), Oil Quenched, 705C (1300F) Temper, 25 mm (1 In.) Round","Normalized At 870C (1600F), Reheated To 845C (1550F), Oil Quenched, 705C (1300F) Temper, 25 mm (1 In.) Round",86,0,Carburized – quenched (oil) – wear-resistant surface steel,0
,,,1,Steel database with labelled clusters,,,ASTM A202 Low Alloy Steel,Ultimate tensile strength,515.0,MPa,Yield strength,310.0,MPa,Ductility,16.0,%,0.0,0.0,0.17,0.0,0.0,0.0,0.0,0.0,0.0,0.75,0.04,0.04,0.0,0.0,0.0,0.0,0.475,1.225,97.3,0.0,0.0,0.0,0.0,0.0,0.0,0.0,0.0,0.0,0.0,0.0,0.0,0.0,0.0,0.0,0.0,0.0,,,Grade A,Grade A,1302,1,Hot rolled – general construction steel,1
,,,1,Steel database with labelled clusters,,,AISI 1340 Steel,Ultimate tensile strength,800.0,MPa,Yield strength,572.0,MPa,Ductility,21.0,%,0.0,0.0,0.405,0.0,0.0,0.0,0.0,0.0,0.0,0.25,0.035,0.04,0.0,0.0,0.0,0.0,0.0,1.75,97.52,0.0,0.0,0.0,0.0,0.0,0.0,0.0,0.0,0.0,0.0,0.0,0.0,0.0,0.0,0.0,0.0,0.0,,,"Oil Quenched From 830C (1525F), 540C (1000F) Temper, 100 mm (4 In.) Round","Oil Quenched From 830C (1525F), 540C (1000F) Temper, 100 mm (4 In.) Round",1042,6,Quenched (oil) & tempered – high-strength structural steel,6
,,,1,Steel database with labelled clusters,,,AISI 1095 Steel,Ultimate tensile strength,1020.0,MPa,Yield strength,550.0,MPa,Ductility,11.0,%,0.0,0.0,0.965,0.0,0.0,0.0,0.0,0.0,0.0,0.0,0.04,0.05,0.0,0.0,0.0,0.0,0.0,0.4,98.545,0.0,0.0,0.0,0.0,0.0,0.0,0.0,0.0,0.0,0.0,0.0,0.0,0.0,0.0,0.0,0.0,0.0,,,"Oil Quenched 800C (1470F), 540C (1000F) Temper, 100 mm (4 In.) Round","Oil Quenched 800C (1470F), 540C (1000F) Temper, 100 mm (4 In.) Round",1779,6,Quenched (oil) & tempered – high-strength structural steel,6
,,,1,Steel database with labelled clusters,,,ASTM A570 Steel,Ultimate tensile strength,310.0,MPa,Yield strength,170.0,MPa,Ductility,27.0,%,0.0,0.0,0.25,0.0,0.0,0.0,0.0,0.0,0.0,0.0,0.04,0.04,0.0,0.0,0.0,0.0,0.0,0.43,99.04,0.0,0.0,0.2,0.0,0.0,0.0,0.0,0.0,0.0,0.0,0.0,0.0,0.0,0.0,0.0,0.0,0.0,,,"Grade A, Sheet And Strip","Grade A, Sheet And Strip",1350,1,Hot rolled – general construction steel,1
,,,1,Steel database with labelled clusters,,,ASTM A514 Steel,Ultimate tensile strength,793.0,MPa,Yield strength,620.0,MPa,Ductility,16.0,%,0.0,0.003,0.1649999999999999,0.0,0.0,0.0,0.0,0.0,0.0,0.275,0.035,0.04,0.0,0.0,0.0,0.0,1.025,0.575,96.007,0.0,1.35,0.0,0.0,0.0,0.0,0.0,0.0,0.525,0.0,0.0,0.0,0.0,0.0,0.0,0.0,0.0,,,"Grade P, Plate Thickness 64 - 150 mm","Grade P, Plate Thickness 64 - 150 mm",1112,11,plate – no special treatment – general-purpose steel,11
,,,1,Steel database with labelled clusters,,,AISI 4620 Steel,Ultimate tensile strength,570.0,MPa,Yield strength,365.0,MPa,Ductility,29.0,%,0.0,0.0,0.195,0.0,0.0,0.0,0.0,0.0,0.0,0.25,0.035,0.04,0.0,0.0,0.0,0.0,0.0,0.55,96.855,0.0,1.825,0.0,0.0,0.0,0.0,0.0,0.0,0.25,0.0,0.0,0.0,0.0,0.0,0.0,0.0,0.0,,,"Normalized, 25 mm (1 In.) Round","Normalized, 25 mm (1 In.) Round",363,9,Normalized – general-purpose steel (round normalized stock),9
,,,1,Steel database with labelled clusters,,,AISI 1020 Steel,Ultimate tensile strength,450.0,MPa,Yield strength,330.0,MPa,Ductility,36.0,%,0.0,0.0,0.2,0.0,0.0,0.0,0.0,0.0,0.0,0.0,0.04,0.05,0.0,0.0,0.0,0.0,0.0,0.4499999999999999,99.26,0.0,0.0,0.0,0.0,0.0,0.0,0.0,0.0,0.0,0.0,0.0,0.0,0.0,0.0,0.0,0.0,0.0,,,As Rolled,As Rolled,1592,2,Quenched (oil) – general-purpose steel (tested),2
,,,1,Steel database with labelled clusters,,,ASTM A607 Steel,Ultimate tensile strength,485.0,MPa,Yield strength,380.0,MPa,Ductility,18.0,%,0.0,0.0,0.25,0.0,0.0,0.0,0.0,0.0,0.0,0.0,0.04,0.05,0.0,0.0,0.0,0.0,0.0,1.35,98.31,0.0,0.0,0.0,0.0,0.0,0.0,0.0,0.0,0.0,0.0,0.0,0.0,0.0,0.0,0.0,0.0,0.0,,,"Grade 55, Cold Rolled","Grade 55, Cold Rolled",1448,1,Hot rolled – general construction steel,1
,,,1,Steel database with labelled clusters,,,AISI 9255 Steel,Ultimate tensile strength,1025.0,MPa,Yield strength,650.0,MPa,Ductility,19.0,%,0.0,0.0,0.55,0.0,0.0,0.0,0.0,0.0,0.0,2.0,0.035,0.04,0.0,0.0,0.0,0.0,0.0,0.825,96.55,0.0,0.0,0.0,0.0,0.0,0.0,0.0,0.0,0.0,0.0,0.0,0.0,0.0,0.0,0.0,0.0,0.0,,,"Oil Quenched From 885C (1625F), 540C (1000F) Temper, 100 mm (4 In.) Round","Oil Quenched From 885C (1625F), 540C (1000F) Temper, 100 mm (4 In.) Round",1027,6,Quenched (oil) & tempered – high-strength structural steel,6
,,,1,Steel database with labelled clusters,,,AISI 1340H Steel,Ultimate tensile strength,827.0,MPa,Yield strength,524.0,MPa,Ductility,23.0,%,0.0,0.0,0.405,0.0,0.0,0.0,0.0,0.0,0.0,0.25,0.035,0.04,0.0,0.0,0.0,0.0,0.0,1.75,97.52,0.0,0.0,0.0,0.0,0.0,0.0,0.0,0.0,0.0,0.0,0.0,0.0,0.0,0.0,0.0,0.0,0.0,,,"Normalized At 870C (1600F), Air Cooled, 50 mm (2 In.) Round","Normalized At 870C (1600F), Air Cooled, 50 mm (2 In.) Round",1031,4,Normalized (air cooled) – general-purpose steel,4
,,,1,Steel database with labelled clusters,,,AISI 1035 Steel,Ultimate tensile strength,585.0,MPa,Yield strength,515.0,MPa,Ductility,12.0,%,0.0,0.0,0.345,0.0,0.0,0.0,0.0,0.0,0.0,0.0,0.04,0.05,0.0,0.0,0.0,0.0,0.0,0.75,98.815,0.0,0.0,0.0,0.0,0.0,0.0,0.0,0.0,0.0,0.0,0.0,0.0,0.0,0.0,0.0,0.0,0.0,,,"Cold Drawn, Low Temperature, Stress Relieved, 22-32 mm (0.875-1.25 In) Round","Cold Drawn, Low Temperature, Stress Relieved, 22-32 mm (0.875-1.25 In) Round",1640,0,Carburized – quenched (oil) – wear-resistant surface steel,0
,,,1,Steel database with labelled clusters,,,ASTM A543 Low Alloy Steel,Ultimate tensile strength,795.0,MPa,Yield strength,690.0,MPa,Ductility,14.0,%,0.0,0.0,0.23,0.0,0.0,0.0,0.0,0.0,0.0,0.3,0.04,0.04,0.0,0.0,0.0,0.03,1.75,0.4,94.285,0.0,2.925,0.0,0.0,0.0,0.0,0.0,0.0,0.0,0.0,0.0,0.0,0.0,0.0,0.0,0.0,0.0,,,"Grade B, Class 2","Grade B, Class 2",1332,1,Hot rolled – general construction steel,1
,,,1,Steel database with labelled clusters,,,AISI 1340H Steel,Ultimate tensile strength,876.0,MPa,Yield strength,814.0,MPa,Ductility,21.0,%,0.0,0.0,0.405,0.0,0.0,0.0,0.0,0.0,0.0,0.25,0.035,0.04,0.0,0.0,0.0,0.0,0.0,1.75,97.52,0.0,0.0,0.0,0.0,0.0,0.0,0.0,0.0,0.0,0.0,0.0,0.0,0.0,0.0,0.0,0.0,0.0,,,"Oil Quenched From 830C (1525F), 595C (1100F) Temper, 13 mm (0.5 In.) Round","Oil Quenched From 830C (1525F), 595C (1100F) Temper, 13 mm (0.5 In.) Round",1044,6,Quenched (oil) & tempered – high-strength structural steel,6
,,,1,Steel database with labelled clusters,,,AISI 51B60 Steel,Ultimate tensile strength,958.0,MPa,Yield strength,530.0,MPa,Ductility,17.0,%,0.0,0.00175,0.6000000000000001,0.0,0.0,0.0,0.0,0.0,0.0,0.2249999999999999,0.035,0.04,0.0,0.0,0.0,0.0,0.8,0.875,97.42325,0.0,0.0,0.0,0.0,0.0,0.0,0.0,0.0,0.0,0.0,0.0,0.0,0.0,0.0,0.0,0.0,0.0,,,"Normalized, 25 mm (1 In.) Round","Normalized, 25 mm (1 In.) Round",666,9,Normalized – general-purpose steel (round normalized stock),9
,,,1,Steel database with labelled clusters,,,AISI 4320H Steel,Ultimate tensile strength,1295.0,MPa,Yield strength,1035.0,MPa,Ductility,13.0,%,0.0,0.0,0.2,0.0,0.0,0.0,0.0,0.0,0.0,0.2249999999999999,0.035,0.04,0.0,0.0,0.0,0.0,0.5,0.55,96.425,0.0,1.775,0.0,0.0,0.0,0.0,0.0,0.0,0.25,0.0,0.0,0.0,0.0,0.0,0.0,0.0,0.0,,,"Mock Carburized, Oil Quenched, 230C (450F) Temper, 13 mm (0.5 In.) Round","Mock Carburized, Oil Quenched, 230C (450F) Temper, 13 mm (0.5 In.) Round",365,8,Carburized – quenched (oil) – wear-resistant surface steel (variant),8
,,,1,Steel database with labelled clusters,,,AISI 4140 Steel,Ultimate tensile strength,807.0,MPa,Yield strength,600.0,MPa,Ductility,21.0,%,0.0,0.0,0.405,0.0,0.0,0.0,0.0,0.0,0.0,0.2249999999999999,0.035,0.04,0.0,0.0,0.0,0.0,0.95,0.875,97.27,0.0,0.0,0.0,0.0,0.0,0.0,0.0,0.0,0.2,0.0,0.0,0.0,0.0,0.0,0.0,0.0,0.0,,,"Oil Quenched, 100 mm (4 In.) Round (845C (1550F) Quench, 595C (1100F) Temper)","Oil Quenched, 100 mm (4 In.) Round (845C (1550F) Quench, 595C (1100F) Temper)",78,6,Quenched (oil) & tempered – high-strength structural steel,6
,,,1,Steel database with labelled clusters,,,AISI 4118 Steel,Ultimate tensile strength,517.0,MPa,Yield strength,365.0,MPa,Ductility,33.0,%,0.0,0.0,0.205,0.0,0.0,0.0,0.0,0.0,0.0,0.25,0.035,0.04,0.0,0.0,0.0,0.0,0.5,0.8,98.055,0.0,0.0,0.0,0.0,0.0,0.0,0.0,0.0,0.1149999999999999,0.0,0.0,0.0,0.0,0.0,0.0,0.0,0.0,,,"Annealed At 870C (1600F), Furnace Cooled At 11C (20F)/Hour, 25 mm (1 In.) Round","Annealed At 870C (1600F), Furnace Cooled At 11C (20F)/Hour, 25 mm (1 In.) Round",28,7,Annealed – easy-to-machine – round annealed stock,7
,,,1,Steel database with labelled clusters,,,ASTM A387 Alloy Steel,Ultimate tensile strength,515.0,MPa,Yield strength,310.0,MPa,Ductility,22.0,%,0.0,0.0,0.11,0.0,0.0,0.0,0.0,0.0,0.0,0.65,0.035,0.035,0.0,0.0,0.0,0.0,1.25,0.525,96.845,0.0,0.0,0.0,0.0,0.0,0.0,0.0,0.0,0.55,0.0,0.0,0.0,0.0,0.0,0.0,0.0,0.0,,,"Grade 11, Chromium Molybdenum","Grade 11, Chromium Molybdenum",1418,2,Quenched (oil) – general-purpose steel (tested),2
,,,1,Steel database with labelled clusters,,,AISI 4820 Steel,Ultimate tensile strength,1415.0,MPa,Yield strength,1141.0,MPa,Ductility,13.0,%,0.0,0.0,0.205,0.0,0.0,0.0,0.0,0.0,0.0,0.2249999999999999,0.035,0.04,0.0,0.0,0.0,0.0,0.0,0.6,95.145,0.0,3.5,0.0,0.0,0.0,0.0,0.0,0.0,0.25,0.0,0.0,0.0,0.0,0.0,0.0,0.0,0.0,,,"Direct Quenched From Pot, Tempered 150C (300F), 0.99 mm Case Depth","Direct Quenched From Pot, Tempered 150C (300F), 0.99 mm Case Depth",526,5,Carburized – quenched (oil) – wear-resistant surface steel (variant),5
,,,1,Steel database with labelled clusters,,,AISI 1070 Steel,Ultimate tensile strength,640.0,MPa,Yield strength,495.0,MPa,Ductility,10.0,%,0.0,0.0,0.7,0.0,0.0,0.0,0.0,0.0,0.0,0.0,0.04,0.05,0.0,0.0,0.0,0.0,0.0,0.75,98.46,0.0,0.0,0.0,0.0,0.0,0.0,0.0,0.0,0.0,0.0,0.0,0.0,0.0,0.0,0.0,0.0,0.0,,,"Cold Drawn, Spheroidized, Annealed, 19-32 mm (0.75-1.25 In) Round","Cold Drawn, Spheroidized, Annealed, 19-32 mm (0.75-1.25 In) Round",1807,3,Normalized – easy-to-machine stock (cold drawn),3
,,,1,Steel database with labelled clusters,,,AISI 4130H Steel,Ultimate tensile strength,786.0,MPa,Yield strength,635.0,MPa,Ductility,21.0,%,0.0,0.0,0.3,0.0,0.0,0.0,0.0,0.0,0.0,0.25,0.035,0.04,0.0,0.0,0.0,0.0,0.975,0.5,97.7,0.0,0.0,0.0,0.0,0.0,0.0,0.0,0.0,0.2,0.0,0.0,0.0,0.0,0.0,0.0,0.0,0.0,,,"Water Quenched 855C (1570F), 595C (1100F) Temper, 50 mm (2 In.) Round","Water Quenched 855C (1570F), 595C (1100F) Temper, 50 mm (2 In.) Round",56,10,Quenched (water) & tempered – high-strength structural steel,10
,,,1,Steel database with labelled clusters,,,AISI 5140 Steel,Ultimate tensile strength,1015.0,MPa,Yield strength,910.0,MPa,Ductility,17.0,%,0.0,0.0,0.405,0.0,0.0,0.0,0.0,0.0,0.0,0.2249999999999999,0.035,0.04,0.0,0.0,0.0,0.0,0.8,0.8,97.695,0.0,0.0,0.0,0.0,0.0,0.0,0.0,0.0,0.0,0.0,0.0,0.0,0.0,0.0,0.0,0.0,0.0,,,"Oil Quenched 845C (1550F), 540C (1000F) Temper, 13 mm (0.5 In.) Round","Oil Quenched 845C (1550F), 540C (1000F) Temper, 13 mm (0.5 In.) Round",639,6,Quenched (oil) & tempered – high-strength structural steel,6
,,,1,Steel database with labelled clusters,,,AISI E4340 Steel,Ultimate tensile strength,855.0,MPa,Yield strength,731.0,MPa,Ductility,21.0,%,0.0,0.0,0.405,0.0,0.0,0.0,0.0,0.0,0.0,0.2249999999999999,0.025,0.02,0.0,0.0,0.0,0.0,0.8,0.75,95.7,0.0,1.825,0.0,0.0,0.0,0.0,0.0,0.0,0.25,0.0,0.0,0.0,0.0,0.0,0.0,0.0,0.0,,,"Oil Quenched 800C (1470F), 650C (1200F) Temper, 100 mm (4 In.) Round","Oil Quenched 800C (1470F), 650C (1200F) Temper, 100 mm (4 In.) Round",303,6,Quenched (oil) & tempered – high-strength structural steel,6
,,,1,Steel database with labelled clusters,,,AISI 8617 Steel,Ultimate tensile strength,786.0,MPa,Yield strength,530.0,MPa,Ductility,22.0,%,0.0,0.0,0.175,0.0,0.0,0.0,0.0,0.0,0.0,0.2249999999999999,0.035,0.04,0.0,0.0,0.0,0.0,0.5,0.8,97.475,0.0,0.55,0.0,0.0,0.0,0.0,0.0,0.0,0.2,0.0,0.0,0.0,0.0,0.0,0.0,0.0,0.0,,,"Heat Treated, Machined, Pseudocarburized, Reheated To 800C (1470F), 150C (300F) Temper","Heat Treated, Machined, Pseudocarburized, Reheated To 800C (1470F), 150C (300F) Temper",719,0,Carburized – quenched (oil) – wear-resistant surface steel,0
,,,1,Steel database with labelled clusters,,,AISI 5160 Steel,Ultimate tensile strength,965.0,MPa,Yield strength,703.0,MPa,Ductility,18.0,%,0.0,0.0,0.6000000000000001,0.0,0.0,0.0,0.0,0.0,0.0,0.2249999999999999,0.035,0.04,0.0,0.0,0.0,0.0,0.8,0.875,97.425,0.0,0.0,0.0,0.0,0.0,0.0,0.0,0.0,0.0,0.0,0.0,0.0,0.0,0.0,0.0,0.0,0.0,,,"Oil Quenched From 830C (1525F), 540C (1000F) Temper, 100 mm (4 In.) Round","Oil Quenched From 830C (1525F), 540C (1000F) Temper, 100 mm (4 In.) Round",625,6,Quenched (oil) & tempered – high-strength structural steel,6
,,,1,Steel database with labelled clusters,,,AISI 4027 Steel,Ultimate tensile strength,640.0,MPa,Yield strength,420.0,MPa,Ductility,25.0,%,0.0,0.0,0.275,0.0,0.0,0.0,0.0,0.0,0.0,0.25,0.035,0.04,0.0,0.0,0.0,0.0,0.0,0.8,98.35,0.0,0.0,0.0,0.0,0.0,0.0,0.0,0.0,0.25,0.0,0.0,0.0,0.0,0.0,0.0,0.0,0.0,,,"Normalized, 25 mm (1 In.) Round","Normalized, 25 mm (1 In.) Round",8,9,Normalized – general-purpose steel (round normalized stock),9
,,,1,Steel database with labelled clusters,,,AISI 8622H Steel,Ultimate tensile strength,1524.0,MPa,Yield strength,1149.0,MPa,Ductility,13.0,%,0.0,0.0,0.22,0.0,0.0,0.0,0.0,0.0,0.0,0.2249999999999999,0.035,0.04,0.0,0.0,0.0,0.0,0.495,0.7749999999999999,97.46,0.0,0.55,0.0,0.0,0.0,0.0,0.0,0.0,0.2,0.0,0.0,0.0,0.0,0.0,0.0,0.0,0.0,,,"Heat Treated, Machined To 13.7 mm Rounds, Pseudocarburized, 150C (300F) Temper","Heat Treated, Machined To 13.7 mm Rounds, Pseudocarburized, 150C (300F) Temper",804,0,Carburized – quenched (oil) – wear-resistant surface steel,0
,,,1,Steel database with labelled clusters,,,AISI E9310H Steel,Ultimate tensile strength,1169.0,MPa,Yield strength,951.0,MPa,Ductility,14.0,%,0.0,0.0,0.1,0.0,0.0,0.0,0.0,0.0,0.0,0.2249999999999999,0.0,0.05,0.0,0.0,0.0,0.0,1.225,0.55,94.485,0.0,3.25,0.0,0.0,0.0,0.0,0.0,0.0,0.1149999999999999,0.0,0.0,0.0,0.0,0.0,0.0,0.0,0.0,,,"Double Quenched And Tempered At 230C (450F), 1.4 mm Case Depth","Double Quenched And Tempered At 230C (450F), 1.4 mm Case Depth",1050,5,Carburized – quenched (oil) – wear-resistant surface steel (variant),5
,,,1,Steel database with labelled clusters,,,AISI E4340 H Steel,Ultimate tensile strength,1005.0,MPa,Yield strength,938.0,MPa,Ductility,20.0,%,0.0,0.0,0.405,0.0,0.0,0.0,0.0,0.0,0.0,0.2249999999999999,0.025,0.02,0.0,0.0,0.0,0.0,0.8,0.7749999999999999,95.725,0.0,1.775,0.0,0.0,0.0,0.0,0.0,0.0,0.25,0.0,0.0,0.0,0.0,0.0,0.0,0.0,0.0,,,"Oil Quenched 845C, 650C (1200F) Temper","Oil Quenched 845C, 650C (1200F) Temper",337,6,Quenched (oil) & tempered – high-strength structural steel,6
,,,1,Steel database with labelled clusters,,,AISI 4130 Steel,Ultimate tensile strength,560.0,MPa,Yield strength,460.0,MPa,Ductility,21.0,%,0.0,0.0,0.305,0.0,0.0,0.0,0.0,0.0,0.0,0.2249999999999999,0.035,0.04,0.0,0.0,0.0,0.0,0.95,0.5,97.745,0.0,0.0,0.0,0.0,0.0,0.0,0.0,0.0,0.2,0.0,0.0,0.0,0.0,0.0,0.0,0.0,0.0,,,"Annealed At 865C (1585F), Furnace Cooled 11C (20F)/Hour To 680C (1255F), Air Cooled, 25 mm (1 In.) Round","Annealed At 865C (1585F), Furnace Cooled 11C (20F)/Hour To 680C (1255F), Air Cooled, 25 mm (1 In.) Round",48,7,Annealed – easy-to-machine – round annealed stock,7
,,,1,Steel database with labelled clusters,,,AISI 1144 Steel,Ultimate tensile strength,703.0,MPa,Yield strength,435.0,MPa,Ductility,21.0,%,0.0,0.0,0.44,0.0,0.0,0.0,0.0,0.0,0.0,0.0,0.04,0.285,0.0,0.0,0.0,0.0,0.0,1.5,97.735,0.0,0.0,0.0,0.0,0.0,0.0,0.0,0.0,0.0,0.0,0.0,0.0,0.0,0.0,0.0,0.0,0.0,,,"Oil Quenched 845C (1550F), 540C (1000F) Temper, 100 mm (4 In.) Round","Oil Quenched 845C (1550F), 540C (1000F) Temper, 100 mm (4 In.) Round",1967,6,Quenched (oil) & tempered – high-strength structural steel,6
,,,1,Steel database with labelled clusters,,,AISI 4140H Steel,Ultimate tensile strength,938.0,MPa,Yield strength,889.0,MPa,Ductility,19.0,%,0.0,0.0,0.405,0.0,0.0,0.0,0.0,0.0,0.0,0.2249999999999999,0.035,0.04,0.0,0.0,0.0,0.0,0.975,0.875,97.22,0.0,0.0,0.0,0.0,0.0,0.0,0.0,0.0,0.2249999999999999,0.0,0.0,0.0,0.0,0.0,0.0,0.0,0.0,,,"Oil Quenched 845C (1550F), 650C (1200F) Temper, 13 mm (0.5 In.) Round","Oil Quenched 845C (1550F), 650C (1200F) Temper, 13 mm (0.5 In.) Round",107,6,Quenched (oil) & tempered – high-strength structural steel,6
,,,1,Steel database with labelled clusters,,,AISI E4340 H Steel,Ultimate tensile strength,1000.0,MPa,Yield strength,938.0,MPa,Ductility,20.0,%,0.0,0.0,0.405,0.0,0.0,0.0,0.0,0.0,0.0,0.2249999999999999,0.025,0.02,0.0,0.0,0.0,0.0,0.8,0.7749999999999999,95.725,0.0,1.775,0.0,0.0,0.0,0.0,0.0,0.0,0.25,0.0,0.0,0.0,0.0,0.0,0.0,0.0,0.0,,,"Oil Quenched 800C (1470F), 650C (1200F) Temper, 13 mm (0.5 In.) Round","Oil Quenched 800C (1470F), 650C (1200F) Temper, 13 mm (0.5 In.) Round",350,6,Quenched (oil) & tempered – high-strength structural steel,6
,,,1,Steel database with labelled clusters,,,AISI 4320H Steel,Ultimate tensile strength,580.0,MPa,Yield strength,425.0,MPa,Ductility,29.0,%,0.0,0.0,0.2,0.0,0.0,0.0,0.0,0.0,0.0,0.2249999999999999,0.035,0.04,0.0,0.0,0.0,0.0,0.5,0.55,96.425,0.0,1.775,0.0,0.0,0.0,0.0,0.0,0.0,0.25,0.0,0.0,0.0,0.0,0.0,0.0,0.0,0.0,,,Annealed At 850C (1560F),Annealed At 850C (1560F),239,7,Annealed – easy-to-machine – round annealed stock,7
,,,1,Steel database with labelled clusters,,,AISI 4150H Steel,Ultimate tensile strength,1160.0,MPa,Yield strength,731.0,MPa,Ductility,11.0,%,0.0,0.0,0.505,0.0,0.0,0.0,0.0,0.0,0.0,0.2249999999999999,0.035,0.04,0.0,0.0,0.0,0.0,0.975,0.875,97.145,0.0,0.0,0.0,0.0,0.0,0.0,0.0,0.0,0.2,0.0,0.0,0.0,0.0,0.0,0.0,0.0,0.0,,,"Normalized At 870C (1600F), Air Cooled, 25 mm (1 In.) Round","Normalized At 870C (1600F), Air Cooled, 25 mm (1 In.) Round",214,4,Normalized (air cooled) – general-purpose steel,4
,,,1,Steel database with labelled clusters,,,ASTM A709 Steel,Ultimate tensile strength,450.0,MPa,Yield strength,345.0,MPa,Ductility,18.0,%,0.0,0.0,0.23,0.0,0.0,0.0,0.0,0.0,0.0,0.0,0.04,0.05,0.0,0.0,0.0,0.0,0.0,1.35,98.33,0.0,0.0,0.0,0.0,0.0,0.0,0.0,0.0,0.0,0.0,0.0,0.0,0.0,0.0,0.0,0.0,0.0,,,"Grade 50, High-Strength, Low Alloy Steel (_ 50 mm)","Grade 50, High-Strength, Low Alloy Steel (_ 50 mm)",1229,2,Quenched (oil) – general-purpose steel (tested),2
,,,1,Steel database with labelled clusters,,,AISI 1340H Steel,Ultimate tensile strength,834.0,MPa,Yield strength,558.0,MPa,Ductility,22.0,%,0.0,0.0,0.405,0.0,0.0,0.0,0.0,0.0,0.0,0.25,0.035,0.04,0.0,0.0,0.0,0.0,0.0,1.75,97.52,0.0,0.0,0.0,0.0,0.0,0.0,0.0,0.0,0.0,0.0,0.0,0.0,0.0,0.0,0.0,0.0,0.0,,,"Normalized At 870C (1600F), Air Cooled, 25 mm (1 In.) Round","Normalized At 870C (1600F), Air Cooled, 25 mm (1 In.) Round",1106,4,Normalized (air cooled) – general-purpose steel,4
,,,1,Steel database with labelled clusters,,,AISI 6150H Steel,Ultimate tensile strength,883.0,MPa,Yield strength,460.0,MPa,Ductility,18.0,%,0.0,0.0,0.505,0.0,0.0,0.0,0.0,0.0,0.0,0.2249999999999999,0.035,0.04,0.0,0.0,0.0,0.15,0.975,0.8,97.27,0.0,0.0,0.0,0.0,0.0,0.0,0.0,0.0,0.0,0.0,0.0,0.0,0.0,0.0,0.0,0.0,0.0,,,"Normalized, 100 mm (4 In.) Round","Normalized, 100 mm (4 In.) Round",794,9,Normalized – general-purpose steel (round normalized stock),9
,,,1,Steel database with labelled clusters,,,AISI E9310 Steel,Ultimate tensile strength,1203.0,MPa,Yield strength,958.0,MPa,Ductility,15.0,%,0.0,0.0,0.105,0.0,0.0,0.0,0.0,0.0,0.0,0.275,0.025,0.025,0.0,0.0,0.0,0.0,1.2,0.55,94.455,0.0,3.25,0.0,0.0,0.0,0.0,0.0,0.0,0.1149999999999999,0.0,0.0,0.0,0.0,0.0,0.0,0.0,0.0,,,"Double Quenched And Tempered At 150C (300F), 1.4 mm Case Depth","Double Quenched And Tempered At 150C (300F), 1.4 mm Case Depth",1091,5,Carburized – quenched (oil) – wear-resistant surface steel (variant),5
,,,1,Steel database with labelled clusters,,,AISI 1030 Steel,Ultimate tensile strength,595.0,MPa,Yield strength,440.0,MPa,Ductility,28.0,%,0.0,0.0,0.305,0.0,0.0,0.0,0.0,0.0,0.0,0.0,0.04,0.05,0.0,0.0,0.0,0.0,0.0,0.75,98.855,0.0,0.0,0.0,0.0,0.0,0.0,0.0,0.0,0.0,0.0,0.0,0.0,0.0,0.0,0.0,0.0,0.0,,,"Water Quenched From 870C (1600F), 540C (1000F) Temper, 50 mm (2 In.) Round","Water Quenched From 870C (1600F), 540C (1000F) Temper, 50 mm (2 In.) Round",1651,10,Quenched (water) & tempered – high-strength structural steel,10
,,,1,Steel database with labelled clusters,,,AISI 4620H Steel,Ultimate tensile strength,660.0,MPa,Yield strength,425.0,MPa,Ductility,26.0,%,0.0,0.0,0.2,0.0,0.0,0.0,0.0,0.0,0.0,0.25,0.035,0.04,0.0,0.0,0.0,0.0,0.0,0.55,96.9,0.0,1.775,0.0,0.0,0.0,0.0,0.0,0.0,0.25,0.0,0.0,0.0,0.0,0.0,0.0,0.0,0.0,,,"Mock Carburized, 230C (450F) Temper, 50 mm (2 In.) Round","Mock Carburized, 230C (450F) Temper, 50 mm (2 In.) Round",524,8,Carburized – quenched (oil) – wear-resistant surface steel (variant),8
,,,1,Steel database with labelled clusters,,,AISI 4320H Steel,Ultimate tensile strength,827.0,MPa,Yield strength,515.0,MPa,Ductility,24.0,%,0.0,0.0,0.2,0.0,0.0,0.0,0.0,0.0,0.0,0.2249999999999999,0.035,0.04,0.0,0.0,0.0,0.0,0.5,0.55,96.425,0.0,1.775,0.0,0.0,0.0,0.0,0.0,0.0,0.25,0.0,0.0,0.0,0.0,0.0,0.0,0.0,0.0,,,"Mock Carburized, Oil Quenched, 150C (300F) Temper, 100 mm (4 In.) Round","Mock Carburized, Oil Quenched, 150C (300F) Temper, 100 mm (4 In.) Round",233,8,Carburized – quenched (oil) – wear-resistant surface steel (variant),8
,,,1,Steel database with labelled clusters,,,AISI 6150 Steel,Ultimate tensile strength,972.0,MPa,Yield strength,640.0,MPa,Ductility,20.0,%,0.0,0.0,0.505,0.0,0.0,0.0,0.0,0.0,0.0,0.2249999999999999,0.035,0.04,0.0,0.0,0.0,0.15,0.95,0.8,97.295,0.0,0.0,0.0,0.0,0.0,0.0,0.0,0.0,0.0,0.0,0.0,0.0,0.0,0.0,0.0,0.0,0.0,,,"Normalized, 13 mm (0.5 In.) Round","Normalized, 13 mm (0.5 In.) Round",645,9,Normalized – general-purpose steel (round normalized stock),9
,,,1,Steel database with labelled clusters,,,ASTM A302 Steel,Ultimate tensile strength,725.0,MPa,Yield strength,550.0,MPa,Ductility,14.0,%,0.0,0.0,0.25,0.0,0.0,0.0,0.0,0.0,0.0,0.275,0.04,0.04,0.0,0.0,0.0,0.0,0.0,1.3,97.045,0.0,0.55,0.0,0.0,0.0,0.0,0.0,0.0,0.5,0.0,0.0,0.0,0.0,0.0,0.0,0.0,0.0,,,Grade C,Grade C,1489,1,Hot rolled – general construction steel,1
,,,1,Steel database with labelled clusters,,,AISI 5140 Steel,Ultimate tensile strength,883.0,MPa,Yield strength,689.0,MPa,Ductility,19.0,%,0.0,0.0,0.405,0.0,0.0,0.0,0.0,0.0,0.0,0.2249999999999999,0.035,0.04,0.0,0.0,0.0,0.0,0.8,0.8,97.695,0.0,0.0,0.0,0.0,0.0,0.0,0.0,0.0,0.0,0.0,0.0,0.0,0.0,0.0,0.0,0.0,0.0,,,"Oil Quenched 845C (1550F), 540C (1000F) Temper, 50 mm (2 In.) Round","Oil Quenched 845C (1550F), 540C (1000F) Temper, 50 mm (2 In.) Round",534,6,Quenched (oil) & tempered – high-strength structural steel,6
,,,1,Steel database with labelled clusters,,,AISI 1022 Steel,Ultimate tensile strength,931.0,MPa,Yield strength,515.0,MPa,Ductility,13.0,%,0.0,0.0,0.2,0.0,0.0,0.0,0.0,0.0,0.0,0.0,0.04,0.05,0.0,0.0,0.0,0.0,0.0,0.85,98.86,0.0,0.0,0.0,0.0,0.0,0.0,0.0,0.0,0.0,0.0,0.0,0.0,0.0,0.0,0.0,0.0,0.0,,,"Mock Carburized At 910C (1670F) For 8 Hours, 775C (1430F) Reheat, Water Quenched, 175C (350F) Temper, 13 mm (0.5 In.) Round","Mock Carburized At 910C (1670F) For 8 Hours, 775C (1430F) Reheat, Water Quenched, 175C (350F) Temper, 13 mm (0.5 In.) Round",1490,8,Carburized – quenched (oil) – wear-resistant surface steel (variant),8
,,,1,Steel database with labelled clusters,,,AISI 51B60 Steel,Ultimate tensile strength,779.0,MPa,Yield strength,580.0,MPa,Ductility,21.0,%,0.0,0.00175,0.6000000000000001,0.0,0.0,0.0,0.0,0.0,0.0,0.2249999999999999,0.035,0.04,0.0,0.0,0.0,0.0,0.8,0.875,97.42325,0.0,0.0,0.0,0.0,0.0,0.0,0.0,0.0,0.0,0.0,0.0,0.0,0.0,0.0,0.0,0.0,0.0,,,"Oil Quenched From 830C (1525F), 650C (1200F) Temper, 50 mm (2 In.) Round","Oil Quenched From 830C (1525F), 650C (1200F) Temper, 50 mm (2 In.) Round",604,6,Quenched (oil) & tempered – high-strength structural steel,6
,,,1,Steel database with labelled clusters,,,ASTM A500 Steel,Ultimate tensile strength,425.0,MPa,Yield strength,315.0,MPa,Ductility,21.0,%,0.0,0.0,0.27,0.0,0.0,0.0,0.0,0.0,0.0,0.0,0.05,0.063,0.0,0.0,0.0,0.0,0.0,1.4,98.037,0.0,0.0,0.18,0.0,0.0,0.0,0.0,0.0,0.0,0.0,0.0,0.0,0.0,0.0,0.0,0.0,0.0,,,"Grade C, Round Structural Tubing","Grade C, Round Structural Tubing",1187,2,Quenched (oil) – general-purpose steel (tested),2
,,,1,Steel database with labelled clusters,,,ASTM A204 Low Alloy Steel,Ultimate tensile strength,485.0,MPa,Yield strength,275.0,MPa,Ductility,17.0,%,0.0,0.0,0.27,0.0,0.0,0.0,0.0,0.0,0.0,0.275,0.04,0.04,0.0,0.0,0.0,0.0,0.0,0.9,97.95,0.0,0.0,0.0,0.0,0.0,0.0,0.0,0.0,0.525,0.0,0.0,0.0,0.0,0.0,0.0,0.0,0.0,,,Grade B,Grade B,1277,1,Hot rolled – general construction steel,1
,,,1,Steel database with labelled clusters,,,AISI 4130H Steel,Ultimate tensile strength,841.0,MPa,Yield strength,655.0,MPa,Ductility,20.0,%,0.0,0.0,0.3,0.0,0.0,0.0,0.0,0.0,0.0,0.25,0.035,0.04,0.0,0.0,0.0,0.0,0.975,0.5,97.7,0.0,0.0,0.0,0.0,0.0,0.0,0.0,0.0,0.2,0.0,0.0,0.0,0.0,0.0,0.0,0.0,0.0,,,"Water Quenched 855C (1570F), 480C (900F) Temper, 100 mm (4 In.) Round","Water Quenched 855C (1570F), 480C (900F) Temper, 100 mm (4 In.) Round",61,10,Quenched (water) & tempered – high-strength structural steel,10
,,,1,Steel database with labelled clusters,,,AISI 1050 Steel,Ultimate tensile strength,758.0,MPa,Yield strength,593.0,MPa,Ductility,24.0,%,0.0,0.0,0.51,0.0,0.0,0.0,0.0,0.0,0.0,0.0,0.04,0.05,0.0,0.0,0.0,0.0,0.0,0.75,98.65,0.0,0.0,0.0,0.0,0.0,0.0,0.0,0.0,0.0,0.0,0.0,0.0,0.0,0.0,0.0,0.0,0.0,,,"Water Quenched From 830C (1525F), 650C (1200F) Temper, 13 mm (0.5 In.) Round","Water Quenched From 830C (1525F), 650C (1200F) Temper, 13 mm (0.5 In.) Round",1678,10,Quenched (water) & tempered – high-strength structural steel,10
,,,1,Steel database with labelled clusters,,,AISI 4150H Steel,Ultimate tensile strength,1005.0,MPa,Yield strength,635.0,MPa,Ductility,19.0,%,0.0,0.0,0.505,0.0,0.0,0.0,0.0,0.0,0.0,0.2249999999999999,0.035,0.04,0.0,0.0,0.0,0.0,0.975,0.875,97.145,0.0,0.0,0.0,0.0,0.0,0.0,0.0,0.0,0.2,0.0,0.0,0.0,0.0,0.0,0.0,0.0,0.0,,,"Normalized At 870C (1600F), Air Cooled, 100 mm (4 In.) Round","Normalized At 870C (1600F), Air Cooled, 100 mm (4 In.) Round",93,4,Normalized (air cooled) – general-purpose steel,4
,,,1,Steel database with labelled clusters,,,AISI 6150 Steel,Ultimate tensile strength,972.0,MPa,Yield strength,896.0,MPa,Ductility,18.0,%,0.0,0.0,0.505,0.0,0.0,0.0,0.0,0.0,0.0,0.2249999999999999,0.035,0.04,0.0,0.0,0.0,0.15,0.95,0.8,97.295,0.0,0.0,0.0,0.0,0.0,0.0,0.0,0.0,0.0,0.0,0.0,0.0,0.0,0.0,0.0,0.0,0.0,,,"Oil Quenched 845C (1550F), 650C (1200F) Temper, 25 mm (1 In.) Round","Oil Quenched 845C (1550F), 650C (1200F) Temper, 25 mm (1 In.) Round",667,6,Quenched (oil) & tempered – high-strength structural steel,6
,,,1,Steel database with labelled clusters,,,AISI 4320H Steel,Ultimate tensile strength,1150.0,MPa,Yield strength,972.0,MPa,Ductility,14.0,%,0.0,0.0,0.2,0.0,0.0,0.0,0.0,0.0,0.0,0.2249999999999999,0.035,0.04,0.0,0.0,0.0,0.0,0.5,0.55,96.425,0.0,1.775,0.0,0.0,0.0,0.0,0.0,0.0,0.25,0.0,0.0,0.0,0.0,0.0,0.0,0.0,0.0,,,"Normalized 925C (1700F), Pseudocarburized At 925C (1700F) For 8 Hrs., Oil Quenched, 150C (300F) Temper","Normalized 925C (1700F), Pseudocarburized At 925C (1700F) For 8 Hrs., Oil Quenched, 150C (300F) Temper",281,0,Carburized – quenched (oil) – wear-resistant surface steel,0
,,,1,Steel database with labelled clusters,,,ASTM A514 Steel,Ultimate tensile strength,760.0,MPa,Yield strength,690.0,MPa,Ductility,18.0,%,0.0,0.0,0.165,0.0,0.0,0.0,0.0,0.0,0.0,0.28,0.0,0.0,0.0,0.0,0.07,0.0,1.4,0.55,96.905,0.0,0.0,0.3,0.0,0.0,0.0,0.0,0.0,0.33,0.0,0.0,0.0,0.0,0.0,0.0,0.0,0.0,,,"Grade L, Plate Thickness _ 19 mm","Grade L, Plate Thickness _ 19 mm",1256,11,plate – no special treatment – general-purpose steel,11
,,,1,Steel database with labelled clusters,,,AISI 4620H Steel,Ultimate tensile strength,958.0,MPa,Yield strength,786.0,MPa,Ductility,16.0,%,0.0,0.0,0.2,0.0,0.0,0.0,0.0,0.0,0.0,0.25,0.035,0.04,0.0,0.0,0.0,0.0,0.0,0.55,96.9,0.0,1.775,0.0,0.0,0.0,0.0,0.0,0.0,0.25,0.0,0.0,0.0,0.0,0.0,0.0,0.0,0.0,,,"Normalized, Machined To 13.7 mm Rounds, Pseudocarburized, Reheated To 800C (1470F), Quenched And Tempered","Normalized, Machined To 13.7 mm Rounds, Pseudocarburized, Reheated To 800C (1470F), Quenched And Tempered",360,0,Carburized – quenched (oil) – wear-resistant surface steel,0
,,,1,Steel database with labelled clusters,,,AISI Grade 18Ni (200) Maraging Steel,Ultimate tensile strength,1824.0,MPa,Yield strength,1760.0,MPa,Ductility,12.0,%,0.0,0.0,0.03,0.0,0.0,0.0,0.0,0.0,0.1,0.1,0.01,0.01,0.0,0.0,0.2,0.0,0.0,0.1,69.19,8.5,18.5,0.0,0.0,0.0,0.0,0.01,0.0,3.25,0.0,0.0,0.0,0.0,0.0,0.0,0.0,0.0,,,"Aged, 16 mm Round Bar, Tested In Longitudinal Direction","Aged, 16 mm Round Bar, Tested In Longitudinal Direction",1097,2,Quenched (oil) – general-purpose steel (tested),2
,,,1,Steel database with labelled clusters,,,AISI 1040 Steel,Ultimate tensile strength,698.0,MPa,Yield strength,490.0,MPa,Ductility,26.0,%,0.0,0.0,0.405,0.0,0.0,0.0,0.0,0.0,0.0,0.0,0.04,0.05,0.0,0.0,0.0,0.0,0.0,0.75,98.755,0.0,0.0,0.0,0.0,0.0,0.0,0.0,0.0,0.0,0.0,0.0,0.0,0.0,0.0,0.0,0.0,0.0,,,"Water Quenched From 845C (1550F), 595C (1100F) Temper, 13 mm (0.5 In.) Round","Water Quenched From 845C (1550F), 595C (1100F) Temper, 13 mm (0.5 In.) Round",1716,10,Quenched (water) & tempered – high-strength structural steel,10
,,,1,Steel database with labelled clusters,,,AISI 8650 Steel,Ultimate tensile strength,1255.0,MPa,Yield strength,903.0,MPa,Ductility,10.0,%,0.0,0.0,0.505,0.0,0.0,0.0,0.0,0.0,0.0,0.2249999999999999,0.035,0.045,0.0,0.0,0.0,0.0,0.5,0.875,97.065,0.0,0.55,0.0,0.0,0.0,0.0,0.0,0.0,0.2,0.0,0.0,0.0,0.0,0.0,0.0,0.0,0.0,,,"Normalized, 13 mm (0.5 In.) Round","Normalized, 13 mm (0.5 In.) Round",848,9,Normalized – general-purpose steel (round normalized stock),9
,,,1,Steel database with labelled clusters,,,ASTM A611 Steel,Ultimate tensile strength,330.0,MPa,Yield strength,230.0,MPa,Ductility,22.0,%,0.0,0.0,0.2,0.0,0.0,0.0,0.0,0.0,0.0,0.0,0.04,0.04,0.0,0.0,0.0,0.0,0.0,0.6,98.92,0.0,0.0,0.2,0.0,0.0,0.0,0.0,0.0,0.0,0.0,0.0,0.0,0.0,0.0,0.0,0.0,0.0,,,Grade C,Grade C,1355,1,Hot rolled – general construction steel,1
,,,1,Steel database with labelled clusters,,,AISI 4140H Steel,Ultimate tensile strength,931.0,MPa,Yield strength,793.0,MPa,Ductility,22.0,%,0.0,0.0,0.405,0.0,0.0,0.0,0.0,0.0,0.0,0.2249999999999999,0.035,0.04,0.0,0.0,0.0,0.0,0.975,0.875,97.22,0.0,0.0,0.0,0.0,0.0,0.0,0.0,0.0,0.2249999999999999,0.0,0.0,0.0,0.0,0.0,0.0,0.0,0.0,,,"Oil Quenched, 650C (1200F) Temper, 25 mm (1 In.) Round","Oil Quenched, 650C (1200F) Temper, 25 mm (1 In.) Round",111,6,Quenched (oil) & tempered – high-strength structural steel,6
,,,1,Steel database with labelled clusters,,,AISI 4027 Steel,Ultimate tensile strength,786.0,MPa,Yield strength,640.0,MPa,Ductility,23.0,%,0.0,0.0,0.275,0.0,0.0,0.0,0.0,0.0,0.0,0.25,0.035,0.04,0.0,0.0,0.0,0.0,0.0,0.8,98.35,0.0,0.0,0.0,0.0,0.0,0.0,0.0,0.0,0.25,0.0,0.0,0.0,0.0,0.0,0.0,0.0,0.0,,,"Water Quenched 865C (1590F), 595C (1100F) Temper, 25 mm (1 In.) Round","Water Quenched 865C (1590F), 595C (1100F) Temper, 25 mm (1 In.) Round",43,10,Quenched (water) & tempered – high-strength structural steel,10
,,,1,Steel database with labelled clusters,,,AISI 4140H Steel,Ultimate tensile strength,1380.0,MPa,Yield strength,1170.0,MPa,Ductility,15.0,%,0.0,0.0,0.405,0.0,0.0,0.0,0.0,0.0,0.0,0.2249999999999999,0.035,0.04,0.0,0.0,0.0,0.0,0.975,0.875,97.22,0.0,0.0,0.0,0.0,0.0,0.0,0.0,0.0,0.2249999999999999,0.0,0.0,0.0,0.0,0.0,0.0,0.0,0.0,,,"Oil Quenched, Tempered 425C (800F), 25 mm (1 In.) Round","Oil Quenched, Tempered 425C (800F), 25 mm (1 In.) Round",126,6,Quenched (oil) & tempered – high-strength structural steel,6
,,,1,Steel database with labelled clusters,,,AISI 4320H Steel,Ultimate tensile strength,1495.0,MPa,Yield strength,1105.0,MPa,Ductility,13.0,%,0.0,0.0,0.2,0.0,0.0,0.0,0.0,0.0,0.0,0.2249999999999999,0.035,0.04,0.0,0.0,0.0,0.0,0.5,0.55,96.425,0.0,1.775,0.0,0.0,0.0,0.0,0.0,0.0,0.25,0.0,0.0,0.0,0.0,0.0,0.0,0.0,0.0,,,"Direct Quenched From Pot: (Carburized 925C (1700F) For 8 Hrs., Quenched In Agitated In Oil, 150C (300F) Temper); 1.5 mm Case Depth","Direct Quenched From Pot: (Carburized 925C (1700F) For 8 Hrs., Quenched In Agitated In Oil, 150C (300F) Temper); 1.5 mm Case Depth",205,5,Carburized – quenched (oil) – wear-resistant surface steel (variant),5
,,,1,Steel database with labelled clusters,,,AISI 4130 Steel,Ultimate tensile strength,670.0,MPa,Yield strength,435.0,MPa,Ductility,25.0,%,0.0,0.0,0.305,0.0,0.0,0.0,0.0,0.0,0.0,0.2249999999999999,0.035,0.04,0.0,0.0,0.0,0.0,0.95,0.5,97.745,0.0,0.0,0.0,0.0,0.0,0.0,0.0,0.0,0.2,0.0,0.0,0.0,0.0,0.0,0.0,0.0,0.0,,,Normalized At 870C (1600F),Normalized At 870C (1600F),53,4,Normalized (air cooled) – general-purpose steel,4
,,,1,Steel database with labelled clusters,,,AISI 5140 Steel,Ultimate tensile strength,779.0,MPa,Yield strength,455.0,MPa,Ductility,21.0,%,0.0,0.0,0.405,0.0,0.0,0.0,0.0,0.0,0.0,0.2249999999999999,0.035,0.04,0.0,0.0,0.0,0.0,0.8,0.8,97.695,0.0,0.0,0.0,0.0,0.0,0.0,0.0,0.0,0.0,0.0,0.0,0.0,0.0,0.0,0.0,0.0,0.0,,,"Normalized, 50 mm (2 In.) Round","Normalized, 50 mm (2 In.) Round",546,9,Normalized – general-purpose steel (round normalized stock),9
,,,1,Steel database with labelled clusters,,,AISI 4140H Steel,Ultimate tensile strength,1795.0,MPa,Yield strength,1515.0,MPa,Ductility,8.0,%,0.0,0.0,0.405,0.0,0.0,0.0,0.0,0.0,0.0,0.2249999999999999,0.035,0.04,0.0,0.0,0.0,0.0,0.975,0.875,97.22,0.0,0.0,0.0,0.0,0.0,0.0,0.0,0.0,0.2249999999999999,0.0,0.0,0.0,0.0,0.0,0.0,0.0,0.0,,,"Oil Quenched, Tempered 205C (400F), 25 mm (1 In.) Round","Oil Quenched, Tempered 205C (400F), 25 mm (1 In.) Round",69,6,Quenched (oil) & tempered – high-strength structural steel,6
,,,1,Steel database with labelled clusters,,,AISI E9310H Steel,Ultimate tensile strength,1131.0,MPa,Yield strength,965.0,MPa,Ductility,16.0,%,0.0,0.0,0.1,0.0,0.0,0.0,0.0,0.0,0.0,0.2249999999999999,0.0,0.05,0.0,0.0,0.0,0.0,1.225,0.55,94.485,0.0,3.25,0.0,0.0,0.0,0.0,0.0,0.0,0.1149999999999999,0.0,0.0,0.0,0.0,0.0,0.0,0.0,0.0,,,"Normalized, Machined To 13.7 mm Rounds, Pseudocarburized, 800C (1470F) Reheat, 150C (300F) Temper","Normalized, Machined To 13.7 mm Rounds, Pseudocarburized, 800C (1470F) Reheat, 150C (300F) Temper",1104,0,Carburized – quenched (oil) – wear-resistant surface steel,0
,,,1,Steel database with labelled clusters,,,AISI 1022 Steel,Ultimate tensile strength,450.0,MPa,Yield strength,315.0,MPa,Ductility,35.0,%,0.0,0.0,0.2,0.0,0.0,0.0,0.0,0.0,0.0,0.0,0.04,0.05,0.0,0.0,0.0,0.0,0.0,0.85,98.86,0.0,0.0,0.0,0.0,0.0,0.0,0.0,0.0,0.0,0.0,0.0,0.0,0.0,0.0,0.0,0.0,0.0,,,Annealed At 870C (1600F),Annealed At 870C (1600F),1527,7,Annealed – easy-to-machine – round annealed stock,7
,,,1,Steel database with labelled clusters,,,AISI 4118 Steel,Ultimate tensile strength,645.0,MPa,Yield strength,314.0,MPa,Ductility,28.0,%,0.0,0.0,0.205,0.0,0.0,0.0,0.0,0.0,0.0,0.25,0.035,0.04,0.0,0.0,0.0,0.0,0.5,0.8,98.055,0.0,0.0,0.0,0.0,0.0,0.0,0.0,0.0,0.1149999999999999,0.0,0.0,0.0,0.0,0.0,0.0,0.0,0.0,,,"Mock Carburized At 925C (1700F) For 8 Hours, Reheated To 830C (1525F), Oil Quenched, 150C (300F) Temper, 230C (450F) Temper, 50 mm (2 In.) Round","Mock Carburized At 925C (1700F) For 8 Hours, Reheated To 830C (1525F), Oil Quenched, 150C (300F) Temper, 230C (450F) Temper, 50 mm (2 In.) Round",184,8,Carburized – quenched (oil) – wear-resistant surface steel (variant),8
,,,1,Steel database with labelled clusters,,,AISI 4150H Steel,Ultimate tensile strength,1165.0,MPa,Yield strength,1040.0,MPa,Ductility,15.0,%,0.0,0.0,0.505,0.0,0.0,0.0,0.0,0.0,0.0,0.2249999999999999,0.035,0.04,0.0,0.0,0.0,0.0,0.975,0.875,97.145,0.0,0.0,0.0,0.0,0.0,0.0,0.0,0.0,0.2,0.0,0.0,0.0,0.0,0.0,0.0,0.0,0.0,,,"Oil Quenched 830C (1525F), 540C (1000F) Temper, 50 mm (2 In.) Round","Oil Quenched 830C (1525F), 540C (1000F) Temper, 50 mm (2 In.) Round",138,6,Quenched (oil) & tempered – high-strength structural steel,6
,,,1,Steel database with labelled clusters,,,AISI 8740 Steel,Ultimate tensile strength,1025.0,MPa,Yield strength,924.0,MPa,Ductility,18.0,%,0.0,0.0,0.405,0.0,0.0,0.0,0.0,0.0,0.0,0.2249999999999999,0.035,0.04,0.0,0.0,0.0,0.0,0.5,0.875,97.12,0.0,0.55,0.0,0.0,0.0,0.0,0.0,0.0,0.25,0.0,0.0,0.0,0.0,0.0,0.0,0.0,0.0,,,"Oil Quenched 830C (1525F), 595C (1100F) Temper, 25 mm (1 In.) Round","Oil Quenched 830C (1525F), 595C (1100F) Temper, 25 mm (1 In.) Round",900,6,Quenched (oil) & tempered – high-strength structural steel,6
,,,1,Steel database with labelled clusters,,,AISI 8630H Steel,Ultimate tensile strength,660.0,MPa,Yield strength,495.0,MPa,Ductility,25.0,%,0.0,0.0,0.3,0.0,0.0,0.0,0.0,0.0,0.0,0.2249999999999999,0.035,0.04,0.0,0.0,0.0,0.0,0.5,0.8,97.35,0.0,0.55,0.0,0.0,0.0,0.0,0.0,0.0,0.2,0.0,0.0,0.0,0.0,0.0,0.0,0.0,0.0,,,"Water Quenched 845C (1550F), 595C (1100F) Temper, 100 mm (4 In.) Round","Water Quenched 845C (1550F), 595C (1100F) Temper, 100 mm (4 In.) Round",797,10,Quenched (water) & tempered – high-strength structural steel,10
,,,1,Steel database with labelled clusters,,,AISI 4130 Steel,Ultimate tensile strength,917.0,MPa,Yield strength,758.0,MPa,Ductility,19.0,%,0.0,0.0,0.305,0.0,0.0,0.0,0.0,0.0,0.0,0.2249999999999999,0.035,0.04,0.0,0.0,0.0,0.0,0.95,0.5,97.745,0.0,0.0,0.0,0.0,0.0,0.0,0.0,0.0,0.2,0.0,0.0,0.0,0.0,0.0,0.0,0.0,0.0,,,"Water Quenched 855C (1570F), 480C (900F) Temper, 50 mm (2 In.) Round","Water Quenched 855C (1570F), 480C (900F) Temper, 50 mm (2 In.) Round",133,10,Quenched (water) & tempered – high-strength structural steel,10
,,,1,Steel database with labelled clusters,,,AISI 4140 Steel,Ultimate tensile strength,896.0,MPa,Yield strength,786.0,MPa,Ductility,21.0,%,0.0,0.0,0.405,0.0,0.0,0.0,0.0,0.0,0.0,0.25,0.035,0.04,0.0,0.0,0.0,0.0,0.95,0.875,97.245,0.0,0.0,0.0,0.0,0.0,0.0,0.0,0.0,0.2,0.0,0.0,0.0,0.0,0.0,0.0,0.0,0.0,,,"Normalized At 870C (1600F), Reheated To 845C (1550F), Oil Quenched, 650C (1200F) Temper, 25 mm (1 In.) Round","Normalized At 870C (1600F), Reheated To 845C (1550F), Oil Quenched, 650C (1200F) Temper, 25 mm (1 In.) Round",81,0,Carburized – quenched (oil) – wear-resistant surface steel,0
,,,1,Steel database with labelled clusters,,,AISI 1022 Steel,Ultimate tensile strength,486.0,MPa,Yield strength,365.0,MPa,Ductility,35.0,%,0.0,0.0,0.2,0.0,0.0,0.0,0.0,0.0,0.0,0.0,0.04,0.05,0.0,0.0,0.0,0.0,0.0,0.85,98.86,0.0,0.0,0.0,0.0,0.0,0.0,0.0,0.0,0.0,0.0,0.0,0.0,0.0,0.0,0.0,0.0,0.0,,,"Normalized At 925C (1700F), Cooled In Air, 13 mm (0.5 In.) Round","Normalized At 925C (1700F), Cooled In Air, 13 mm (0.5 In.) Round",1521,4,Normalized (air cooled) – general-purpose steel,4
,,,1,Steel database with labelled clusters,,,AISI 5150 Steel,Ultimate tensile strength,793.0,MPa,Yield strength,525.0,MPa,Ductility,21.0,%,0.0,0.0,0.505,0.0,0.0,0.0,0.0,0.0,0.0,0.2249999999999999,0.035,0.04,0.0,0.0,0.0,0.0,0.8,0.8,97.595,0.0,0.0,0.0,0.0,0.0,0.0,0.0,0.0,0.0,0.0,0.0,0.0,0.0,0.0,0.0,0.0,0.0,,,"Oil Quenched From 830C (1525F), 650C (1200F) Temper, 100 mm (4 In.) Round","Oil Quenched From 830C (1525F), 650C (1200F) Temper, 100 mm (4 In.) Round",542,6,Quenched (oil) & tempered – high-strength structural steel,6
,,,1,Steel database with labelled clusters,,,AISI 1045 Steel,Ultimate tensile strength,565.0,MPa,Yield strength,310.0,MPa,Ductility,16.0,%,0.0,0.0,0.4599999999999999,0.0,0.0,0.0,0.0,0.0,0.0,0.0,0.04,0.05,0.0,0.0,0.0,0.0,0.0,0.75,98.7,0.0,0.0,0.0,0.0,0.0,0.0,0.0,0.0,0.0,0.0,0.0,0.0,0.0,0.0,0.0,0.0,0.0,,,"Hot Rolled, 19-32 mm (0.75-1.25 In) Round","Hot Rolled, 19-32 mm (0.75-1.25 In) Round",1576,3,Normalized – easy-to-machine stock (cold drawn),3
,,,1,Steel database with labelled clusters,,,AISI E9310H Steel,Ultimate tensile strength,1289.0,MPa,Yield strength,1117.0,MPa,Ductility,15.0,%,0.0,0.0,0.1,0.0,0.0,0.0,0.0,0.0,0.0,0.2249999999999999,0.0,0.05,0.0,0.0,0.0,0.0,1.225,0.55,94.485,0.0,3.25,0.0,0.0,0.0,0.0,0.0,0.0,0.1149999999999999,0.0,0.0,0.0,0.0,0.0,0.0,0.0,0.0,,,"Normalized, Machined To 13.7 mm Rounds, Pseudocarburized, 150C (300F) Temper","Normalized, Machined To 13.7 mm Rounds, Pseudocarburized, 150C (300F) Temper",984,0,Carburized – quenched (oil) – wear-resistant surface steel,0
,,,1,Steel database with labelled clusters,,,AISI 4419 Steel,Ultimate tensile strength,540.0,MPa,Yield strength,360.0,MPa,Ductility,33.0,%,0.0,0.0,0.205,0.0,0.0,0.0,0.0,0.0,0.0,0.25,0.035,0.04,0.0,0.0,0.0,0.0,0.0,0.55,98.395,0.0,0.0,0.0,0.0,0.0,0.0,0.0,0.0,0.525,0.0,0.0,0.0,0.0,0.0,0.0,0.0,0.0,,,"Normalized At 955C (1750F), 14 mm (0.55 In.) Round","Normalized At 955C (1750F), 14 mm (0.55 In.) Round",166,4,Normalized (air cooled) – general-purpose steel,4
,,,1,Steel database with labelled clusters,,,AISI 4419H Steel,Ultimate tensile strength,712.0,MPa,Yield strength,450.0,MPa,Ductility,24.0,%,0.0,0.0,0.2,0.0,0.0,0.0,0.0,0.0,0.0,0.25,0.035,0.04,0.0,0.0,0.0,0.0,0.0,0.55,98.4,0.0,0.0,0.0,0.0,0.0,0.0,0.0,0.0,0.525,0.0,0.0,0.0,0.0,0.0,0.0,0.0,0.0,,,"Single Quenched And Tempered, 150C (300F)","Single Quenched And Tempered, 150C (300F)",249,5,Carburized – quenched (oil) – wear-resistant surface steel (variant),5
,,,1,Steel database with labelled clusters,,,AISI 4820H Steel,Ultimate tensile strength,1355.0,MPa,Yield strength,1182.0,MPa,Ductility,13.0,%,0.0,0.0,0.2,0.0,0.0,0.0,0.0,0.0,0.0,0.2249999999999999,0.035,0.04,0.0,0.0,0.0,0.0,0.0,0.6000000000000001,95.15,0.0,3.5,0.0,0.0,0.0,0.0,0.0,0.0,0.25,0.0,0.0,0.0,0.0,0.0,0.0,0.0,0.0,,,"Double Quenched And Tempered (230C (450F)), 1.2 mm Case Depth","Double Quenched And Tempered (230C (450F)), 1.2 mm Case Depth",447,5,Carburized – quenched (oil) – wear-resistant surface steel (variant),5
,,,1,Steel database with labelled clusters,,,ASTM A607 Steel,Ultimate tensile strength,585.0,MPa,Yield strength,485.0,MPa,Ductility,14.0,%,0.0,0.0,0.26,0.01,0.0,0.0,0.0,0.0,0.0,0.0,0.04,0.05,0.0,0.0,0.0,0.0,0.0,1.65,97.99,0.0,0.0,0.0,0.0,0.0,0.0,0.0,0.0,0.0,0.0,0.0,0.0,0.0,0.0,0.0,0.0,0.0,,,"Grade 70, Cold Rolled","Grade 70, Cold Rolled",1504,1,Hot rolled – general construction steel,1
,,,1,Steel database with labelled clusters,,,AISI 86B50 Steel,Ultimate tensile strength,993.0,MPa,Yield strength,660.0,MPa,Ductility,15.0,%,0.0,0.00175,0.505,0.0,0.0,0.0,0.0,0.0,0.0,0.25,0.035,0.045,0.0,0.0,0.0,0.0,0.5,0.875,97.03825,0.0,0.55,0.0,0.0,0.0,0.0,0.0,0.0,0.2,0.0,0.0,0.0,0.0,0.0,0.0,0.0,0.0,,,"Normalized, 50 mm (2 In.) Round","Normalized, 50 mm (2 In.) Round",859,9,Normalized – general-purpose steel (round normalized stock),9
,,,1,Steel database with labelled clusters,,,ASTM A131 Steel,Ultimate tensile strength,400.0,MPa,Yield strength,220.0,MPa,Ductility,21.0,%,0.0,0.0,0.26,0.0,0.0,0.0,0.0,0.0,0.0,0.0,0.05,0.05,0.0,0.0,0.0,0.0,0.0,0.65,98.99,0.0,0.0,0.0,0.0,0.0,0.0,0.0,0.0,0.0,0.0,0.0,0.0,0.0,0.0,0.0,0.0,0.0,,,Grade A,Grade A,1189,1,Hot rolled – general construction steel,1
,,,1,Steel database with labelled clusters,,,AISI 4130 Steel,Ultimate tensile strength,1040.0,MPa,Yield strength,979.0,MPa,Ductility,18.0,%,0.0,0.0,0.305,0.0,0.0,0.0,0.0,0.0,0.0,0.2249999999999999,0.035,0.04,0.0,0.0,0.0,0.0,0.95,0.5,97.745,0.0,0.0,0.0,0.0,0.0,0.0,0.0,0.0,0.2,0.0,0.0,0.0,0.0,0.0,0.0,0.0,0.0,,,"Water Quenched 855C (1570F), 540C (1000F) Temper, 13 mm (0.5 In.) Round","Water Quenched 855C (1570F), 540C (1000F) Temper, 13 mm (0.5 In.) Round",98,10,Quenched (water) & tempered – high-strength structural steel,10
,,,1,Steel database with labelled clusters,,,AISI 1144 Steel,Ultimate tensile strength,724.0,MPa,Yield strength,470.0,MPa,Ductility,20.0,%,0.0,0.0,0.44,0.0,0.0,0.0,0.0,0.0,0.0,0.0,0.04,0.285,0.0,0.0,0.0,0.0,0.0,1.5,97.735,0.0,0.0,0.0,0.0,0.0,0.0,0.0,0.0,0.0,0.0,0.0,0.0,0.0,0.0,0.0,0.0,0.0,,,"Oil Quenched 845C (1550F), 540C (1000F) Temper, 50 mm (2 In.) Round","Oil Quenched 845C (1550F), 540C (1000F) Temper, 50 mm (2 In.) Round",1965,6,Quenched (oil) & tempered – high-strength structural steel,6
,,,1,Steel database with labelled clusters,,,AISI 8620 Steel,Ultimate tensile strength,635.0,MPa,Yield strength,360.0,MPa,Ductility,26.0,%,0.0,0.0,0.205,0.0,0.0,0.0,0.0,0.0,0.0,0.25,0.035,0.04,0.0,0.0,0.0,0.0,0.5,0.8,97.42,0.0,0.55,0.0,0.0,0.0,0.0,0.0,0.0,0.2,0.0,0.0,0.0,0.0,0.0,0.0,0.0,0.0,,,"Normalized, 25 mm (1 In.) Round","Normalized, 25 mm (1 In.) Round",738,9,Normalized – general-purpose steel (round normalized stock),9
,,,1,Steel database with labelled clusters,,,ASTM A514 Steel,Ultimate tensile strength,760.0,MPa,Yield strength,690.0,MPa,Ductility,18.0,%,0.0,0.0025,0.18,0.0,0.0,0.0,0.0,0.0,0.0,0.6000000000000001,0.04,0.04,0.0,0.0,0.0,0.0,0.65,0.95,97.2075,0.0,0.0,0.0,0.0,0.0,0.0,0.1,0.0,0.23,0.0,0.0,0.0,0.0,0.0,0.0,0.0,0.0,,,"Grade A, Plate Thickness _ 19 mm","Grade A, Plate Thickness _ 19 mm",1276,11,plate – no special treatment – general-purpose steel,11
,,,1,Steel database with labelled clusters,,,AISI 4140 Steel,Ultimate tensile strength,938.0,MPa,Yield strength,889.0,MPa,Ductility,19.0,%,0.0,0.0,0.405,0.0,0.0,0.0,0.0,0.0,0.0,0.2249999999999999,0.035,0.04,0.0,0.0,0.0,0.0,0.95,0.875,97.27,0.0,0.0,0.0,0.0,0.0,0.0,0.0,0.0,0.2,0.0,0.0,0.0,0.0,0.0,0.0,0.0,0.0,,,"Oil Quenched, 13 mm (0.5 In.) Round (845C (1550F) Quench, 650C (1200F) Temper)","Oil Quenched, 13 mm (0.5 In.) Round (845C (1550F) Quench, 650C (1200F) Temper)",103,6,Quenched (oil) & tempered – high-strength structural steel,6
,,,1,Steel database with labelled clusters,,,AISI 4820H Steel,Ultimate tensile strength,1448.0,MPa,Yield strength,1138.0,MPa,Ductility,12.0,%,0.0,0.0,0.2,0.0,0.0,0.0,0.0,0.0,0.0,0.2249999999999999,0.035,0.04,0.0,0.0,0.0,0.0,0.0,0.6000000000000001,95.15,0.0,3.5,0.0,0.0,0.0,0.0,0.0,0.0,0.25,0.0,0.0,0.0,0.0,0.0,0.0,0.0,0.0,,,"Heat Treated, Machined To 25 mm, Pseudocarburized, 150C (300F) Temper","Heat Treated, Machined To 25 mm, Pseudocarburized, 150C (300F) Temper",435,0,Carburized – quenched (oil) – wear-resistant surface steel,0
,,,1,Steel database with labelled clusters,,,AISI 4130 Steel,Ultimate tensile strength,615.0,MPa,Yield strength,415.0,MPa,Ductility,28.0,%,0.0,0.0,0.305,0.0,0.0,0.0,0.0,0.0,0.0,0.2249999999999999,0.035,0.04,0.0,0.0,0.0,0.0,0.95,0.5,97.745,0.0,0.0,0.0,0.0,0.0,0.0,0.0,0.0,0.2,0.0,0.0,0.0,0.0,0.0,0.0,0.0,0.0,,,"Normalized At 870C (1600F), Air Cooled, 50 mm (2 In.) Round","Normalized At 870C (1600F), Air Cooled, 50 mm (2 In.) Round",75,4,Normalized (air cooled) – general-purpose steel,4
,,,1,Steel database with labelled clusters,,,AISI 1050 Steel,Ultimate tensile strength,769.0,MPa,Yield strength,431.0,MPa,Ductility,21.0,%,0.0,0.0,0.51,0.0,0.0,0.0,0.0,0.0,0.0,0.0,0.04,0.05,0.0,0.0,0.0,0.0,0.0,0.75,98.65,0.0,0.0,0.0,0.0,0.0,0.0,0.0,0.0,0.0,0.0,0.0,0.0,0.0,0.0,0.0,0.0,0.0,,,"Normalized At 900C (1650F), Air Cooled, 13 mm (0.5 In.) Round","Normalized At 900C (1650F), Air Cooled, 13 mm (0.5 In.) Round",1766,4,Normalized (air cooled) – general-purpose steel,4
,,,1,Steel database with labelled clusters,,,ASTM A537 Carbon Steel,Ultimate tensile strength,485.0,MPa,Yield strength,315.0,MPa,Ductility,20.0,%,0.0,0.0,0.24,0.0,0.0,0.0,0.0,0.0,0.0,0.325,0.04,0.04,0.0,0.0,0.0,0.0,0.25,1.15,97.275,0.0,0.25,0.35,0.0,0.0,0.0,0.0,0.0,0.08,0.0,0.0,0.0,0.0,0.0,0.0,0.0,0.0,,,Class 2,Class 2,1311,1,Hot rolled – general construction steel,1
,,,1,Steel database with labelled clusters,,,AISI 8822 Steel,Ultimate tensile strength,1314.0,MPa,Yield strength,928.0,MPa,Ductility,12.0,%,0.0,0.0,0.225,0.0,0.0,0.0,0.0,0.0,0.0,0.2249999999999999,0.035,0.04,0.0,0.0,0.0,0.0,0.5,0.875,97.2,0.0,0.55,0.0,0.0,0.0,0.0,0.0,0.0,0.35,0.0,0.0,0.0,0.0,0.0,0.0,0.0,0.0,,,"Normalized, Machined To 25 mm (1 In.) Rounds, Pseudocarburized, 150C (300F) Temper","Normalized, Machined To 25 mm (1 In.) Rounds, Pseudocarburized, 150C (300F) Temper",919,0,Carburized – quenched (oil) – wear-resistant surface steel,0
,,,1,Steel database with labelled clusters,,,AISI 1080 Steel,Ultimate tensile strength,1270.0,MPa,Yield strength,869.0,MPa,Ductility,12.0,%,0.0,0.0,0.815,0.0,0.0,0.0,0.0,0.0,0.0,0.0,0.04,0.05,0.0,0.0,0.0,0.0,0.0,0.75,98.345,0.0,0.0,0.0,0.0,0.0,0.0,0.0,0.0,0.0,0.0,0.0,0.0,0.0,0.0,0.0,0.0,0.0,,,"Oil Quenched From 815C (1500F), Tempered At 480C (900F)","Oil Quenched From 815C (1500F), Tempered At 480C (900F)",1689,6,Quenched (oil) & tempered – high-strength structural steel,6
,,,1,Steel database with labelled clusters,,,AISI 1018 Steel,Ultimate tensile strength,565.0,MPa,Yield strength,485.0,MPa,Ductility,20.0,%,0.0,0.0,0.17,0.0,0.0,0.0,0.0,0.0,0.0,0.0,0.04,0.05,0.0,0.0,0.0,0.0,0.0,0.75,98.99,0.0,0.0,0.0,0.0,0.0,0.0,0.0,0.0,0.0,0.0,0.0,0.0,0.0,0.0,0.0,0.0,0.0,,,"Cold Drawn, Quenched, And Tempered, 19-32 mm (0.75-1.25 In) Round","Cold Drawn, Quenched, And Tempered, 19-32 mm (0.75-1.25 In) Round",1650,2,Quenched (oil) – general-purpose steel (tested),2
,,,1,Steel database with labelled clusters,,,AISI 1045 Steel,Ultimate tensile strength,585.0,MPa,Yield strength,450.0,MPa,Ductility,12.0,%,0.0,0.0,0.4599999999999999,0.0,0.0,0.0,0.0,0.0,0.0,0.0,0.04,0.05,0.0,0.0,0.0,0.0,0.0,0.75,98.7,0.0,0.0,0.0,0.0,0.0,0.0,0.0,0.0,0.0,0.0,0.0,0.0,0.0,0.0,0.0,0.0,0.0,,,"Cold Drawn, High Temperature Stress Relieved, 50-75 mm (2-3 In) Round","Cold Drawn, High Temperature Stress Relieved, 50-75 mm (2-3 In) Round",1601,0,Carburized – quenched (oil) – wear-resistant surface steel,0
,,,1,Steel database with labelled clusters,,,AISI 8617H Steel,Ultimate tensile strength,786.0,MPa,Yield strength,530.0,MPa,Ductility,22.0,%,0.0,0.0,0.17,0.0,0.0,0.0,0.0,0.0,0.0,0.2249999999999999,0.035,0.04,0.0,0.0,0.0,0.0,0.5,0.8,97.48,0.0,0.55,0.0,0.0,0.0,0.0,0.0,0.0,0.2,0.0,0.0,0.0,0.0,0.0,0.0,0.0,0.0,,,"Heat Treated, Machined, Pseudocarburized, Reheated To 800C (1470F), 150C (300F) Temper","Heat Treated, Machined, Pseudocarburized, Reheated To 800C (1470F), 150C (300F) Temper",763,0,Carburized – quenched (oil) – wear-resistant surface steel,0
,,,1,Steel database with labelled clusters,,,AISI E9310H Steel,Ultimate tensile strength,1069.0,MPa,Yield strength,896.0,MPa,Ductility,15.0,%,0.0,0.0,0.1,0.0,0.0,0.0,0.0,0.0,0.0,0.2249999999999999,0.0,0.05,0.0,0.0,0.0,0.0,1.225,0.55,94.485,0.0,3.25,0.0,0.0,0.0,0.0,0.0,0.0,0.1149999999999999,0.0,0.0,0.0,0.0,0.0,0.0,0.0,0.0,,,"Normalized, Machined To 13.7 mm Rounds, Pseudocarburized, 775C (1430F) Reheat, 150C (300F) Temper","Normalized, Machined To 13.7 mm Rounds, Pseudocarburized, 775C (1430F) Reheat, 150C (300F) Temper",990,0,Carburized – quenched (oil) – wear-resistant surface steel,0
,,,1,Steel database with labelled clusters,,,AISI 4620H Steel,Ultimate tensile strength,965.0,MPa,Yield strength,772.0,MPa,Ductility,15.0,%,0.0,0.0,0.2,0.0,0.0,0.0,0.0,0.0,0.0,0.25,0.035,0.04,0.0,0.0,0.0,0.0,0.0,0.55,96.9,0.0,1.775,0.0,0.0,0.0,0.0,0.0,0.0,0.25,0.0,0.0,0.0,0.0,0.0,0.0,0.0,0.0,,,"Normalized, Machined To 25 mm (1 In.) Rounds, Pseudocarburized, Reheated To 925C (1700F), Quenched And Tempered","Normalized, Machined To 25 mm (1 In.) Rounds, Pseudocarburized, Reheated To 925C (1700F), Quenched And Tempered",389,0,Carburized – quenched (oil) – wear-resistant surface steel,0
,,,1,Steel database with labelled clusters,,,AISI 4320H Steel,Ultimate tensile strength,1505.0,MPa,Yield strength,1225.0,MPa,Ductility,13.0,%,0.0,0.0,0.2,0.0,0.0,0.0,0.0,0.0,0.0,0.2249999999999999,0.035,0.04,0.0,0.0,0.0,0.0,0.5,0.55,96.425,0.0,1.775,0.0,0.0,0.0,0.0,0.0,0.0,0.25,0.0,0.0,0.0,0.0,0.0,0.0,0.0,0.0,,,"Single Quenched And Tempered: (Carburized 925C (1700F) For 8 Hrs., Pot Cooled, Reheated To 830C (1525F), Quenched In Agitated Oil, 150C (300F) Temper); 1.9 mm Case Depth","Single Quenched And Tempered: (Carburized 925C (1700F) For 8 Hrs., Pot Cooled, Reheated To 830C (1525F), Quenched In Agitated Oil, 150C (300F) Temper); 1.9 mm Case Depth",236,5,Carburized – quenched (oil) – wear-resistant surface steel (variant),5
,,,1,Steel database with labelled clusters,,,AISI 1023 Steel,Ultimate tensile strength,385.0,MPa,Yield strength,215.0,MPa,Ductility,25.0,%,0.0,0.0,0.22,0.0,0.0,0.0,0.0,0.0,0.0,0.0,0.04,0.05,0.0,0.0,0.0,0.0,0.0,0.4499999999999999,99.24,0.0,0.0,0.0,0.0,0.0,0.0,0.0,0.0,0.0,0.0,0.0,0.0,0.0,0.0,0.0,0.0,0.0,,,"Hot Rolled, 19-32 mm (0.75-1.25 In) Round","Hot Rolled, 19-32 mm (0.75-1.25 In) Round",1488,3,Normalized – easy-to-machine stock (cold drawn),3
,,,1,Steel database with labelled clusters,,,AISI 4320 Steel,Ultimate tensile strength,1110.0,MPa,Yield strength,958.0,MPa,Ductility,16.0,%,0.0,0.0,0.195,0.0,0.0,0.0,0.0,0.0,0.0,0.2249999999999999,0.035,0.04,0.0,0.0,0.0,0.0,0.5,0.55,96.38,0.0,1.825,0.0,0.0,0.0,0.0,0.0,0.0,0.25,0.0,0.0,0.0,0.0,0.0,0.0,0.0,0.0,,,"Normalized 925C (1700F) In 32 mm Rounds, Machined To 25 mm (1 In.) Rounds, Pseudocarburized 925C (1700F) For 8 Hrs., Box Cooled To Rt, Reheated To 830C (1525F), Oil Quenched, 150C (300F) Temper, Tested In 12.8 mm Rounds","Normalized 925C (1700F) In 32 mm Rounds, Machined To 25 mm (1 In.) Rounds, Pseudocarburized 925C (1700F) For 8 Hrs., Box Cooled To Rt, Reheated To 830C (1525F), Oil Quenched, 150C (300F) Temper, Tested In 12.8 mm Rounds",268,0,Carburized – quenched (oil) – wear-resistant surface steel,0
,,,1,Steel database with labelled clusters,,,AISI 1050 Steel,Ultimate tensile strength,690.0,MPa,Yield strength,620.0,MPa,Ductility,11.0,%,0.0,0.0,0.51,0.0,0.0,0.0,0.0,0.0,0.0,0.0,0.04,0.05,0.0,0.0,0.0,0.0,0.0,0.75,98.65,0.0,0.0,0.0,0.0,0.0,0.0,0.0,0.0,0.0,0.0,0.0,0.0,0.0,0.0,0.0,0.0,0.0,,,"Cold Drawn, Low Temperature, Stress Relieved, 22-32 mm (0.875-1.25 In) Round","Cold Drawn, Low Temperature, Stress Relieved, 22-32 mm (0.875-1.25 In) Round",1700,0,Carburized – quenched (oil) – wear-resistant surface steel,0
,,,1,Steel database with labelled clusters,,,AISI 4027 Steel,Ultimate tensile strength,515.0,MPa,Yield strength,325.0,MPa,Ductility,30.0,%,0.0,0.0,0.275,0.0,0.0,0.0,0.0,0.0,0.0,0.25,0.035,0.04,0.0,0.0,0.0,0.0,0.0,0.8,98.35,0.0,0.0,0.0,0.0,0.0,0.0,0.0,0.0,0.25,0.0,0.0,0.0,0.0,0.0,0.0,0.0,0.0,,,"Annealed, 25 mm (1 In.) Round","Annealed, 25 mm (1 In.) Round",118,3,Normalized – easy-to-machine stock (cold drawn),3
,,,1,Steel database with labelled clusters,,,AISI 1025 Steel,Ultimate tensile strength,450.0,MPa,Yield strength,380.0,MPa,Ductility,16.0,%,0.0,0.0,0.25,0.0,0.0,0.0,0.0,0.0,0.0,0.0,0.04,0.05,0.0,0.0,0.0,0.0,0.0,0.4499999999999999,99.21,0.0,0.0,0.0,0.0,0.0,0.0,0.0,0.0,0.0,0.0,0.0,0.0,0.0,0.0,0.0,0.0,0.0,,,"As Drawn, 22-32 mm (0.875-1.25 In) Round","As Drawn, 22-32 mm (0.875-1.25 In) Round",1587,3,Normalized – easy-to-machine stock (cold drawn),3
,,,1,Steel database with labelled clusters,,,AISI 8617 Steel,Ultimate tensile strength,883.0,MPa,Yield strength,650.0,MPa,Ductility,19.0,%,0.0,0.0,0.175,0.0,0.0,0.0,0.0,0.0,0.0,0.2249999999999999,0.035,0.04,0.0,0.0,0.0,0.0,0.5,0.8,97.475,0.0,0.55,0.0,0.0,0.0,0.0,0.0,0.0,0.2,0.0,0.0,0.0,0.0,0.0,0.0,0.0,0.0,,,"Heat Treated, Machined, Pseudocarburized, 150C (300F) Temper","Heat Treated, Machined, Pseudocarburized, 150C (300F) Temper",674,0,Carburized – quenched (oil) – wear-resistant surface steel,0
,,,1,Steel database with labelled clusters,,,AISI 4320 Steel,Ultimate tensile strength,1080.0,MPa,Yield strength,896.0,MPa,Ductility,16.0,%,0.0,0.0,0.195,0.0,0.0,0.0,0.0,0.0,0.0,0.2249999999999999,0.035,0.04,0.0,0.0,0.0,0.0,0.5,0.55,96.38,0.0,1.825,0.0,0.0,0.0,0.0,0.0,0.0,0.25,0.0,0.0,0.0,0.0,0.0,0.0,0.0,0.0,,,"Normalized 925C (1700F) In 32 mm Rounds, Machined To 13.7 mm Rounds, Pseudocarburized 925C (1700F) For 8 Hrs., Box Cooled To Rt, Reheated To 800C (1470F), Oil Quenched, 150C (300F) Temper, Tested In 12.8 mm Rounds","Normalized 925C (1700F) In 32 mm Rounds, Machined To 13.7 mm Rounds, Pseudocarburized 925C (1700F) For 8 Hrs., Box Cooled To Rt, Reheated To 800C (1470F), Oil Quenched, 150C (300F) Temper, Tested In 12.8 mm Rounds",250,0,Carburized – quenched (oil) – wear-resistant surface steel,0
,,,1,Steel database with labelled clusters,,,AISI 1080 Steel,Ultimate tensile strength,965.0,MPa,Yield strength,585.0,MPa,Ductility,12.0,%,0.0,0.0,0.815,0.0,0.0,0.0,0.0,0.0,0.0,0.0,0.04,0.05,0.0,0.0,0.0,0.0,0.0,0.75,98.345,0.0,0.0,0.0,0.0,0.0,0.0,0.0,0.0,0.0,0.0,0.0,0.0,0.0,0.0,0.0,0.0,0.0,,,As Rolled,As Rolled,1717,2,Quenched (oil) – general-purpose steel (tested),2
,,,1,Steel database with labelled clusters,,,Latrobe NitralloyÂ® 135 Modified VAC-ARC,Ultimate tensile strength,758.0,MPa,Yield strength,580.0,MPa,Ductility,15.0,%,0.0,0.0,0.4,0.0,0.0,0.0,0.0,0.0,1.2,0.3,0.0,0.0,0.0,0.0,0.0,0.0,1.6,0.6,95.55,0.0,0.0,0.0,0.0,0.0,0.0,0.0,0.0,0.35,0.0,0.0,0.0,0.0,0.0,0.0,0.0,0.0,,,3 To 5 In Premium Nitriding Steel,3 To 5 In Premium Nitriding Steel,2058,2,Quenched (oil) – general-purpose steel (tested),2
,,,1,Steel database with labelled clusters,,,AISI 4118H Steel,Ultimate tensile strength,517.0,MPa,Yield strength,365.0,MPa,Ductility,33.0,%,0.0,0.0,0.2,0.0,0.0,0.0,0.0,0.0,0.0,0.2249999999999999,0.035,0.04,0.0,0.0,0.0,0.0,0.5,0.8,98.085,0.0,0.0,0.0,0.0,0.0,0.0,0.0,0.0,0.1149999999999999,0.0,0.0,0.0,0.0,0.0,0.0,0.0,0.0,,,"Annealed At 870C (1600F), Furnace Cooled At 11C (20F)/Hour, 25 mm (1 In.) Round","Annealed At 870C (1600F), Furnace Cooled At 11C (20F)/Hour, 25 mm (1 In.) Round",95,7,Annealed – easy-to-machine – round annealed stock,7
,,,1,Steel database with labelled clusters,,,AISI 4118 Steel,Ultimate tensile strength,986.0,MPa,Yield strength,650.0,MPa,Ductility,18.0,%,0.0,0.0,0.205,0.0,0.0,0.0,0.0,0.0,0.0,0.25,0.035,0.04,0.0,0.0,0.0,0.0,0.5,0.8,98.055,0.0,0.0,0.0,0.0,0.0,0.0,0.0,0.0,0.1149999999999999,0.0,0.0,0.0,0.0,0.0,0.0,0.0,0.0,,,"Single Quenched And Tempered, Carburized, 150C (300F) Temper","Single Quenched And Tempered, Carburized, 150C (300F) Temper",34,5,Carburized – quenched (oil) – wear-resistant surface steel (variant),5
,,,1,Steel database with labelled clusters,,,ASTM A724 Carbon Steel,Ultimate tensile strength,620.0,MPa,Yield strength,485.0,MPa,Ductility,19.0,%,0.0,0.0,0.18,0.0,0.0,0.0,0.0,0.0,0.0,0.55,0.04,0.04,0.0,0.0,0.0,0.08,0.25,1.3,96.88,0.0,0.25,0.35,0.0,0.0,0.0,0.0,0.0,0.08,0.0,0.0,0.0,0.0,0.0,0.0,0.0,0.0,,,Grade A,Grade A,1445,1,Hot rolled – general construction steel,1
,,,1,Steel database with labelled clusters,,,AISI 1050 Steel,Ultimate tensile strength,655.0,MPa,Yield strength,585.0,MPa,Ductility,10.0,%,0.0,0.0,0.51,0.0,0.0,0.0,0.0,0.0,0.0,0.0,0.04,0.05,0.0,0.0,0.0,0.0,0.0,0.75,98.65,0.0,0.0,0.0,0.0,0.0,0.0,0.0,0.0,0.0,0.0,0.0,0.0,0.0,0.0,0.0,0.0,0.0,,,"Cold Drawn, Low Temperature, Stress Relieved, 32-50 mm (1.25-2 In) Round","Cold Drawn, Low Temperature, Stress Relieved, 32-50 mm (1.25-2 In) Round",1647,0,Carburized – quenched (oil) – wear-resistant surface steel,0
,,,1,Steel database with labelled clusters,,,AISI 4815 Steel,Ultimate tensile strength,1170.0,MPa,Yield strength,1070.0,MPa,Ductility,14.0,%,0.0,0.0,0.155,0.0,0.0,0.0,0.0,0.0,0.0,0.2249999999999999,0.035,0.04,0.0,0.0,0.0,0.0,0.0,0.5,95.295,0.0,3.5,0.0,0.0,0.0,0.0,0.0,0.0,0.25,0.0,0.0,0.0,0.0,0.0,0.0,0.0,0.0,,,"Pseudocarburized And Oil Quenched, 150C (300F) Temper, 13.7 mm (1 In.) Round","Pseudocarburized And Oil Quenched, 150C (300F) Temper, 13.7 mm (1 In.) Round",449,0,Carburized – quenched (oil) – wear-resistant surface steel,0
,,,1,Steel database with labelled clusters,,,AISI 8620 Steel,Ultimate tensile strength,917.0,MPa,Yield strength,570.0,MPa,Ductility,20.0,%,0.0,0.0,0.205,0.0,0.0,0.0,0.0,0.0,0.0,0.25,0.035,0.04,0.0,0.0,0.0,0.0,0.5,0.8,97.42,0.0,0.55,0.0,0.0,0.0,0.0,0.0,0.0,0.2,0.0,0.0,0.0,0.0,0.0,0.0,0.0,0.0,,,"Carburized, Box Cooled, Reheated And Double Quenched, 150C (300F) Temper, 13 mm (0.5 In.) Round","Carburized, Box Cooled, Reheated And Double Quenched, 150C (300F) Temper, 13 mm (0.5 In.) Round",717,8,Carburized – quenched (oil) – wear-resistant surface steel (variant),8
,,,1,Steel database with labelled clusters,,,ASTM A131 Steel,Ultimate tensile strength,400.0,MPa,Yield strength,220.0,MPa,Ductility,21.0,%,0.0,0.0,0.16,0.0,0.0,0.0,0.0,0.0,0.0,0.2249999999999999,0.04,0.04,0.0,0.0,0.0,0.0,0.0,1.175,98.36,0.0,0.0,0.0,0.0,0.0,0.0,0.0,0.0,0.0,0.0,0.0,0.0,0.0,0.0,0.0,0.0,0.0,,,Grade Ds,Grade Ds,1238,1,Hot rolled – general construction steel,1
,,,1,Steel database with labelled clusters,,,AISI 1012 Steel,Ultimate tensile strength,310.0,MPa,Yield strength,180.0,MPa,Ductility,32.0,%,0.0,0.0,0.125,0.0,0.0,0.0,0.0,0.0,0.0,0.0,0.04,0.05,0.0,0.0,0.0,0.0,0.0,0.4499999999999999,99.335,0.0,0.0,0.0,0.0,0.0,0.0,0.0,0.0,0.0,0.0,0.0,0.0,0.0,0.0,0.0,0.0,0.0,,,"Cq Sheet,1.6-5.8 mm Round Or Thickness","Cq Sheet,1.6-5.8 mm Round Or Thickness",1499,2,Quenched (oil) – general-purpose steel (tested),2
,,,1,Steel database with labelled clusters,,,AISI 4023 Steel,Ultimate tensile strength,745.0,MPa,Yield strength,440.0,MPa,Ductility,21.0,%,0.0,0.0,0.225,0.0,0.0,0.0,0.0,0.0,0.0,0.25,0.035,0.04,0.0,0.0,0.0,0.0,0.0,0.8,98.4,0.0,0.0,0.0,0.0,0.0,0.0,0.0,0.0,0.25,0.0,0.0,0.0,0.0,0.0,0.0,0.0,0.0,,,"Normalized At 925C (1700F), Machined To 25 mm (1 In.) Rounds, Pseudocarburized At 925C (1700F), Box Cooled To Rt, Reheated To 800C (1470F) And Oil Quenched, 150C (300F) Temper","Normalized At 925C (1700F), Machined To 25 mm (1 In.) Rounds, Pseudocarburized At 925C (1700F), Box Cooled To Rt, Reheated To 800C (1470F) And Oil Quenched, 150C (300F) Temper",1,0,Carburized – quenched (oil) – wear-resistant surface steel,0
,,,1,Steel database with labelled clusters,,,ASTM A542 Low Alloy Steel,Ultimate tensile strength,585.0,MPa,Yield strength,415.0,MPa,Ductility,18.0,%,0.0,0.0,0.13,0.0,0.0,0.0,0.0,0.0,0.0,0.5,0.02,0.02,0.0,0.0,0.0,0.02,2.25,0.4499999999999999,96.11,0.0,0.25,0.25,0.0,0.0,0.0,0.0,0.0,0.0,0.0,0.0,0.0,0.0,0.0,0.0,0.0,0.0,,,"Grade B, Class 4A","Grade B, Class 4A",1353,1,Hot rolled – general construction steel,1
,,,1,Steel database with labelled clusters,,,AISI 1340H Steel,Ultimate tensile strength,827.0,MPa,Yield strength,579.0,MPa,Ductility,21.0,%,0.0,0.0,0.405,0.0,0.0,0.0,0.0,0.0,0.0,0.25,0.035,0.04,0.0,0.0,0.0,0.0,0.0,1.75,97.52,0.0,0.0,0.0,0.0,0.0,0.0,0.0,0.0,0.0,0.0,0.0,0.0,0.0,0.0,0.0,0.0,0.0,,,"Oil Quenched From 830C (1525F), 540C (1000F) Temper, 50 mm (2 In.) Round","Oil Quenched From 830C (1525F), 540C (1000F) Temper, 50 mm (2 In.) Round",1102,6,Quenched (oil) & tempered – high-strength structural steel,6
,,,1,Steel database with labelled clusters,,,AISI 1340 Steel,Ultimate tensile strength,710.0,MPa,Yield strength,490.0,MPa,Ductility,25.0,%,0.0,0.0,0.405,0.0,0.0,0.0,0.0,0.0,0.0,0.25,0.035,0.04,0.0,0.0,0.0,0.0,0.0,1.75,97.52,0.0,0.0,0.0,0.0,0.0,0.0,0.0,0.0,0.0,0.0,0.0,0.0,0.0,0.0,0.0,0.0,0.0,,,"Oil Quenched From 830C (1525F), 595C (1100F) Temper, 100 mm (4 In.) Round","Oil Quenched From 830C (1525F), 595C (1100F) Temper, 100 mm (4 In.) Round",1109,6,Quenched (oil) & tempered – high-strength structural steel,6
,,,1,Steel database with labelled clusters,,,AISI 4118 Steel,Ultimate tensile strength,986.0,MPa,Yield strength,645.0,MPa,Ductility,17.0,%,0.0,0.0,0.205,0.0,0.0,0.0,0.0,0.0,0.0,0.25,0.035,0.04,0.0,0.0,0.0,0.0,0.5,0.8,98.055,0.0,0.0,0.0,0.0,0.0,0.0,0.0,0.0,0.1149999999999999,0.0,0.0,0.0,0.0,0.0,0.0,0.0,0.0,,,"Mock Carburized At 925C (1700F) For 8 Hours, Reheated To 830C (1525F), Oil Quenched, 150C (300F) Temper, 150C (300F) Temper, 14 mm (0.55 In.) Round","Mock Carburized At 925C (1700F) For 8 Hours, Reheated To 830C (1525F), Oil Quenched, 150C (300F) Temper, 150C (300F) Temper, 14 mm (0.55 In.) Round",83,8,Carburized – quenched (oil) – wear-resistant surface steel (variant),8
,,,1,Steel database with labelled clusters,,,AISI 1080 Steel,Ultimate tensile strength,965.0,MPa,Yield strength,605.0,MPa,Ductility,17.0,%,0.0,0.0,0.815,0.0,0.0,0.0,0.0,0.0,0.0,0.0,0.04,0.05,0.0,0.0,0.0,0.0,0.0,0.75,98.345,0.0,0.0,0.0,0.0,0.0,0.0,0.0,0.0,0.0,0.0,0.0,0.0,0.0,0.0,0.0,0.0,0.0,,,"Oil Quenched From 815C (1500F), 595C (1100F) Temper, 50 mm (2 In.) Round","Oil Quenched From 815C (1500F), 595C (1100F) Temper, 50 mm (2 In.) Round",1704,6,Quenched (oil) & tempered – high-strength structural steel,6
,,,1,Steel database with labelled clusters,,,AISI 6150H Steel,Ultimate tensile strength,1015.0,MPa,Yield strength,979.0,MPa,Ductility,17.0,%,0.0,0.0,0.505,0.0,0.0,0.0,0.0,0.0,0.0,0.2249999999999999,0.035,0.04,0.0,0.0,0.0,0.15,0.975,0.8,97.27,0.0,0.0,0.0,0.0,0.0,0.0,0.0,0.0,0.0,0.0,0.0,0.0,0.0,0.0,0.0,0.0,0.0,,,"Oil Quenched 845C (1550F), 650C (1200F) Temper, 13 mm (0.5 In.) Round","Oil Quenched 845C (1550F), 650C (1200F) Temper, 13 mm (0.5 In.) Round",677,6,Quenched (oil) & tempered – high-strength structural steel,6
,,,1,Steel database with labelled clusters,,,AISI 1045 Steel,Ultimate tensile strength,690.0,MPa,Yield strength,620.0,MPa,Ductility,12.0,%,0.0,0.0,0.4599999999999999,0.0,0.0,0.0,0.0,0.0,0.0,0.0,0.04,0.05,0.0,0.0,0.0,0.0,0.0,0.75,98.7,0.0,0.0,0.0,0.0,0.0,0.0,0.0,0.0,0.0,0.0,0.0,0.0,0.0,0.0,0.0,0.0,0.0,,,"Cold Drawn, Low Temperature, Stress Relieved Round (16 - 22 mm)","Cold Drawn, Low Temperature, Stress Relieved Round (16 - 22 mm)",1578,0,Carburized – quenched (oil) – wear-resistant surface steel,0
,,,1,Steel database with labelled clusters,,,AISI Grade 18Ni (250) Maraging Steel,Ultimate tensile strength,1824.0,MPa,Yield strength,1769.0,MPa,Ductility,4.0,%,0.0,0.0,0.03,0.0,0.0,0.0,0.0,0.0,0.1,0.1,0.01,0.01,0.0,0.0,0.4,0.0,0.0,0.1,68.44,7.5,18.5,0.0,0.0,0.0,0.0,0.01,0.0,4.8,0.0,0.0,0.0,0.0,0.0,0.0,0.0,0.0,,,"3.18 mm Thick Sheet, Solution Annealed At 815C (1500F) For 30 Minutes, Air Cooled, Aged At 480C (900F) For 1 Hour","3.18 mm Thick Sheet, Solution Annealed At 815C (1500F) For 30 Minutes, Air Cooled, Aged At 480C (900F) For 1 Hour",1047,0,Carburized – quenched (oil) – wear-resistant surface steel,0
,,,1,Steel database with labelled clusters,,,AISI 8620H Steel,Ultimate tensile strength,917.0,MPa,Yield strength,570.0,MPa,Ductility,20.0,%,0.0,0.0,0.205,0.0,0.0,0.0,0.0,0.0,0.0,0.25,0.035,0.04,0.0,0.0,0.0,0.0,0.5,0.7749999999999999,97.445,0.0,0.55,0.0,0.0,0.0,0.0,0.0,0.0,0.2,0.0,0.0,0.0,0.0,0.0,0.0,0.0,0.0,,,"Carburized, Box Cooled, Reheated And Double Quenched, 150C (300F) Temper, 13 mm (0.5 In.) Round","Carburized, Box Cooled, Reheated And Double Quenched, 150C (300F) Temper, 13 mm (0.5 In.) Round",771,8,Carburized – quenched (oil) – wear-resistant surface steel (variant),8
,,,1,Steel database with labelled clusters,,,ASTM A387 Alloy Steel,Ultimate tensile strength,515.0,MPa,Yield strength,310.0,MPa,Ductility,18.0,%,0.0,0.0,0.15,0.0,0.0,0.0,0.0,0.0,0.0,1.0,0.03,0.03,0.0,0.0,0.0,0.0,7.0,0.4499999999999999,90.79,0.0,0.0,0.0,0.0,0.0,0.0,0.0,0.0,0.55,0.0,0.0,0.0,0.0,0.0,0.0,0.0,0.0,,,"Grade 7, Class 2","Grade 7, Class 2",1193,1,Hot rolled – general construction steel,1
,,,1,Steel database with labelled clusters,,,AISI 1086 Steel,Ultimate tensile strength,772.0,MPa,Yield strength,424.0,MPa,Ductility,10.0,%,0.0,0.0,0.865,0.0,0.0,0.0,0.0,0.0,0.0,0.0,0.04,0.05,0.0,0.0,0.0,0.0,0.0,0.4,98.645,0.0,0.0,0.0,0.0,0.0,0.0,0.0,0.0,0.0,0.0,0.0,0.0,0.0,0.0,0.0,0.0,0.0,,,Hot Rolled Bar (Uns G10860),Hot Rolled Bar (Uns G10860),1799,2,Quenched (oil) – general-purpose steel (tested),2
,,,1,Steel database with labelled clusters,,,AISI 1020 Steel,Ultimate tensile strength,438.0,MPa,Yield strength,319.0,MPa,Ductility,35.0,%,0.0,0.0,0.2,0.0,0.0,0.0,0.0,0.0,0.0,0.0,0.04,0.05,0.0,0.0,0.0,0.0,0.0,0.4499999999999999,99.26,0.0,0.0,0.0,0.0,0.0,0.0,0.0,0.0,0.0,0.0,0.0,0.0,0.0,0.0,0.0,0.0,0.0,,,"Normalized At 925C (1700F), Air Cooled, 50 mm (2 In.) Round","Normalized At 925C (1700F), Air Cooled, 50 mm (2 In.) Round",1561,4,Normalized (air cooled) – general-purpose steel,4
,,,1,Steel database with labelled clusters,,,AISI 1020 Steel,Ultimate tensile strength,521.0,MPa,Yield strength,302.0,MPa,Ductility,31.0,%,0.0,0.0,0.2,0.0,0.0,0.0,0.0,0.0,0.0,0.0,0.04,0.05,0.0,0.0,0.0,0.0,0.0,0.4499999999999999,99.26,0.0,0.0,0.0,0.0,0.0,0.0,0.0,0.0,0.0,0.0,0.0,0.0,0.0,0.0,0.0,0.0,0.0,,,"Mock Carburized At 915C (1680F) For 8 Hours, 775C (1430F) Reheat, Water Quenched, 175C (350F) Temper, 50 mm (2 In.) Round","Mock Carburized At 915C (1680F) For 8 Hours, 775C (1430F) Reheat, Water Quenched, 175C (350F) Temper, 50 mm (2 In.) Round",1470,8,Carburized – quenched (oil) – wear-resistant surface steel (variant),8
,,,1,Steel database with labelled clusters,,,AISI 4718 Steel,Ultimate tensile strength,1172.0,MPa,Yield strength,841.0,MPa,Ductility,13.0,%,0.0,0.0,0.185,0.0,0.0,0.0,0.0,0.0,0.0,0.275,0.04,0.04,0.0,0.0,0.0,0.0,0.45,0.8,96.81,0.0,1.05,0.0,0.0,0.0,0.0,0.0,0.0,0.35,0.0,0.0,0.0,0.0,0.0,0.0,0.0,0.0,,,"Pseudocarburized, Reheated To 850C (1560F) And Oil Quenched, 150C (300F) Temper, 13.7 mm Round","Pseudocarburized, Reheated To 850C (1560F) And Oil Quenched, 150C (300F) Temper, 13.7 mm Round",405,0,Carburized – quenched (oil) – wear-resistant surface steel,0
,,,1,Steel database with labelled clusters,,,AISI 1095 Steel,Ultimate tensile strength,1040.0,MPa,Yield strength,635.0,MPa,Ductility,13.0,%,0.0,0.0,0.965,0.0,0.0,0.0,0.0,0.0,0.0,0.0,0.04,0.05,0.0,0.0,0.0,0.0,0.0,0.4,98.545,0.0,0.0,0.0,0.0,0.0,0.0,0.0,0.0,0.0,0.0,0.0,0.0,0.0,0.0,0.0,0.0,0.0,,,"Oil Quenched 800C (1470F), 540C (1000F) Temper, 50 mm (2 In.) Round","Oil Quenched 800C (1470F), 540C (1000F) Temper, 50 mm (2 In.) Round",1861,6,Quenched (oil) & tempered – high-strength structural steel,6
,,,1,Steel database with labelled clusters,,,AISI 1038 Steel,Ultimate tensile strength,515.0,MPa,Yield strength,285.0,MPa,Ductility,18.0,%,0.0,0.0,0.38,0.0,0.0,0.0,0.0,0.0,0.0,0.0,0.04,0.05,0.0,0.0,0.0,0.0,0.0,0.75,98.78,0.0,0.0,0.0,0.0,0.0,0.0,0.0,0.0,0.0,0.0,0.0,0.0,0.0,0.0,0.0,0.0,0.0,,,"Hot Rolled Round, 19-32 mm (0.75-1.25 In)","Hot Rolled Round, 19-32 mm (0.75-1.25 In)",1732,3,Normalized – easy-to-machine stock (cold drawn),3
,,,1,Steel database with labelled clusters,,,ASTM A514 Steel,Ultimate tensile strength,760.0,MPa,Yield strength,690.0,MPa,Ductility,18.0,%,0.0,0.003,0.1649999999999999,0.0,0.0,0.0,0.0,0.0,0.0,0.275,0.04,0.04,0.0,0.0,0.0,0.0,0.0,0.575,97.027,0.0,1.35,0.0,0.0,0.0,0.0,0.0,0.0,0.525,0.0,0.0,0.0,0.0,0.0,0.0,0.0,0.0,,,"Grade M, Plate Thickness _ 19 mm","Grade M, Plate Thickness _ 19 mm",1317,11,plate – no special treatment – general-purpose steel,11
,,,1,Steel database with labelled clusters,,,AISI 4150 Steel,Ultimate tensile strength,855.0,MPa,Yield strength,625.0,MPa,Ductility,21.0,%,0.0,0.0,0.505,0.0,0.0,0.0,0.0,0.0,0.0,0.2249999999999999,0.035,0.04,0.0,0.0,0.0,0.0,0.95,0.875,97.17,0.0,0.0,0.0,0.0,0.0,0.0,0.0,0.0,0.2,0.0,0.0,0.0,0.0,0.0,0.0,0.0,0.0,,,"Oil Quenched 830C (1525F), 650C (1200F) Temper, 100 mm (4 In.) Round","Oil Quenched 830C (1525F), 650C (1200F) Temper, 100 mm (4 In.) Round",105,6,Quenched (oil) & tempered – high-strength structural steel,6
,,,1,Steel database with labelled clusters,,,AISI 51B60H Steel,Ultimate tensile strength,779.0,MPa,Yield strength,580.0,MPa,Ductility,21.0,%,0.0,0.00175,0.6000000000000001,0.0,0.0,0.0,0.0,0.0,0.0,0.2249999999999999,0.035,0.04,0.0,0.0,0.0,0.0,0.8,0.875,97.42325,0.0,0.0,0.0,0.0,0.0,0.0,0.0,0.0,0.0,0.0,0.0,0.0,0.0,0.0,0.0,0.0,0.0,,,"Oil Quenched From 830C (1525F), 650C (1200F) Temper, 50 mm (2 In.) Round","Oil Quenched From 830C (1525F), 650C (1200F) Temper, 50 mm (2 In.) Round",689,6,Quenched (oil) & tempered – high-strength structural steel,6
,,,1,Steel database with labelled clusters,,,AISI 1060 Steel,Ultimate tensile strength,772.0,MPa,Yield strength,421.0,MPa,Ductility,18.0,%,0.0,0.0,0.605,0.0,0.0,0.0,0.0,0.0,0.0,0.0,0.04,0.05,0.0,0.0,0.0,0.0,0.0,0.75,98.555,0.0,0.0,0.0,0.0,0.0,0.0,0.0,0.0,0.0,0.0,0.0,0.0,0.0,0.0,0.0,0.0,0.0,,,"Normalized At 900C (1650F), Air Cooled, 25 mm (1 In.) Round","Normalized At 900C (1650F), Air Cooled, 25 mm (1 In.) Round",1783,4,Normalized (air cooled) – general-purpose steel,4
,,,1,Steel database with labelled clusters,,,AISI 8630H Steel,Ultimate tensile strength,650.0,MPa,Yield strength,425.0,MPa,Ductility,23.0,%,0.0,0.0,0.3,0.0,0.0,0.0,0.0,0.0,0.0,0.2249999999999999,0.035,0.04,0.0,0.0,0.0,0.0,0.5,0.8,97.35,0.0,0.55,0.0,0.0,0.0,0.0,0.0,0.0,0.2,0.0,0.0,0.0,0.0,0.0,0.0,0.0,0.0,,,"Normalized, 25 mm (1 In.) Round","Normalized, 25 mm (1 In.) Round",827,9,Normalized – general-purpose steel (round normalized stock),9
,,,1,Steel database with labelled clusters,,,AISI 4140H Steel,Ultimate tensile strength,772.0,MPa,Yield strength,580.0,MPa,Ductility,23.0,%,0.0,0.0,0.405,0.0,0.0,0.0,0.0,0.0,0.0,0.2249999999999999,0.035,0.04,0.0,0.0,0.0,0.0,0.975,0.875,97.22,0.0,0.0,0.0,0.0,0.0,0.0,0.0,0.0,0.2249999999999999,0.0,0.0,0.0,0.0,0.0,0.0,0.0,0.0,,,"Oil Quenched 845C (1550F), 650C (1200F) Temper, 100 mm (4 In.) Round","Oil Quenched 845C (1550F), 650C (1200F) Temper, 100 mm (4 In.) Round",63,6,Quenched (oil) & tempered – high-strength structural steel,6
,,,1,Steel database with labelled clusters,,,AISI 8630 Steel,Ultimate tensile strength,635.0,MPa,Yield strength,385.0,MPa,Ductility,24.0,%,0.0,0.0,0.305,0.0,0.0,0.0,0.0,0.0,0.0,0.2249999999999999,0.035,0.04,0.0,0.0,0.0,0.0,0.5,0.8,97.345,0.0,0.55,0.0,0.0,0.0,0.0,0.0,0.0,0.2,0.0,0.0,0.0,0.0,0.0,0.0,0.0,0.0,,,"Normalized, 100 mm (4 In.) Round","Normalized, 100 mm (4 In.) Round",853,9,Normalized – general-purpose steel (round normalized stock),9
,,,1,Steel database with labelled clusters,,,AISI 1025 Steel,Ultimate tensile strength,380.0,MPa,Yield strength,310.0,MPa,Ductility,15.0,%,0.0,0.0,0.25,0.0,0.0,0.0,0.0,0.0,0.0,0.0,0.04,0.05,0.0,0.0,0.0,0.0,0.0,0.4499999999999999,99.21,0.0,0.0,0.0,0.0,0.0,0.0,0.0,0.0,0.0,0.0,0.0,0.0,0.0,0.0,0.0,0.0,0.0,,,"As Drawn, 50-75 mm (2-3 In) Round","As Drawn, 50-75 mm (2-3 In) Round",1533,3,Normalized – easy-to-machine stock (cold drawn),3
,,,1,Steel database with labelled clusters,,,AISI 4320 Steel,Ultimate tensile strength,910.0,MPa,Yield strength,595.0,MPa,Ductility,22.0,%,0.0,0.0,0.195,0.0,0.0,0.0,0.0,0.0,0.0,0.2249999999999999,0.035,0.04,0.0,0.0,0.0,0.0,0.5,0.55,96.38,0.0,1.825,0.0,0.0,0.0,0.0,0.0,0.0,0.25,0.0,0.0,0.0,0.0,0.0,0.0,0.0,0.0,,,"Mock Carburized 925C (1700F) For 8 Hrs., Reheated To 815C (1500F), Oil Quenched, 150C (300F) Temper, 50 mm (2 In.) Round","Mock Carburized 925C (1700F) For 8 Hrs., Reheated To 815C (1500F), Oil Quenched, 150C (300F) Temper, 50 mm (2 In.) Round",224,8,Carburized – quenched (oil) – wear-resistant surface steel (variant),8
,,,1,Steel database with labelled clusters,,,AISI 4419 Steel,Ultimate tensile strength,505.0,MPa,Yield strength,330.0,MPa,Ductility,30.0,%,0.0,0.0,0.205,0.0,0.0,0.0,0.0,0.0,0.0,0.25,0.035,0.04,0.0,0.0,0.0,0.0,0.0,0.55,98.395,0.0,0.0,0.0,0.0,0.0,0.0,0.0,0.0,0.525,0.0,0.0,0.0,0.0,0.0,0.0,0.0,0.0,,,"Normalized At 955C (1750F), 100 mm (4 In.) Round","Normalized At 955C (1750F), 100 mm (4 In.) Round",146,4,Normalized (air cooled) – general-purpose steel,4
,,,1,Steel database with labelled clusters,,,AISI 1340H Steel,Ultimate tensile strength,703.0,MPa,Yield strength,496.0,MPa,Ductility,26.0,%,0.0,0.0,0.405,0.0,0.0,0.0,0.0,0.0,0.0,0.25,0.035,0.04,0.0,0.0,0.0,0.0,0.0,1.75,97.52,0.0,0.0,0.0,0.0,0.0,0.0,0.0,0.0,0.0,0.0,0.0,0.0,0.0,0.0,0.0,0.0,0.0,,,"Oil Quenched From 830C (1525F), 650C (1200F) Temper, 100 mm (4 In.) Round","Oil Quenched From 830C (1525F), 650C (1200F) Temper, 100 mm (4 In.) Round",1089,6,Quenched (oil) & tempered – high-strength structural steel,6
,,,1,Steel database with labelled clusters,,,AISI 4422 Steel,Ultimate tensile strength,896.0,MPa,Yield strength,640.0,MPa,Ductility,17.0,%,0.0,0.0,0.225,0.0,0.0,0.0,0.0,0.0,0.0,0.2249999999999999,0.035,0.04,0.0,0.0,0.0,0.0,0.0,0.75,98.325,0.0,0.0,0.0,0.0,0.0,0.0,0.0,0.0,0.4,0.0,0.0,0.0,0.0,0.0,0.0,0.0,0.0,,,"Heat Treated In 13.7 mm Rounds, Reheated To 870C (1600F), 150C (300F) Temper","Heat Treated In 13.7 mm Rounds, Reheated To 870C (1600F), 150C (300F) Temper",374,0,Carburized – quenched (oil) – wear-resistant surface steel,0
,,,1,Steel database with labelled clusters,,,ASTM A533 Low Alloy Steel,Ultimate tensile strength,550.0,MPa,Yield strength,345.0,MPa,Ductility,18.0,%,0.0,0.0,0.25,0.0,0.0,0.0,0.0,0.0,0.0,0.275,0.04,0.04,0.0,0.0,0.0,0.0,0.0,1.325,96.695,0.0,0.85,0.0,0.0,0.0,0.0,0.0,0.0,0.525,0.0,0.0,0.0,0.0,0.0,0.0,0.0,0.0,,,"Grade C, Class 1","Grade C, Class 1",1401,1,Hot rolled – general construction steel,1
,,,1,Steel database with labelled clusters,,,Cast Stainless Steel CF8M,Ultimate tensile strength,485.0,MPa,Yield strength,205.0,MPa,Ductility,30.0,%,0.0,0.0,0.08,0.0,0.0,0.0,0.0,0.0,0.0,1.5,0.04,0.04,0.0,0.0,0.0,0.0,19.5,1.5,64.34,0.0,10.5,0.0,0.0,0.0,0.0,0.0,0.0,2.5,0.0,0.0,0.0,0.0,0.0,0.0,0.0,0.0,,,Astm A351,Astm A351,1152,2,Quenched (oil) – general-purpose steel (tested),2
,,,1,Steel database with labelled clusters,,,AISI 1137 Steel,Ultimate tensile strength,585.0,MPa,Yield strength,345.0,MPa,Ductility,27.0,%,0.0,0.0,0.355,0.0,0.0,0.0,0.0,0.0,0.0,0.0,0.04,0.105,0.0,0.0,0.0,0.0,0.0,1.5,98.0,0.0,0.0,0.0,0.0,0.0,0.0,0.0,0.0,0.0,0.0,0.0,0.0,0.0,0.0,0.0,0.0,0.0,,,"Annealed At 790C (1450F), Furnace Cooled 11C (20F) Per Hour To 610C (1130F), Air Cooled, 25 mm (1 In.) Round","Annealed At 790C (1450F), Furnace Cooled 11C (20F) Per Hour To 610C (1130F), Air Cooled, 25 mm (1 In.) Round",1800,7,Annealed – easy-to-machine – round annealed stock,7
,,,1,Steel database with labelled clusters,,,AISI 1008 Steel,Ultimate tensile strength,305.0,MPa,Yield strength,170.0,MPa,Ductility,30.0,%,0.0,0.0,0.1,0.0,0.0,0.0,0.0,0.0,0.0,0.0,0.04,0.05,0.0,0.0,0.0,0.0,0.0,0.4,99.41,0.0,0.0,0.0,0.0,0.0,0.0,0.0,0.0,0.0,0.0,0.0,0.0,0.0,0.0,0.0,0.0,0.0,,,"Hot Rolled Bar, 19-32 mm (0.75-1.25 In) Round","Hot Rolled Bar, 19-32 mm (0.75-1.25 In) Round",1476,2,Quenched (oil) – general-purpose steel (tested),2
,,,1,Steel database with labelled clusters,,,AISI 1045 Steel,Ultimate tensile strength,675.0,MPa,Yield strength,405.0,MPa,Ductility,24.0,%,0.0,0.0,0.4599999999999999,0.0,0.0,0.0,0.0,0.0,0.0,0.0,0.04,0.05,0.0,0.0,0.0,0.0,0.0,0.75,98.7,0.0,0.0,0.0,0.0,0.0,0.0,0.0,0.0,0.0,0.0,0.0,0.0,0.0,0.0,0.0,0.0,0.0,,,"Turned, Ground, And Polished, 19-32 mm (0.75-1.25 In) Round","Turned, Ground, And Polished, 19-32 mm (0.75-1.25 In) Round",1582,3,Normalized – easy-to-machine stock (cold drawn),3
,,,1,Steel database with labelled clusters,,,ASTM A570 Steel,Ultimate tensile strength,415.0,MPa,Yield strength,310.0,MPa,Ductility,12.0,%,0.0,0.0,0.25,0.0,0.0,0.0,0.0,0.0,0.0,0.0,0.04,0.05,0.0,0.0,0.0,0.0,0.0,1.35,98.11,0.0,0.0,0.2,0.0,0.0,0.0,0.0,0.0,0.0,0.0,0.0,0.0,0.0,0.0,0.0,0.0,0.0,,,Grade 45,Grade 45,1245,1,Hot rolled – general construction steel,1
,,,1,Steel database with labelled clusters,,,AISI 4118H Steel,Ultimate tensile strength,534.0,MPa,Yield strength,376.0,MPa,Ductility,34.0,%,0.0,0.0,0.2,0.0,0.0,0.0,0.0,0.0,0.0,0.2249999999999999,0.035,0.04,0.0,0.0,0.0,0.0,0.5,0.8,98.085,0.0,0.0,0.0,0.0,0.0,0.0,0.0,0.0,0.1149999999999999,0.0,0.0,0.0,0.0,0.0,0.0,0.0,0.0,,,"Normalized At 910C (1670F), Air Cooled, 50 mm (2 In.) Round","Normalized At 910C (1670F), Air Cooled, 50 mm (2 In.) Round",10,4,Normalized (air cooled) – general-purpose steel,4
,,,1,Steel database with labelled clusters,,,AISI 4820H Steel,Ultimate tensile strength,1440.0,MPa,Yield strength,1195.0,MPa,Ductility,14.0,%,0.0,0.0,0.2,0.0,0.0,0.0,0.0,0.0,0.0,0.2249999999999999,0.035,0.04,0.0,0.0,0.0,0.0,0.0,0.6000000000000001,95.15,0.0,3.5,0.0,0.0,0.0,0.0,0.0,0.0,0.25,0.0,0.0,0.0,0.0,0.0,0.0,0.0,0.0,,,"Mock Carburized, Reheated To 800C (1470F), 150C (300F) Temper, 13 mm (0.5 In.) Round","Mock Carburized, Reheated To 800C (1470F), 150C (300F) Temper, 13 mm (0.5 In.) Round",450,8,Carburized – quenched (oil) – wear-resistant surface steel (variant),8
,,,1,Steel database with labelled clusters,,,AISI 51B60 Steel,Ultimate tensile strength,965.0,MPa,Yield strength,703.0,MPa,Ductility,18.0,%,0.0,0.00175,0.6000000000000001,0.0,0.0,0.0,0.0,0.0,0.0,0.2249999999999999,0.035,0.04,0.0,0.0,0.0,0.0,0.8,0.875,97.42325,0.0,0.0,0.0,0.0,0.0,0.0,0.0,0.0,0.0,0.0,0.0,0.0,0.0,0.0,0.0,0.0,0.0,,,"Oil Quenched From 830C (1525F), 540C (1000F) Temper, 100 mm (4 In.) Round","Oil Quenched From 830C (1525F), 540C (1000F) Temper, 100 mm (4 In.) Round",709,6,Quenched (oil) & tempered – high-strength structural steel,6
,,,1,Steel database with labelled clusters,,,AISI 4419 Steel,Ultimate tensile strength,734.0,MPa,Yield strength,377.0,MPa,Ductility,21.0,%,0.0,0.0,0.205,0.0,0.0,0.0,0.0,0.0,0.0,0.25,0.035,0.04,0.0,0.0,0.0,0.0,0.0,0.55,98.395,0.0,0.0,0.0,0.0,0.0,0.0,0.0,0.0,0.525,0.0,0.0,0.0,0.0,0.0,0.0,0.0,0.0,,,"Double Quenched, 150C (300F) Temper","Double Quenched, 150C (300F) Temper",256,5,Carburized – quenched (oil) – wear-resistant surface steel (variant),5
,,,1,Steel database with labelled clusters,,,AISI 86B50 Steel,Ultimate tensile strength,1020.0,MPa,Yield strength,689.0,MPa,Ductility,14.0,%,0.0,0.00175,0.505,0.0,0.0,0.0,0.0,0.0,0.0,0.25,0.035,0.045,0.0,0.0,0.0,0.0,0.5,0.875,97.03825,0.0,0.55,0.0,0.0,0.0,0.0,0.0,0.0,0.2,0.0,0.0,0.0,0.0,0.0,0.0,0.0,0.0,,,"Normalized, 25 mm (1 In.) Round","Normalized, 25 mm (1 In.) Round",883,9,Normalized – general-purpose steel (round normalized stock),9
,,,1,Steel database with labelled clusters,,,AISI 4620H Steel,Ultimate tensile strength,910.0,MPa,Yield strength,724.0,MPa,Ductility,16.0,%,0.0,0.0,0.2,0.0,0.0,0.0,0.0,0.0,0.0,0.25,0.035,0.04,0.0,0.0,0.0,0.0,0.0,0.55,96.9,0.0,1.775,0.0,0.0,0.0,0.0,0.0,0.0,0.25,0.0,0.0,0.0,0.0,0.0,0.0,0.0,0.0,,,"Normalized, Machined To 25 mm (1 In.) Rounds, Pseudocarburized, Reheated To 800C (1470F), Quenched And Tempered","Normalized, Machined To 25 mm (1 In.) Rounds, Pseudocarburized, Reheated To 800C (1470F), Quenched And Tempered",390,0,Carburized – quenched (oil) – wear-resistant surface steel,0
,,,1,Steel database with labelled clusters,,,AISI 8822H Steel,Ultimate tensile strength,1204.0,MPa,Yield strength,805.0,MPa,Ductility,14.0,%,0.0,0.0,0.22,0.0,0.0,0.0,0.0,0.0,0.0,0.2249999999999999,0.035,0.04,0.0,0.0,0.0,0.0,0.5,0.875,97.205,0.0,0.55,0.0,0.0,0.0,0.0,0.0,0.0,0.35,0.0,0.0,0.0,0.0,0.0,0.0,0.0,0.0,,,"Normalized, Machined To 25 mm (1 In.) Rounds, Pseudocarburized, 820C (1510F) Reheat, 150C (300F) Temper","Normalized, Machined To 25 mm (1 In.) Rounds, Pseudocarburized, 820C (1510F) Reheat, 150C (300F) Temper",909,0,Carburized – quenched (oil) – wear-resistant surface steel,0
,,,1,Steel database with labelled clusters,,,AISI 9255 Steel,Ultimate tensile strength,931.0,MPa,Yield strength,565.0,MPa,Ductility,19.0,%,0.0,0.0,0.55,0.0,0.0,0.0,0.0,0.0,0.0,2.0,0.035,0.04,0.0,0.0,0.0,0.0,0.0,0.825,96.55,0.0,0.0,0.0,0.0,0.0,0.0,0.0,0.0,0.0,0.0,0.0,0.0,0.0,0.0,0.0,0.0,0.0,,,"Normalized At 900C (1650F), 50 mm (2 In.) Round","Normalized At 900C (1650F), 50 mm (2 In.) Round",925,4,Normalized (air cooled) – general-purpose steel,4
,,,1,Steel database with labelled clusters,,,AISI 1050 Steel,Ultimate tensile strength,852.0,MPa,Yield strength,524.0,MPa,Ductility,20.0,%,0.0,0.0,0.51,0.0,0.0,0.0,0.0,0.0,0.0,0.0,0.04,0.05,0.0,0.0,0.0,0.0,0.0,0.75,98.65,0.0,0.0,0.0,0.0,0.0,0.0,0.0,0.0,0.0,0.0,0.0,0.0,0.0,0.0,0.0,0.0,0.0,,,"Oil Quenched 845C (1550F), 540C (1000F) Temper, 25 mm (1 In.) Round","Oil Quenched 845C (1550F), 540C (1000F) Temper, 25 mm (1 In.) Round",1681,6,Quenched (oil) & tempered – high-strength structural steel,6
,,,1,Steel database with labelled clusters,,,ASTM A36 Steel,Ultimate tensile strength,400.0,MPa,Yield strength,250.0,MPa,Ductility,20.0,%,0.0,0.0,0.27,0.0,0.0,0.0,0.0,0.0,0.0,0.28,0.04,0.05,0.0,0.0,0.0,0.0,0.0,1.03,98.13,0.0,0.0,0.2,0.0,0.0,0.0,0.0,0.0,0.0,0.0,0.0,0.0,0.0,0.0,0.0,0.0,0.0,,,Plate,Plate,1282,2,Quenched (oil) – general-purpose steel (tested),2
,,,1,Steel database with labelled clusters,,,AISI 4620H Steel,Ultimate tensile strength,660.0,MPa,Yield strength,450.0,MPa,Ductility,27.0,%,0.0,0.0,0.2,0.0,0.0,0.0,0.0,0.0,0.0,0.25,0.035,0.04,0.0,0.0,0.0,0.0,0.0,0.55,96.9,0.0,1.775,0.0,0.0,0.0,0.0,0.0,0.0,0.25,0.0,0.0,0.0,0.0,0.0,0.0,0.0,0.0,,,"Mock Carburized, 150C (300F) Temper, 50 mm (2 In.) Round","Mock Carburized, 150C (300F) Temper, 50 mm (2 In.) Round",461,8,Carburized – quenched (oil) – wear-resistant surface steel (variant),8
,,,1,Steel database with labelled clusters,,,Cast Stainless Steel CPH20,Ultimate tensile strength,485.0,MPa,Yield strength,205.0,MPa,Ductility,30.0,%,0.0,0.0,0.2,0.0,0.0,0.0,0.0,0.0,0.0,2.0,0.04,0.04,0.0,0.0,0.0,0.0,24.0,1.5,58.72,0.0,13.5,0.0,0.0,0.0,0.0,0.0,0.0,0.0,0.0,0.0,0.0,0.0,0.0,0.0,0.0,0.0,,,Astm A451,Astm A451,1243,2,Quenched (oil) – general-purpose steel (tested),2
,,,1,Steel database with labelled clusters,,,ASTM A131 Steel,Ultimate tensile strength,490.0,MPa,Yield strength,350.0,MPa,Ductility,19.0,%,0.0,0.0,0.18,0.0,0.0,0.0,0.0,0.0,0.0,0.3,0.04,0.04,0.0,0.0,0.0,0.1,0.25,1.25,96.96,0.0,0.4,0.35,0.0,0.0,0.0,0.0,0.05,0.08,0.0,0.0,0.0,0.0,0.0,0.0,0.0,0.0,,,Grade Dh36,Grade Dh36,1179,1,Hot rolled – general construction steel,1
,,,1,Steel database with labelled clusters,,,AISI E9310 Steel,Ultimate tensile strength,1000.0,MPa,Yield strength,814.0,MPa,Ductility,15.0,%,0.0,0.0,0.105,0.0,0.0,0.0,0.0,0.0,0.0,0.275,0.025,0.025,0.0,0.0,0.0,0.0,1.2,0.55,94.455,0.0,3.25,0.0,0.0,0.0,0.0,0.0,0.0,0.1149999999999999,0.0,0.0,0.0,0.0,0.0,0.0,0.0,0.0,,,"Normalized, Machined To 25 mm (1 In.) Rounds, Pseudocarburized, 775C (1430F) Reheat, 150C (300F) Temper","Normalized, Machined To 25 mm (1 In.) Rounds, Pseudocarburized, 775C (1430F) Reheat, 150C (300F) Temper",959,0,Carburized – quenched (oil) – wear-resistant surface steel,0
,,,1,Steel database with labelled clusters,,,AISI 4422 Steel,Ultimate tensile strength,820.0,MPa,Yield strength,385.0,MPa,Ductility,17.0,%,0.0,0.0,0.225,0.0,0.0,0.0,0.0,0.0,0.0,0.2249999999999999,0.035,0.04,0.0,0.0,0.0,0.0,0.0,0.75,98.325,0.0,0.0,0.0,0.0,0.0,0.0,0.0,0.0,0.4,0.0,0.0,0.0,0.0,0.0,0.0,0.0,0.0,,,"Heat Treated In 25 mm Rounds, Reheated To 775C (1425F), 150C (300F) Temper","Heat Treated In 25 mm Rounds, Reheated To 775C (1425F), 150C (300F) Temper",502,0,Carburized – quenched (oil) – wear-resistant surface steel,0
,,,1,Steel database with labelled clusters,,,AISI 6150 Steel,Ultimate tensile strength,1105.0,MPa,Yield strength,1090.0,MPa,Ductility,16.0,%,0.0,0.0,0.505,0.0,0.0,0.0,0.0,0.0,0.0,0.2249999999999999,0.035,0.04,0.0,0.0,0.0,0.15,0.95,0.8,97.295,0.0,0.0,0.0,0.0,0.0,0.0,0.0,0.0,0.0,0.0,0.0,0.0,0.0,0.0,0.0,0.0,0.0,,,"Oil Quenched 845C (1550F), 595C (1100F) Temper, 13 mm (0.5 In.) Round","Oil Quenched 845C (1550F), 595C (1100F) Temper, 13 mm (0.5 In.) Round",740,6,Quenched (oil) & tempered – high-strength structural steel,6
,,,1,Steel database with labelled clusters,,,AISI 1144 Steel,Ultimate tensile strength,745.0,MPa,Yield strength,620.0,MPa,Ductility,10.0,%,0.0,0.0,0.44,0.0,0.0,0.0,0.0,0.0,0.0,0.0,0.04,0.285,0.0,0.0,0.0,0.0,0.0,1.5,97.735,0.0,0.0,0.0,0.0,0.0,0.0,0.0,0.0,0.0,0.0,0.0,0.0,0.0,0.0,0.0,0.0,0.0,,,"Cold Drawn, 19-32 mm (0.75-1.25 In) Round","Cold Drawn, 19-32 mm (0.75-1.25 In) Round",1822,3,Normalized – easy-to-machine stock (cold drawn),3
,,,1,Steel database with labelled clusters,,,AISI 8650H Steel,Ultimate tensile strength,1025.0,MPa,Yield strength,690.0,MPa,Ductility,14.0,%,0.0,0.0,0.505,0.0,0.0,0.0,0.0,0.0,0.0,0.25,0.035,0.045,0.0,0.0,0.0,0.0,0.5,0.875,97.04,0.0,0.55,0.0,0.0,0.0,0.0,0.0,0.0,0.2,0.0,0.0,0.0,0.0,0.0,0.0,0.0,0.0,,,Normalized 870C (1600F),Normalized 870C (1600F),869,4,Normalized (air cooled) – general-purpose steel,4
,,,1,Steel database with labelled clusters,,,AISI 8620H Steel,Ultimate tensile strength,786.0,MPa,Yield strength,495.0,MPa,Ductility,22.0,%,0.0,0.0,0.205,0.0,0.0,0.0,0.0,0.0,0.0,0.25,0.035,0.04,0.0,0.0,0.0,0.0,0.5,0.7749999999999999,97.445,0.0,0.55,0.0,0.0,0.0,0.0,0.0,0.0,0.2,0.0,0.0,0.0,0.0,0.0,0.0,0.0,0.0,,,"Mock Carburized, Reheated And Oil Quenched, 230C (450F) Temper, 50 mm (2 In.) Round","Mock Carburized, Reheated And Oil Quenched, 230C (450F) Temper, 50 mm (2 In.) Round",732,8,Carburized – quenched (oil) – wear-resistant surface steel (variant),8
,,,1,Steel database with labelled clusters,,,AISI 5150 Steel,Ultimate tensile strength,869.0,MPa,Yield strength,530.0,MPa,Ductility,20.0,%,0.0,0.0,0.505,0.0,0.0,0.0,0.0,0.0,0.0,0.2249999999999999,0.035,0.04,0.0,0.0,0.0,0.0,0.8,0.8,97.595,0.0,0.0,0.0,0.0,0.0,0.0,0.0,0.0,0.0,0.0,0.0,0.0,0.0,0.0,0.0,0.0,0.0,,,"Normalized, 25 mm (1 In.) Round","Normalized, 25 mm (1 In.) Round",540,9,Normalized – general-purpose steel (round normalized stock),9
,,,1,Steel database with labelled clusters,,,AISI 8620 Steel,Ultimate tensile strength,1250.0,MPa,Yield strength,926.0,MPa,Ductility,12.0,%,0.0,0.0,0.205,0.0,0.0,0.0,0.0,0.0,0.0,0.25,0.035,0.04,0.0,0.0,0.0,0.0,0.5,0.8,97.42,0.0,0.55,0.0,0.0,0.0,0.0,0.0,0.0,0.2,0.0,0.0,0.0,0.0,0.0,0.0,0.0,0.0,,,"Direct Quenched From Pot, 230C (450F) Temper, Carburized","Direct Quenched From Pot, 230C (450F) Temper, Carburized",698,5,Carburized – quenched (oil) – wear-resistant surface steel (variant),5
,,,1,Steel database with labelled clusters,,,ASTM A738 Carbon Steel,Ultimate tensile strength,485.0,MPa,Yield strength,315.0,MPa,Ductility,20.0,%,0.0,0.0,0.2,0.0,0.0,0.0,0.0,0.0,0.0,0.35,0.03,0.03,0.0,0.0,0.0,0.08,0.25,1.6,96.78,0.0,0.25,0.35,0.0,0.0,0.0,0.0,0.0,0.08,0.0,0.0,0.0,0.0,0.0,0.0,0.0,0.0,,,Grade C,Grade C,1372,1,Hot rolled – general construction steel,1
,,,1,Steel database with labelled clusters,,,ASTM A387 Alloy Steel,Ultimate tensile strength,515.0,MPa,Yield strength,310.0,MPa,Ductility,18.0,%,0.0,0.0,0.17,0.0,0.0,0.0,0.0,0.0,0.0,0.65,0.04,0.04,0.0,0.0,0.0,0.0,1.25,0.525,96.775,0.0,0.0,0.0,0.0,0.0,0.0,0.0,0.0,0.55,0.0,0.0,0.0,0.0,0.0,0.0,0.0,0.0,,,"Grade 11, Class 2","Grade 11, Class 2",1354,1,Hot rolled – general construction steel,1
,,,1,Steel database with labelled clusters,,,ASTM A710 Steel,Ultimate tensile strength,495.0,MPa,Yield strength,415.0,MPa,Ductility,20.0,%,0.0,0.0,0.07,0.0,0.0,0.0,0.0,0.0,0.0,0.4,0.025,0.025,0.0,0.0,0.0,0.0,0.75,0.55,95.96,0.0,0.85,1.15,0.0,0.0,0.0,0.0,0.02,0.2,0.0,0.0,0.0,0.0,0.0,0.0,0.0,0.0,,,"Grade A, Class 2, 25 - 50 mm Inclusive","Grade A, Class 2, 25 - 50 mm Inclusive",1155,1,Hot rolled – general construction steel,1
,,,1,Steel database with labelled clusters,,,AISI 1340 Steel,Ultimate tensile strength,827.0,MPa,Yield strength,496.0,MPa,Ductility,21.0,%,0.0,0.0,0.405,0.0,0.0,0.0,0.0,0.0,0.0,0.25,0.035,0.04,0.0,0.0,0.0,0.0,0.0,1.75,97.52,0.0,0.0,0.0,0.0,0.0,0.0,0.0,0.0,0.0,0.0,0.0,0.0,0.0,0.0,0.0,0.0,0.0,,,"Normalized At 870C (1600F), Air Cooled, 100 mm (4 In.) Round","Normalized At 870C (1600F), Air Cooled, 100 mm (4 In.) Round",1032,4,Normalized (air cooled) – general-purpose steel,4
,,,1,Steel database with labelled clusters,,,AISI E4340 Steel,Ultimate tensile strength,1000.0,MPa,Yield strength,938.0,MPa,Ductility,20.0,%,0.0,0.0,0.405,0.0,0.0,0.0,0.0,0.0,0.0,0.2249999999999999,0.025,0.02,0.0,0.0,0.0,0.0,0.8,0.75,95.7,0.0,1.825,0.0,0.0,0.0,0.0,0.0,0.0,0.25,0.0,0.0,0.0,0.0,0.0,0.0,0.0,0.0,,,"Oil Quenched 800C (1470F), 650C (1200F) Temper, 13 mm (0.5 In.) Round","Oil Quenched 800C (1470F), 650C (1200F) Temper, 13 mm (0.5 In.) Round",373,6,Quenched (oil) & tempered – high-strength structural steel,6
,,,1,Steel database with labelled clusters,,,AISI 5160 Steel,Ultimate tensile strength,958.0,MPa,Yield strength,530.0,MPa,Ductility,17.0,%,0.0,0.0,0.6000000000000001,0.0,0.0,0.0,0.0,0.0,0.0,0.2249999999999999,0.035,0.04,0.0,0.0,0.0,0.0,0.8,0.875,97.425,0.0,0.0,0.0,0.0,0.0,0.0,0.0,0.0,0.0,0.0,0.0,0.0,0.0,0.0,0.0,0.0,0.0,,,"Normalized, 25 mm (1 In.) Round","Normalized, 25 mm (1 In.) Round",668,9,Normalized – general-purpose steel (round normalized stock),9
,,,1,Steel database with labelled clusters,,,AISI 1022 Steel,Ultimate tensile strength,475.0,MPa,Yield strength,400.0,MPa,Ductility,15.0,%,0.0,0.0,0.2,0.0,0.0,0.0,0.0,0.0,0.0,0.0,0.04,0.05,0.0,0.0,0.0,0.0,0.0,0.85,98.86,0.0,0.0,0.0,0.0,0.0,0.0,0.0,0.0,0.0,0.0,0.0,0.0,0.0,0.0,0.0,0.0,0.0,,,Cold Drawn Round (19 - 32 mm),Cold Drawn Round (19 - 32 mm),1507,3,Normalized – easy-to-machine stock (cold drawn),3
,,,1,Steel database with labelled clusters,,,AISI 4620 Steel,Ultimate tensile strength,796.0,MPa,Yield strength,557.0,MPa,Ductility,20.0,%,0.0,0.0,0.195,0.0,0.0,0.0,0.0,0.0,0.0,0.25,0.035,0.04,0.0,0.0,0.0,0.0,0.0,0.55,96.855,0.0,1.825,0.0,0.0,0.0,0.0,0.0,0.0,0.25,0.0,0.0,0.0,0.0,0.0,0.0,0.0,0.0,,,"Single Quenched And Tempered, Carburized, Oil Quenched, 230C (450F) Temper","Single Quenched And Tempered, Carburized, Oil Quenched, 230C (450F) Temper",358,5,Carburized – quenched (oil) – wear-resistant surface steel (variant),5
,,,1,Steel database with labelled clusters,,,AISI E9310H Steel,Ultimate tensile strength,1096.0,MPa,Yield strength,848.0,MPa,Ductility,15.0,%,0.0,0.0,0.1,0.0,0.0,0.0,0.0,0.0,0.0,0.2249999999999999,0.0,0.05,0.0,0.0,0.0,0.0,1.225,0.55,94.485,0.0,3.25,0.0,0.0,0.0,0.0,0.0,0.0,0.1149999999999999,0.0,0.0,0.0,0.0,0.0,0.0,0.0,0.0,,,"Mock Carburized, 790C (1450F) Reheat, 150C (300F) Temper, 25 mm (1 In.) Round","Mock Carburized, 790C (1450F) Reheat, 150C (300F) Temper, 25 mm (1 In.) Round",968,8,Carburized – quenched (oil) – wear-resistant surface steel (variant),8
,,,1,Steel database with labelled clusters,,,AISI 8630H Steel,Ultimate tensile strength,931.0,MPa,Yield strength,850.0,MPa,Ductility,18.0,%,0.0,0.0,0.3,0.0,0.0,0.0,0.0,0.0,0.0,0.2249999999999999,0.035,0.04,0.0,0.0,0.0,0.0,0.5,0.8,97.35,0.0,0.55,0.0,0.0,0.0,0.0,0.0,0.0,0.2,0.0,0.0,0.0,0.0,0.0,0.0,0.0,0.0,,,"Water Quenched 845C (1550F), 540C (1000F) Temper, 25 mm (1 In.) Round","Water Quenched 845C (1550F), 540C (1000F) Temper, 25 mm (1 In.) Round",784,10,Quenched (water) & tempered – high-strength structural steel,10
,,,1,Steel database with labelled clusters,,,AISI 4150 Steel,Ultimate tensile strength,1160.0,MPa,Yield strength,731.0,MPa,Ductility,11.0,%,0.0,0.0,0.505,0.0,0.0,0.0,0.0,0.0,0.0,0.2249999999999999,0.035,0.04,0.0,0.0,0.0,0.0,0.95,0.875,97.17,0.0,0.0,0.0,0.0,0.0,0.0,0.0,0.0,0.2,0.0,0.0,0.0,0.0,0.0,0.0,0.0,0.0,,,"Normalized At 870C (1600F), Air Cooled, 25 mm (1 In.) Round","Normalized At 870C (1600F), Air Cooled, 25 mm (1 In.) Round",736,4,Normalized (air cooled) – general-purpose steel,4
,,,1,Steel database with labelled clusters,,,AISI E9310 Steel,Ultimate tensile strength,910.0,MPa,Yield strength,570.0,MPa,Ductility,18.0,%,0.0,0.0,0.105,0.0,0.0,0.0,0.0,0.0,0.0,0.275,0.025,0.025,0.0,0.0,0.0,0.0,1.2,0.55,94.455,0.0,3.25,0.0,0.0,0.0,0.0,0.0,0.0,0.1149999999999999,0.0,0.0,0.0,0.0,0.0,0.0,0.0,0.0,,,Normalized At 890C (1635F),Normalized At 890C (1635F),1036,4,Normalized (air cooled) – general-purpose steel,4
,,,1,Steel database with labelled clusters,,,AISI E9310 Steel,Ultimate tensile strength,1076.0,MPa,Yield strength,917.0,MPa,Ductility,15.0,%,0.0,0.0,0.105,0.0,0.0,0.0,0.0,0.0,0.0,0.275,0.025,0.025,0.0,0.0,0.0,0.0,1.2,0.55,94.455,0.0,3.25,0.0,0.0,0.0,0.0,0.0,0.0,0.1149999999999999,0.0,0.0,0.0,0.0,0.0,0.0,0.0,0.0,,,"Normalized, Machined To 25 mm (1 In.) Rounds, Pseudocarburized, 800C (1470F) Reheat, 150C (300F) Temper","Normalized, Machined To 25 mm (1 In.) Rounds, Pseudocarburized, 800C (1470F) Reheat, 150C (300F) Temper",971,0,Carburized – quenched (oil) – wear-resistant surface steel,0
,,,1,Steel database with labelled clusters,,,BS 970/3(91) 070M55 Nonresulfurized Carbon Steel,Ultimate tensile strength,670.0,MPa,Yield strength,530.0,MPa,Ductility,9.0,%,0.0,0.0,0.55,0.0,0.0,0.0,0.0,0.0,0.0,0.25,0.0,0.05,0.0,0.0,0.0,0.0,0.0,0.7,98.3,0.0,0.0,0.0,0.0,0.0,0.0,0.0,0.0,0.15,0.0,0.0,0.0,0.0,0.0,0.0,0.0,0.0,,,63-76 mm (2.5 - 3.0 In) Normalized Cold Drawn,63-76 mm (2.5 - 3.0 In) Normalized Cold Drawn,1990,3,Normalized – easy-to-machine stock (cold drawn),3
,,,1,Steel database with labelled clusters,,,AISI 1020 Steel,Ultimate tensile strength,440.0,MPa,Yield strength,346.0,MPa,Ductility,35.0,%,0.0,0.0,0.2,0.0,0.0,0.0,0.0,0.0,0.0,0.0,0.04,0.05,0.0,0.0,0.0,0.0,0.0,0.4499999999999999,99.26,0.0,0.0,0.0,0.0,0.0,0.0,0.0,0.0,0.0,0.0,0.0,0.0,0.0,0.0,0.0,0.0,0.0,,,"Normalized At 925C (1700F), Air Cooled, 25 mm (1 In.) Round","Normalized At 925C (1700F), Air Cooled, 25 mm (1 In.) Round",1468,4,Normalized (air cooled) – general-purpose steel,4
,,,1,Steel database with labelled clusters,,,AISI 1006 Steel,Ultimate tensile strength,330.0,MPa,Yield strength,285.0,MPa,Ductility,20.0,%,0.0,0.0,0.08,0.0,0.0,0.0,0.0,0.0,0.0,0.0,0.04,0.05,0.0,0.0,0.0,0.0,0.0,0.325,99.505,0.0,0.0,0.0,0.0,0.0,0.0,0.0,0.0,0.0,0.0,0.0,0.0,0.0,0.0,0.0,0.0,0.0,,,Cold Drawn,Cold Drawn,1505,2,Quenched (oil) – general-purpose steel (tested),2
,,,1,Steel database with labelled clusters,,,AISI 1010 Steel,Ultimate tensile strength,365.0,MPa,Yield strength,305.0,MPa,Ductility,20.0,%,0.0,0.0,0.105,0.0,0.0,0.0,0.0,0.0,0.0,0.0,0.04,0.05,0.0,0.0,0.0,0.0,0.0,0.4499999999999999,99.355,0.0,0.0,0.0,0.0,0.0,0.0,0.0,0.0,0.0,0.0,0.0,0.0,0.0,0.0,0.0,0.0,0.0,,,Cold Drawn,Cold Drawn,1472,2,Quenched (oil) – general-purpose steel (tested),2
,,,1,Steel database with labelled clusters,,,AISI 1035 Steel,Ultimate tensile strength,550.0,MPa,Yield strength,415.0,MPa,Ductility,16.0,%,0.0,0.0,0.345,0.0,0.0,0.0,0.0,0.0,0.0,0.0,0.04,0.05,0.0,0.0,0.0,0.0,0.0,0.75,98.815,0.0,0.0,0.0,0.0,0.0,0.0,0.0,0.0,0.0,0.0,0.0,0.0,0.0,0.0,0.0,0.0,0.0,,,"Cold Drawn, High Temperature, Stress Relieved, 16-22 mm (0.625-0.875 In) Round","Cold Drawn, High Temperature, Stress Relieved, 16-22 mm (0.625-0.875 In) Round",1671,0,Carburized – quenched (oil) – wear-resistant surface steel,0
,,,1,Steel database with labelled clusters,,,AISI 1050 Steel,Ultimate tensile strength,724.0,MPa,Yield strength,441.0,MPa,Ductility,25.0,%,0.0,0.0,0.51,0.0,0.0,0.0,0.0,0.0,0.0,0.0,0.04,0.05,0.0,0.0,0.0,0.0,0.0,0.75,98.65,0.0,0.0,0.0,0.0,0.0,0.0,0.0,0.0,0.0,0.0,0.0,0.0,0.0,0.0,0.0,0.0,0.0,,,"Oil Quenched 845C (1550F), 650C (1200F) Temper, 50 mm (2 In.) Round","Oil Quenched 845C (1550F), 650C (1200F) Temper, 50 mm (2 In.) Round",1693,6,Quenched (oil) & tempered – high-strength structural steel,6
,,,1,Steel database with labelled clusters,,,AISI 8620H Steel,Ultimate tensile strength,675.0,MPa,Yield strength,385.0,MPa,Ductility,25.0,%,0.0,0.0,0.205,0.0,0.0,0.0,0.0,0.0,0.0,0.25,0.035,0.04,0.0,0.0,0.0,0.0,0.5,0.7749999999999999,97.445,0.0,0.55,0.0,0.0,0.0,0.0,0.0,0.0,0.2,0.0,0.0,0.0,0.0,0.0,0.0,0.0,0.0,,,"Mock Carburized, Reheated And Oil Quenched, 230C (450F) Temper, 100 mm (4 In.) Round","Mock Carburized, Reheated And Oil Quenched, 230C (450F) Temper, 100 mm (4 In.) Round",886,8,Carburized – quenched (oil) – wear-resistant surface steel (variant),8
,,,1,Steel database with labelled clusters,,,AISI 4140H Steel,Ultimate tensile strength,1295.0,MPa,Yield strength,1205.0,MPa,Ductility,16.0,%,0.0,0.0,0.405,0.0,0.0,0.0,0.0,0.0,0.0,0.2249999999999999,0.035,0.04,0.0,0.0,0.0,0.0,0.975,0.875,97.22,0.0,0.0,0.0,0.0,0.0,0.0,0.0,0.0,0.2249999999999999,0.0,0.0,0.0,0.0,0.0,0.0,0.0,0.0,,,"Heat Treated, Tempered 480C (900F), 25 mm (1 In.) Round","Heat Treated, Tempered 480C (900F), 25 mm (1 In.) Round",80,0,Carburized – quenched (oil) – wear-resistant surface steel,0
,,,1,Steel database with labelled clusters,,,ASTM A500 Steel,Ultimate tensile strength,425.0,MPa,Yield strength,345.0,MPa,Ductility,21.0,%,0.0,0.0,0.27,0.0,0.0,0.0,0.0,0.0,0.0,0.0,0.05,0.063,0.0,0.0,0.0,0.0,0.0,1.4,98.037,0.0,0.0,0.18,0.0,0.0,0.0,0.0,0.0,0.0,0.0,0.0,0.0,0.0,0.0,0.0,0.0,0.0,,,"Grade C, Shaped Structural Tubing","Grade C, Shaped Structural Tubing",1183,2,Quenched (oil) – general-purpose steel (tested),2
,,,1,Steel database with labelled clusters,,,AISI 8620 Steel,Ultimate tensile strength,931.0,MPa,Yield strength,758.0,MPa,Ductility,16.0,%,0.0,0.0,0.205,0.0,0.0,0.0,0.0,0.0,0.0,0.25,0.035,0.04,0.0,0.0,0.0,0.0,0.5,0.8,97.42,0.0,0.55,0.0,0.0,0.0,0.0,0.0,0.0,0.2,0.0,0.0,0.0,0.0,0.0,0.0,0.0,0.0,,,"Quenched From Carburizing Box, 25 mm (1 In.) Round","Quenched From Carburizing Box, 25 mm (1 In.) Round",815,2,Quenched (oil) – general-purpose steel (tested),2
,,,1,Steel database with labelled clusters,,,ASTM A678 Steel,Ultimate tensile strength,550.0,MPa,Yield strength,415.0,MPa,Ductility,22.0,%,0.0,0.0,0.2,0.0,0.0,0.0,0.0,0.0,0.0,0.325,0.04,0.05,0.0,0.0,0.0,0.0,0.25,1.15,97.38,0.0,0.25,0.275,0.0,0.0,0.0,0.0,0.0,0.08,0.0,0.0,0.0,0.0,0.0,0.0,0.0,0.0,,,Grade B,Grade B,1259,1,Hot rolled – general construction steel,1
,,,1,Steel database with labelled clusters,,,AISI 5140 Steel,Ultimate tensile strength,731.0,MPa,Yield strength,470.0,MPa,Ductility,24.0,%,0.0,0.0,0.405,0.0,0.0,0.0,0.0,0.0,0.0,0.2249999999999999,0.035,0.04,0.0,0.0,0.0,0.0,0.8,0.8,97.695,0.0,0.0,0.0,0.0,0.0,0.0,0.0,0.0,0.0,0.0,0.0,0.0,0.0,0.0,0.0,0.0,0.0,,,"Oil Quenched 845C (1550F), 650C (1200F) Temper, 100 mm (4 In.) Round","Oil Quenched 845C (1550F), 650C (1200F) Temper, 100 mm (4 In.) Round",672,6,Quenched (oil) & tempered – high-strength structural steel,6
,,,1,Steel database with labelled clusters,,,AISI 1025 Steel,Ultimate tensile strength,485.0,MPa,Yield strength,415.0,MPa,Ductility,18.0,%,0.0,0.0,0.25,0.0,0.0,0.0,0.0,0.0,0.0,0.0,0.04,0.05,0.0,0.0,0.0,0.0,0.0,0.4499999999999999,99.21,0.0,0.0,0.0,0.0,0.0,0.0,0.0,0.0,0.0,0.0,0.0,0.0,0.0,0.0,0.0,0.0,0.0,,,"As Drawn, 16-22 mm (0.625-0.875 In) Round","As Drawn, 16-22 mm (0.625-0.875 In) Round",1513,3,Normalized – easy-to-machine stock (cold drawn),3
,,,1,Steel database with labelled clusters,,,AISI 4140 Steel,Ultimate tensile strength,917.0,MPa,Yield strength,841.0,MPa,Ductility,21.0,%,0.0,0.0,0.405,0.0,0.0,0.0,0.0,0.0,0.0,0.2249999999999999,0.035,0.04,0.0,0.0,0.0,0.0,0.95,0.875,97.27,0.0,0.0,0.0,0.0,0.0,0.0,0.0,0.0,0.2,0.0,0.0,0.0,0.0,0.0,0.0,0.0,0.0,,,"Oil Quenched, 25 mm (1 In.) Round (845C (1550F) Quench, 650C (1200F) Temper)","Oil Quenched, 25 mm (1 In.) Round (845C (1550F) Quench, 650C (1200F) Temper)",58,6,Quenched (oil) & tempered – high-strength structural steel,6
,,,1,Steel database with labelled clusters,,,AISI 4150H Steel,Ultimate tensile strength,1145.0,MPa,Yield strength,1034.0,MPa,Ductility,15.0,%,0.0,0.0,0.505,0.0,0.0,0.0,0.0,0.0,0.0,0.2249999999999999,0.035,0.04,0.0,0.0,0.0,0.0,0.975,0.875,97.145,0.0,0.0,0.0,0.0,0.0,0.0,0.0,0.0,0.2,0.0,0.0,0.0,0.0,0.0,0.0,0.0,0.0,,,"Oil Quenched 830C (1525F), 595C (1100F) Temper, 25 mm (1 In.) Round","Oil Quenched 830C (1525F), 595C (1100F) Temper, 25 mm (1 In.) Round",134,6,Quenched (oil) & tempered – high-strength structural steel,6
,,,1,Steel database with labelled clusters,,,AISI Type S1 Tool Steel,Ultimate tensile strength,2310.0,MPa,Yield strength,1750.0,MPa,Ductility,9.0,%,0.0,0.0,0.475,0.0,0.0,0.0,0.0,0.0,0.0,0.68,0.03,0.03,0.0,0.0,0.0,0.23,1.4,0.25,96.405,0.0,0.0,0.0,0.0,0.0,0.0,0.0,0.0,0.5,0.0,0.0,0.0,0.0,0.0,0.0,0.0,0.0,,,"Quenched 955C (1750F), Tempered 150C (300F)","Quenched 955C (1750F), Tempered 150C (300F)",1150,5,Carburized – quenched (oil) – wear-resistant surface steel (variant),5
,,,1,Steel database with labelled clusters,,,AISI E9310 Steel,Ultimate tensile strength,1238.0,MPa,Yield strength,993.0,MPa,Ductility,15.0,%,0.0,0.0,0.105,0.0,0.0,0.0,0.0,0.0,0.0,0.275,0.025,0.025,0.0,0.0,0.0,0.0,1.2,0.55,94.455,0.0,3.25,0.0,0.0,0.0,0.0,0.0,0.0,0.1149999999999999,0.0,0.0,0.0,0.0,0.0,0.0,0.0,0.0,,,"Direct Quenched From Pot, Tempered At 150C (300F), 0.99 mm Case Depth","Direct Quenched From Pot, Tempered At 150C (300F), 0.99 mm Case Depth",934,5,Carburized – quenched (oil) – wear-resistant surface steel (variant),5
,,,1,Steel database with labelled clusters,,,AISI 1050 Steel,Ultimate tensile strength,820.0,MPa,Yield strength,607.0,MPa,Ductility,21.0,%,0.0,0.0,0.51,0.0,0.0,0.0,0.0,0.0,0.0,0.0,0.04,0.05,0.0,0.0,0.0,0.0,0.0,0.75,98.65,0.0,0.0,0.0,0.0,0.0,0.0,0.0,0.0,0.0,0.0,0.0,0.0,0.0,0.0,0.0,0.0,0.0,,,"Water Quenched From 830C (1525F), 595C (1100F) Temper, 13 mm (0.5 In.) Round","Water Quenched From 830C (1525F), 595C (1100F) Temper, 13 mm (0.5 In.) Round",1662,10,Quenched (water) & tempered – high-strength structural steel,10
,,,1,Steel database with labelled clusters,,,AISI 8630 Steel,Ultimate tensile strength,1050.0,MPa,Yield strength,1035.0,MPa,Ductility,16.0,%,0.0,0.0,0.305,0.0,0.0,0.0,0.0,0.0,0.0,0.2249999999999999,0.035,0.04,0.0,0.0,0.0,0.0,0.5,0.8,97.345,0.0,0.55,0.0,0.0,0.0,0.0,0.0,0.0,0.2,0.0,0.0,0.0,0.0,0.0,0.0,0.0,0.0,,,"Water Quenched 845C (1550F), 480C (900F) Temper, 13 mm (0.5 In.) Round","Water Quenched 845C (1550F), 480C (900F) Temper, 13 mm (0.5 In.) Round",824,10,Quenched (water) & tempered – high-strength structural steel,10
,,,1,Steel database with labelled clusters,,,ASTM A446 Steel,Ultimate tensile strength,380.0,MPa,Yield strength,275.0,MPa,Ductility,16.0,%,0.0,0.0,0.25,0.0,0.0,0.0,0.0,0.0,0.0,0.0,0.1,0.04,0.0,0.0,0.0,0.0,0.0,0.0,99.41,0.0,0.0,0.2,0.0,0.0,0.0,0.0,0.0,0.0,0.0,0.0,0.0,0.0,0.0,0.0,0.0,0.0,,,Grade C,Grade C,1227,1,Hot rolled – general construction steel,1
,,,1,Steel database with labelled clusters,,,AISI 4820 Steel,Ultimate tensile strength,807.0,MPa,Yield strength,550.0,MPa,Ductility,21.0,%,0.0,0.0,0.205,0.0,0.0,0.0,0.0,0.0,0.0,0.2249999999999999,0.035,0.04,0.0,0.0,0.0,0.0,0.0,0.6,95.145,0.0,3.5,0.0,0.0,0.0,0.0,0.0,0.0,0.25,0.0,0.0,0.0,0.0,0.0,0.0,0.0,0.0,,,"Mock Carburized, Reheated To 800C (1470F), 230C (450F) Temper, 100 mm (4 In.) Round","Mock Carburized, Reheated To 800C (1470F), 230C (450F) Temper, 100 mm (4 In.) Round",505,8,Carburized – quenched (oil) – wear-resistant surface steel (variant),8
,,,1,Steel database with labelled clusters,,,AISI Type W1 Tool Steel,Ultimate tensile strength,1475.0,MPa,Yield strength,1030.0,MPa,Ductility,12.0,%,0.0,0.0,1.1,0.0,0.0,0.0,0.0,0.0,0.0,0.25,0.025,0.025,0.0,0.0,0.0,0.1,0.15,0.25,98.0,0.0,0.0,0.0,0.0,0.0,0.0,0.0,0.0,0.1,0.0,0.0,0.0,0.0,0.0,0.0,0.0,0.0,,,Austenitized At 785-815C (1450-1500F),Austenitized At 785-815C (1450-1500F),2055,2,Quenched (oil) – general-purpose steel (tested),2
,,,1,Steel database with labelled clusters,,,AISI 4427 Steel,Ultimate tensile strength,1434.0,MPa,Yield strength,903.0,MPa,Ductility,11.0,%,0.0,0.0,0.265,0.0,0.0,0.0,0.0,0.0,0.0,0.2249999999999999,0.035,0.04,0.0,0.0,0.0,0.0,0.0,0.8,98.235,0.0,0.0,0.0,0.0,0.0,0.0,0.0,0.0,0.4,0.0,0.0,0.0,0.0,0.0,0.0,0.0,0.0,,,"Heat Treated In 13.7 mm Rounds, Oil Quenched, 150C (300F) Temper","Heat Treated In 13.7 mm Rounds, Oil Quenched, 150C (300F) Temper",348,0,Carburized – quenched (oil) – wear-resistant surface steel,0
,,,1,Steel database with labelled clusters,,,AISI E4340 Steel,Ultimate tensile strength,1145.0,MPa,Yield strength,1117.0,MPa,Ductility,17.0,%,0.0,0.0,0.405,0.0,0.0,0.0,0.0,0.0,0.0,0.2249999999999999,0.025,0.02,0.0,0.0,0.0,0.0,0.8,0.75,95.7,0.0,1.825,0.0,0.0,0.0,0.0,0.0,0.0,0.25,0.0,0.0,0.0,0.0,0.0,0.0,0.0,0.0,,,"Oil Quenched 800C (1470F), 595C (1100F) Temper, 13 mm (0.5 In.) Round","Oil Quenched 800C (1470F), 595C (1100F) Temper, 13 mm (0.5 In.) Round",387,6,Quenched (oil) & tempered – high-strength structural steel,6
,,,1,Steel database with labelled clusters,,,AISI Grade 18Ni (200) Maraging Steel,Ultimate tensile strength,1844.0,MPa,Yield strength,1780.0,MPa,Ductility,11.0,%,0.0,0.0,0.03,0.0,0.0,0.0,0.0,0.0,0.1,0.1,0.01,0.01,0.0,0.0,0.2,0.0,0.0,0.1,69.19,8.5,18.5,0.0,0.0,0.0,0.0,0.01,0.0,3.25,0.0,0.0,0.0,0.0,0.0,0.0,0.0,0.0,,,"Aged, 32 mm Round Bar, Tested In Longitudinal Direction","Aged, 32 mm Round Bar, Tested In Longitudinal Direction",1025,2,Quenched (oil) – general-purpose steel (tested),2
,,,1,Steel database with labelled clusters,,,AISI 8620H Steel,Ultimate tensile strength,1380.0,MPa,Yield strength,1085.0,MPa,Ductility,13.0,%,0.0,0.0,0.205,0.0,0.0,0.0,0.0,0.0,0.0,0.25,0.035,0.04,0.0,0.0,0.0,0.0,0.5,0.7749999999999999,97.445,0.0,0.55,0.0,0.0,0.0,0.0,0.0,0.0,0.2,0.0,0.0,0.0,0.0,0.0,0.0,0.0,0.0,,,"Mock Carburized, Reheated And Oil Quenched, 150C (300F) Temper, 13 mm (0.5 In.) Round","Mock Carburized, Reheated And Oil Quenched, 150C (300F) Temper, 13 mm (0.5 In.) Round",895,8,Carburized – quenched (oil) – wear-resistant surface steel (variant),8
,,,1,Steel database with labelled clusters,,,AISI 8640 Steel,Ultimate tensile strength,945.0,MPa,Yield strength,814.0,MPa,Ductility,22.0,%,0.0,0.0,0.405,0.0,0.0,0.0,0.0,0.0,0.0,0.2249999999999999,0.035,0.04,0.0,0.0,0.0,0.0,0.5,0.875,97.17,0.0,0.55,0.0,0.0,0.0,0.0,0.0,0.0,0.2,0.0,0.0,0.0,0.0,0.0,0.0,0.0,0.0,,,"Oil Quenched 845C (1550F), 540C (1000F) Temper, 75 mm Round","Oil Quenched 845C (1550F), 540C (1000F) Temper, 75 mm Round",829,6,Quenched (oil) & tempered – high-strength structural steel,6
,,,1,Steel database with labelled clusters,,,AISI 1095 Steel,Ultimate tensile strength,655.0,MPa,Yield strength,380.0,MPa,Ductility,13.0,%,0.0,0.0,0.965,0.0,0.0,0.0,0.0,0.0,0.0,0.0,0.04,0.05,0.0,0.0,0.0,0.0,0.0,0.4,98.545,0.0,0.0,0.0,0.0,0.0,0.0,0.0,0.0,0.0,0.0,0.0,0.0,0.0,0.0,0.0,0.0,0.0,,,"Annealed At 790C (1450F), Furnace Cooled 11C (20F) Per Hour To 665C (1230F), Air Cooled, 25 mm (1 In.) Round","Annealed At 790C (1450F), Furnace Cooled 11C (20F) Per Hour To 665C (1230F), Air Cooled, 25 mm (1 In.) Round",1863,7,Annealed – easy-to-machine – round annealed stock,7
,,,1,Steel database with labelled clusters,,,AISI 4718 Steel,Ultimate tensile strength,1159.0,MPa,Yield strength,834.0,MPa,Ductility,13.0,%,0.0,0.0,0.185,0.0,0.0,0.0,0.0,0.0,0.0,0.275,0.04,0.04,0.0,0.0,0.0,0.0,0.45,0.8,96.81,0.0,1.05,0.0,0.0,0.0,0.0,0.0,0.0,0.35,0.0,0.0,0.0,0.0,0.0,0.0,0.0,0.0,,,"Pseudocarburized, Reheated To 800C (1470F) And Oil Quenched, 150C (300F) Temper, 13.7 mm Round","Pseudocarburized, Reheated To 800C (1470F) And Oil Quenched, 150C (300F) Temper, 13.7 mm Round",476,0,Carburized – quenched (oil) – wear-resistant surface steel,0
,,,1,Steel database with labelled clusters,,,ASTM A517 Low Alloy Steel,Ultimate tensile strength,795.0,MPa,Yield strength,690.0,MPa,Ductility,16.0,%,0.0,0.003,0.11,0.0,0.0,0.0,0.0,0.0,0.0,0.5,0.04,0.01,0.0,0.0,0.0,0.055,0.0,1.35,97.407,0.0,0.0,0.0,0.0,0.0,0.0,0.0,0.0,0.525,0.0,0.0,0.0,0.0,0.0,0.0,0.0,0.0,,,Grade T,Grade T,1452,1,Hot rolled – general construction steel,1
,,,1,Steel database with labelled clusters,,,AISI 1045 Steel,Ultimate tensile strength,655.0,MPa,Yield strength,515.0,MPa,Ductility,15.0,%,0.0,0.0,0.4599999999999999,0.0,0.0,0.0,0.0,0.0,0.0,0.0,0.04,0.05,0.0,0.0,0.0,0.0,0.0,0.75,98.7,0.0,0.0,0.0,0.0,0.0,0.0,0.0,0.0,0.0,0.0,0.0,0.0,0.0,0.0,0.0,0.0,0.0,,,"Cold Drawn, High Temperature, Stress Relieved, 16-22 mm (0.625-0.875 In) Round","Cold Drawn, High Temperature, Stress Relieved, 16-22 mm (0.625-0.875 In) Round",1755,0,Carburized – quenched (oil) – wear-resistant surface steel,0
,,,1,Steel database with labelled clusters,,,AISI 5160H Steel,Ultimate tensile strength,1000.0,MPa,Yield strength,869.0,MPa,Ductility,18.0,%,0.0,0.0,0.6000000000000001,0.0,0.0,0.0,0.0,0.0,0.0,0.2249999999999999,0.035,0.04,0.0,0.0,0.0,0.0,0.8,0.875,97.425,0.0,0.0,0.0,0.0,0.0,0.0,0.0,0.0,0.0,0.0,0.0,0.0,0.0,0.0,0.0,0.0,0.0,,,"Oil Quenched From 830C (1525F), 595C (1100F) Temper, 25 mm (1 In.) Round","Oil Quenched From 830C (1525F), 595C (1100F) Temper, 25 mm (1 In.) Round",653,6,Quenched (oil) & tempered – high-strength structural steel,6
,,,1,Steel database with labelled clusters,,,AISI 4118H Steel,Ultimate tensile strength,820.0,MPa,Yield strength,445.0,MPa,Ductility,21.0,%,0.0,0.0,0.2,0.0,0.0,0.0,0.0,0.0,0.0,0.2249999999999999,0.035,0.04,0.0,0.0,0.0,0.0,0.5,0.8,98.085,0.0,0.0,0.0,0.0,0.0,0.0,0.0,0.0,0.1149999999999999,0.0,0.0,0.0,0.0,0.0,0.0,0.0,0.0,,,"Mock Carburized At 925C (1700F) For 8 Hours, Reheated To 830C (1525F), Oil Quenched, 150C (300F) Temper, 25 mm (1 In.) Round","Mock Carburized At 925C (1700F) For 8 Hours, Reheated To 830C (1525F), Oil Quenched, 150C (300F) Temper, 25 mm (1 In.) Round",173,8,Carburized – quenched (oil) – wear-resistant surface steel (variant),8
,,,1,Steel database with labelled clusters,,,Cast Stainless Steel CF8C,Ultimate tensile strength,485.0,MPa,Yield strength,205.0,MPa,Ductility,30.0,%,0.0,0.0,0.08,0.0,0.0,0.0,0.0,0.0,0.0,2.0,0.04,0.04,0.0,0.0,0.0,0.0,19.5,1.5,66.34,0.0,10.5,0.0,0.0,0.0,0.0,0.0,0.0,0.0,0.0,0.0,0.0,0.0,0.0,0.0,0.0,0.0,,,Astm A744,Astm A744,1159,2,Quenched (oil) – general-purpose steel (tested),2
,,,1,Steel database with labelled clusters,,,AISI 4140 Steel,Ultimate tensile strength,1795.0,MPa,Yield strength,1515.0,MPa,Ductility,8.0,%,0.0,0.0,0.405,0.0,0.0,0.0,0.0,0.0,0.0,0.2249999999999999,0.035,0.04,0.0,0.0,0.0,0.0,0.95,0.875,97.27,0.0,0.0,0.0,0.0,0.0,0.0,0.0,0.0,0.2,0.0,0.0,0.0,0.0,0.0,0.0,0.0,0.0,,,"Oil Quenched, 205C (400F) Temper, 25 mm (1 In.) Round","Oil Quenched, 205C (400F) Temper, 25 mm (1 In.) Round",39,6,Quenched (oil) & tempered – high-strength structural steel,6
,,,1,Steel database with labelled clusters,,,AISI 8620H Steel,Ultimate tensile strength,1300.0,MPa,Yield strength,1033.0,MPa,Ductility,11.0,%,0.0,0.0,0.205,0.0,0.0,0.0,0.0,0.0,0.0,0.25,0.035,0.04,0.0,0.0,0.0,0.0,0.5,0.7749999999999999,97.445,0.0,0.55,0.0,0.0,0.0,0.0,0.0,0.0,0.2,0.0,0.0,0.0,0.0,0.0,0.0,0.0,0.0,,,"Single Quenched And Tempered (150C (300F)), Carburized","Single Quenched And Tempered (150C (300F)), Carburized",714,5,Carburized – quenched (oil) – wear-resistant surface steel (variant),5
,,,1,Steel database with labelled clusters,,,AISI 4023 Steel,Ultimate tensile strength,1050.0,MPa,Yield strength,786.0,MPa,Ductility,15.0,%,0.0,0.0,0.225,0.0,0.0,0.0,0.0,0.0,0.0,0.25,0.035,0.04,0.0,0.0,0.0,0.0,0.0,0.8,98.4,0.0,0.0,0.0,0.0,0.0,0.0,0.0,0.0,0.25,0.0,0.0,0.0,0.0,0.0,0.0,0.0,0.0,,,"Normalized At 925C (1700F), Machined To 13.7 mm (0.540 In.) Rounds, Pseudocarburized At 925C (1700F) And Oil Quenched, 150C (300F) Temper","Normalized At 925C (1700F), Machined To 13.7 mm (0.540 In.) Rounds, Pseudocarburized At 925C (1700F) And Oil Quenched, 150C (300F) Temper",91,0,Carburized – quenched (oil) – wear-resistant surface steel,0
,,,1,Steel database with labelled clusters,,,AISI 1095 Steel,Ultimate tensile strength,965.0,MPa,Yield strength,570.0,MPa,Ductility,9.0,%,0.0,0.0,0.965,0.0,0.0,0.0,0.0,0.0,0.0,0.0,0.04,0.05,0.0,0.0,0.0,0.0,0.0,0.4,98.545,0.0,0.0,0.0,0.0,0.0,0.0,0.0,0.0,0.0,0.0,0.0,0.0,0.0,0.0,0.0,0.0,0.0,,,As Rolled,As Rolled,1920,2,Quenched (oil) – general-purpose steel (tested),2
,,,1,Steel database with labelled clusters,,,ASTM A570 Steel,Ultimate tensile strength,380.0,MPa,Yield strength,275.0,MPa,Ductility,14.0,%,0.0,0.0,0.25,0.0,0.0,0.0,0.0,0.0,0.0,0.0,0.04,0.05,0.0,0.0,0.0,0.0,0.0,0.9,98.56,0.0,0.0,0.2,0.0,0.0,0.0,0.0,0.0,0.0,0.0,0.0,0.0,0.0,0.0,0.0,0.0,0.0,,,Grade 40,Grade 40,1218,1,Hot rolled – general construction steel,1
,,,1,Steel database with labelled clusters,,,AISI 8630H Steel,Ultimate tensile strength,958.0,MPa,Yield strength,910.0,MPa,Ductility,18.0,%,0.0,0.0,0.3,0.0,0.0,0.0,0.0,0.0,0.0,0.2249999999999999,0.035,0.04,0.0,0.0,0.0,0.0,0.5,0.8,97.35,0.0,0.55,0.0,0.0,0.0,0.0,0.0,0.0,0.2,0.0,0.0,0.0,0.0,0.0,0.0,0.0,0.0,,,"Water Quenched 845C (1550F), 540C (1000F) Temper, 13 mm (0.5 In.) Round","Water Quenched 845C (1550F), 540C (1000F) Temper, 13 mm (0.5 In.) Round",876,10,Quenched (water) & tempered – high-strength structural steel,10
,,,1,Steel database with labelled clusters,,,ASTM A203 Low Alloy Steel,Ultimate tensile strength,515.0,MPa,Yield strength,345.0,MPa,Ductility,20.0,%,0.0,0.0,0.23,0.0,0.0,0.0,0.0,0.0,0.0,0.275,0.04,0.04,0.0,0.0,0.0,0.0,0.0,0.8,95.115,0.0,3.5,0.0,0.0,0.0,0.0,0.0,0.0,0.0,0.0,0.0,0.0,0.0,0.0,0.0,0.0,0.0,,,Grade F,Grade F,1328,1,Hot rolled – general construction steel,1
,,,1,Steel database with labelled clusters,,,AISI 1340 Steel,Ultimate tensile strength,827.0,MPa,Yield strength,524.0,MPa,Ductility,23.0,%,0.0,0.0,0.405,0.0,0.0,0.0,0.0,0.0,0.0,0.25,0.035,0.04,0.0,0.0,0.0,0.0,0.0,1.75,97.52,0.0,0.0,0.0,0.0,0.0,0.0,0.0,0.0,0.0,0.0,0.0,0.0,0.0,0.0,0.0,0.0,0.0,,,"Normalized At 870C (1600F), Air Cooled, 50 mm (2 In.) Round","Normalized At 870C (1600F), Air Cooled, 50 mm (2 In.) Round",1094,4,Normalized (air cooled) – general-purpose steel,4
,,,1,Steel database with labelled clusters,,,ASTM A285,Ultimate tensile strength,380.0,MPa,Yield strength,205.0,MPa,Ductility,23.0,%,0.0,0.0,0.28,0.0,0.0,0.0,0.0,0.0,0.0,0.0,0.035,0.04,0.0,0.0,0.0,0.0,0.0,0.9,98.745,0.0,0.0,0.0,0.0,0.0,0.0,0.0,0.0,0.0,0.0,0.0,0.0,0.0,0.0,0.0,0.0,0.0,,,Grade C,Grade C,1165,1,Hot rolled – general construction steel,1
,,,1,Steel database with labelled clusters,,,AISI 1040 Steel,Ultimate tensile strength,515.0,MPa,Yield strength,415.0,MPa,Ductility,15.0,%,0.0,0.0,0.405,0.0,0.0,0.0,0.0,0.0,0.0,0.0,0.04,0.05,0.0,0.0,0.0,0.0,0.0,0.75,98.755,0.0,0.0,0.0,0.0,0.0,0.0,0.0,0.0,0.0,0.0,0.0,0.0,0.0,0.0,0.0,0.0,0.0,,,"Cold Drawn, High Temperature, Stress Relieved, 32-50 mm (1.25-2 In) Round","Cold Drawn, High Temperature, Stress Relieved, 32-50 mm (1.25-2 In) Round",1654,0,Carburized – quenched (oil) – wear-resistant surface steel,0
,,,1,Steel database with labelled clusters,,,AISI 1527 Steel,Ultimate tensile strength,572.0,MPa,Yield strength,483.0,MPa,Ductility,12.0,%,0.0,0.0,0.255,0.0,0.0,0.0,0.0,0.0,0.0,0.0,0.04,0.05,0.0,0.0,0.0,0.0,0.0,1.35,98.305,0.0,0.0,0.0,0.0,0.0,0.0,0.0,0.0,0.0,0.0,0.0,0.0,0.0,0.0,0.0,0.0,0.0,,,Cold Drawn Bar (Uns G15270),Cold Drawn Bar (Uns G15270),1947,2,Quenched (oil) – general-purpose steel (tested),2
,,,1,Steel database with labelled clusters,,,AISI 4150H Steel,Ultimate tensile strength,910.0,MPa,Yield strength,675.0,MPa,Ductility,20.0,%,0.0,0.0,0.505,0.0,0.0,0.0,0.0,0.0,0.0,0.2249999999999999,0.035,0.04,0.0,0.0,0.0,0.0,0.975,0.875,97.145,0.0,0.0,0.0,0.0,0.0,0.0,0.0,0.0,0.2,0.0,0.0,0.0,0.0,0.0,0.0,0.0,0.0,,,"Oil Quenched 830C (1525F), 595C (1100F) Temper, 100 mm (4 In.) Round","Oil Quenched 830C (1525F), 595C (1100F) Temper, 100 mm (4 In.) Round",500,6,Quenched (oil) & tempered – high-strength structural steel,6
,,,1,Steel database with labelled clusters,,,AISI E4340 Steel,Ultimate tensile strength,745.0,MPa,Yield strength,475.0,MPa,Ductility,22.0,%,0.0,0.0,0.405,0.0,0.0,0.0,0.0,0.0,0.0,0.2249999999999999,0.025,0.02,0.0,0.0,0.0,0.0,0.8,0.75,95.7,0.0,1.825,0.0,0.0,0.0,0.0,0.0,0.0,0.25,0.0,0.0,0.0,0.0,0.0,0.0,0.0,0.0,,,Annealed 810C (1490F),Annealed 810C (1490F),339,7,Annealed – easy-to-machine – round annealed stock,7
,,,1,Steel database with labelled clusters,,,ASTM A570 Steel,Ultimate tensile strength,340.0,MPa,Yield strength,205.0,MPa,Ductility,17.0,%,0.0,0.0,0.25,0.0,0.0,0.0,0.0,0.0,0.0,0.0,0.04,0.05,0.0,0.0,0.0,0.0,0.0,0.9,98.56,0.0,0.0,0.2,0.0,0.0,0.0,0.0,0.0,0.0,0.0,0.0,0.0,0.0,0.0,0.0,0.0,0.0,,,Grade 30,Grade 30,1200,1,Hot rolled – general construction steel,1
,,,1,Steel database with labelled clusters,,,AISI 4118 Steel,Ultimate tensile strength,583.0,MPa,Yield strength,386.0,MPa,Ductility,32.0,%,0.0,0.0,0.205,0.0,0.0,0.0,0.0,0.0,0.0,0.25,0.035,0.04,0.0,0.0,0.0,0.0,0.5,0.8,98.055,0.0,0.0,0.0,0.0,0.0,0.0,0.0,0.0,0.1149999999999999,0.0,0.0,0.0,0.0,0.0,0.0,0.0,0.0,,,"Normalized At 910C (1670F), Air Cooled, 25 mm (1 In.) Round","Normalized At 910C (1670F), Air Cooled, 25 mm (1 In.) Round",29,4,Normalized (air cooled) – general-purpose steel,4
,,,1,Steel database with labelled clusters,,,ASTM A514 Steel,Ultimate tensile strength,760.0,MPa,Yield strength,690.0,MPa,Ductility,18.0,%,0.0,0.0,0.15,0.0,0.0,0.0,0.0,0.0,0.0,0.25,0.0,0.0,0.0,0.0,0.0,0.0,0.0,1.3,97.8,0.0,0.0,0.0,0.0,0.0,0.0,0.0,0.0,0.5,0.0,0.0,0.0,0.0,0.0,0.0,0.0,0.0,,,"Grade K, Plate Thickness 19 - 64 mm","Grade K, Plate Thickness 19 - 64 mm",1230,11,plate – no special treatment – general-purpose steel,11
,,,1,Steel database with labelled clusters,,,ASTM A517 Low Alloy Steel,Ultimate tensile strength,795.0,MPa,Yield strength,690.0,MPa,Ductility,16.0,%,0.0,0.0,0.18,0.0,0.0,0.0,0.0,0.0,0.0,0.6000000000000001,0.04,0.04,0.0,0.0,0.0,0.0,0.65,0.95,97.31,0.0,0.0,0.0,0.0,0.0,0.0,0.0,0.0,0.23,0.0,0.0,0.0,0.0,0.0,0.0,0.0,0.0,,,Grade A,Grade A,1300,1,Hot rolled – general construction steel,1
,,,1,Steel database with labelled clusters,,,AISI 1118 Steel,Ultimate tensile strength,525.0,MPa,Yield strength,315.0,MPa,Ductility,32.0,%,0.0,0.0,0.17,0.0,0.0,0.0,0.0,0.0,0.0,0.0,0.04,0.105,0.0,0.0,0.0,0.0,0.0,1.45,98.235,0.0,0.0,0.0,0.0,0.0,0.0,0.0,0.0,0.0,0.0,0.0,0.0,0.0,0.0,0.0,0.0,0.0,,,As Rolled,As Rolled,1794,2,Quenched (oil) – general-purpose steel (tested),2
,,,1,Steel database with labelled clusters,,,AISI 9255 Steel,Ultimate tensile strength,917.0,MPa,Yield strength,550.0,MPa,Ductility,18.0,%,0.0,0.0,0.55,0.0,0.0,0.0,0.0,0.0,0.0,2.0,0.035,0.04,0.0,0.0,0.0,0.0,0.0,0.825,96.55,0.0,0.0,0.0,0.0,0.0,0.0,0.0,0.0,0.0,0.0,0.0,0.0,0.0,0.0,0.0,0.0,0.0,,,"Normalized At 900C (1650F), 100 mm (4 In.) Round","Normalized At 900C (1650F), 100 mm (4 In.) Round",946,4,Normalized (air cooled) – general-purpose steel,4
,,,1,Steel database with labelled clusters,,,AISI 4419 Steel,Ultimate tensile strength,712.0,MPa,Yield strength,450.0,MPa,Ductility,24.0,%,0.0,0.0,0.205,0.0,0.0,0.0,0.0,0.0,0.0,0.25,0.035,0.04,0.0,0.0,0.0,0.0,0.0,0.55,98.395,0.0,0.0,0.0,0.0,0.0,0.0,0.0,0.0,0.525,0.0,0.0,0.0,0.0,0.0,0.0,0.0,0.0,,,"Single Quenched, 150C (300F) Temper","Single Quenched, 150C (300F) Temper",170,5,Carburized – quenched (oil) – wear-resistant surface steel (variant),5
,,,1,Steel database with labelled clusters,,,ASTM A542 Low Alloy Steel,Ultimate tensile strength,585.0,MPa,Yield strength,380.0,MPa,Ductility,20.0,%,0.0,0.002,0.125,0.0,0.0,0.0,0.0,0.0,0.0,0.13,0.03,0.03,0.0,0.0,0.025,0.25,3.0,0.4499999999999999,95.458,0.0,0.25,0.25,0.0,0.0,0.0,0.0,0.0,0.0,0.0,0.0,0.0,0.0,0.0,0.0,0.0,0.0,,,"Grade C, Class 4","Grade C, Class 4",1385,1,Hot rolled – general construction steel,1
,,,1,Steel database with labelled clusters,,,Cast Stainless Steel CH20,Ultimate tensile strength,485.0,MPa,Yield strength,205.0,MPa,Ductility,30.0,%,0.0,0.0,0.12,0.0,0.0,0.0,0.0,0.0,0.0,2.0,0.04,0.04,0.0,0.0,0.0,0.0,24.0,1.5,58.3,0.0,13.5,0.0,0.0,0.0,0.0,0.0,0.0,0.5,0.0,0.0,0.0,0.0,0.0,0.0,0.0,0.0,,,Astm A351,Astm A351,1209,2,Quenched (oil) – general-purpose steel (tested),2
,,,1,Steel database with labelled clusters,,,ASTM A699 Steel,Ultimate tensile strength,585.0,MPa,Yield strength,515.0,MPa,Ductility,18.0,%,0.0,0.0,0.06,0.0,0.0,0.0,0.0,0.0,0.0,0.4,0.04,0.025,0.0,0.0,0.0,0.0,0.0,1.55,97.565,0.0,0.0,0.0,0.0,0.0,0.0,0.0,0.06,0.3,0.0,0.0,0.0,0.0,0.0,0.0,0.0,0.0,,,Class 4,Class 4,1267,1,Hot rolled – general construction steel,1
,,,1,Steel database with labelled clusters,,,AISI 8740H Steel,Ultimate tensile strength,696.0,MPa,Yield strength,415.0,MPa,Ductility,22.0,%,0.0,0.0,0.405,0.0,0.0,0.0,0.0,0.0,0.0,0.2249999999999999,0.035,0.04,0.0,0.0,0.0,0.0,0.5,0.875,97.12,0.0,0.55,0.0,0.0,0.0,0.0,0.0,0.0,0.25,0.0,0.0,0.0,0.0,0.0,0.0,0.0,0.0,,,"Annealed 815C (1500F), 25 mm (1 In.) Round","Annealed 815C (1500F), 25 mm (1 In.) Round",913,7,Annealed – easy-to-machine – round annealed stock,7
,,,1,Steel database with labelled clusters,,,AISI 4620 Steel,Ultimate tensile strength,1000.0,MPa,Yield strength,807.0,MPa,Ductility,17.0,%,0.0,0.0,0.195,0.0,0.0,0.0,0.0,0.0,0.0,0.25,0.035,0.04,0.0,0.0,0.0,0.0,0.0,0.55,96.855,0.0,1.825,0.0,0.0,0.0,0.0,0.0,0.0,0.25,0.0,0.0,0.0,0.0,0.0,0.0,0.0,0.0,,,"Normalized, Machined To 13.7 mm Rounds, Pseudocarburized, Reheated To 830C (1525F), Quenched And Tempered","Normalized, Machined To 13.7 mm Rounds, Pseudocarburized, Reheated To 830C (1525F), Quenched And Tempered",492,0,Carburized – quenched (oil) – wear-resistant surface steel,0
,,,1,Steel database with labelled clusters,,,AISI E9310 Steel,Ultimate tensile strength,1096.0,MPa,Yield strength,848.0,MPa,Ductility,15.0,%,0.0,0.0,0.105,0.0,0.0,0.0,0.0,0.0,0.0,0.275,0.025,0.025,0.0,0.0,0.0,0.0,1.2,0.55,94.455,0.0,3.25,0.0,0.0,0.0,0.0,0.0,0.0,0.1149999999999999,0.0,0.0,0.0,0.0,0.0,0.0,0.0,0.0,,,"Mock Carburized, 790C (1450F) Reheat, 150C (300F) Temper, 25 mm (1 In.) Round","Mock Carburized, 790C (1450F) Reheat, 150C (300F) Temper, 25 mm (1 In.) Round",954,8,Carburized – quenched (oil) – wear-resistant surface steel (variant),8
,,,1,Steel database with labelled clusters,,,AISI Grade 18Ni (250) Maraging Steel,Ultimate tensile strength,1731.0,MPa,Yield strength,1693.0,MPa,Ductility,10.0,%,0.0,0.0,0.03,0.0,0.0,0.0,0.0,0.0,0.1,0.1,0.01,0.01,0.0,0.0,0.4,0.0,0.0,0.1,68.44,7.5,18.5,0.0,0.0,0.0,0.0,0.01,0.0,4.8,0.0,0.0,0.0,0.0,0.0,0.0,0.0,0.0,,,"Aged, 150 mm Square Bar, Tested Longitudinal","Aged, 150 mm Square Bar, Tested Longitudinal",1098,2,Quenched (oil) – general-purpose steel (tested),2
,,,1,Steel database with labelled clusters,,,AISI 8650H Steel,Ultimate tensile strength,993.0,MPa,Yield strength,660.0,MPa,Ductility,15.0,%,0.0,0.0,0.505,0.0,0.0,0.0,0.0,0.0,0.0,0.25,0.035,0.045,0.0,0.0,0.0,0.0,0.5,0.875,97.04,0.0,0.55,0.0,0.0,0.0,0.0,0.0,0.0,0.2,0.0,0.0,0.0,0.0,0.0,0.0,0.0,0.0,,,"Normalized, 50 mm (2 In.) Round","Normalized, 50 mm (2 In.) Round",1033,9,Normalized – general-purpose steel (round normalized stock),9
,,,1,Steel database with labelled clusters,,,AISI 5160H Steel,Ultimate tensile strength,931.0,MPa,Yield strength,635.0,MPa,Ductility,20.0,%,0.0,0.0,0.6000000000000001,0.0,0.0,0.0,0.0,0.0,0.0,0.2249999999999999,0.035,0.04,0.0,0.0,0.0,0.0,0.8,0.875,97.425,0.0,0.0,0.0,0.0,0.0,0.0,0.0,0.0,0.0,0.0,0.0,0.0,0.0,0.0,0.0,0.0,0.0,,,"Oil Quenched From 830C (1525F), 595C (1100F) Temper, 50 mm (2 In.) Round","Oil Quenched From 830C (1525F), 595C (1100F) Temper, 50 mm (2 In.) Round",588,6,Quenched (oil) & tempered – high-strength structural steel,6
,,,1,Steel database with labelled clusters,,,AISI 8620 Steel,Ultimate tensile strength,565.0,MPa,Yield strength,360.0,MPa,Ductility,28.0,%,0.0,0.0,0.205,0.0,0.0,0.0,0.0,0.0,0.0,0.25,0.035,0.04,0.0,0.0,0.0,0.0,0.5,0.8,97.42,0.0,0.55,0.0,0.0,0.0,0.0,0.0,0.0,0.2,0.0,0.0,0.0,0.0,0.0,0.0,0.0,0.0,,,"Normalized, 100 mm (4 In.) Round","Normalized, 100 mm (4 In.) Round",751,9,Normalized – general-purpose steel (round normalized stock),9
,,,1,Steel database with labelled clusters,,,AISI 51B60 Steel,Ultimate tensile strength,924.0,MPa,Yield strength,510.0,MPa,Ductility,16.0,%,0.0,0.00175,0.6000000000000001,0.0,0.0,0.0,0.0,0.0,0.0,0.2249999999999999,0.035,0.04,0.0,0.0,0.0,0.0,0.8,0.875,97.42325,0.0,0.0,0.0,0.0,0.0,0.0,0.0,0.0,0.0,0.0,0.0,0.0,0.0,0.0,0.0,0.0,0.0,,,"Normalized, 50 mm (2 In.) Round","Normalized, 50 mm (2 In.) Round",658,9,Normalized – general-purpose steel (round normalized stock),9
,,,1,Steel database with labelled clusters,,,AISI 4419H Steel,Ultimate tensile strength,515.0,MPa,Yield strength,350.0,MPa,Ductility,32.0,%,0.0,0.0,0.2,0.0,0.0,0.0,0.0,0.0,0.0,0.25,0.035,0.04,0.0,0.0,0.0,0.0,0.0,0.55,98.4,0.0,0.0,0.0,0.0,0.0,0.0,0.0,0.0,0.525,0.0,0.0,0.0,0.0,0.0,0.0,0.0,0.0,,,"Normalized At 955C (1750F), 25 mm (1 In.) Round","Normalized At 955C (1750F), 25 mm (1 In.) Round",235,4,Normalized (air cooled) – general-purpose steel,4
,,,1,Steel database with labelled clusters,,,AISI 5140 Steel,Ultimate tensile strength,570.0,MPa,Yield strength,290.0,MPa,Ductility,28.0,%,0.0,0.0,0.405,0.0,0.0,0.0,0.0,0.0,0.0,0.2249999999999999,0.035,0.04,0.0,0.0,0.0,0.0,0.8,0.8,97.695,0.0,0.0,0.0,0.0,0.0,0.0,0.0,0.0,0.0,0.0,0.0,0.0,0.0,0.0,0.0,0.0,0.0,,,"Annealed 830C (1525F), 25 mm (1 In.) Round","Annealed 830C (1525F), 25 mm (1 In.) Round",733,7,Annealed – easy-to-machine – round annealed stock,7
,,,1,Steel database with labelled clusters,,,AISI 1095 Steel,Ultimate tensile strength,965.0,MPa,Yield strength,545.0,MPa,Ductility,17.0,%,0.0,0.0,0.965,0.0,0.0,0.0,0.0,0.0,0.0,0.0,0.04,0.05,0.0,0.0,0.0,0.0,0.0,0.4,98.545,0.0,0.0,0.0,0.0,0.0,0.0,0.0,0.0,0.0,0.0,0.0,0.0,0.0,0.0,0.0,0.0,0.0,,,"Oil Quenched 800C (1470F), 595C (1100F) Temper, 25 mm (1 In.) Round","Oil Quenched 800C (1470F), 595C (1100F) Temper, 25 mm (1 In.) Round",2012,6,Quenched (oil) & tempered – high-strength structural steel,6
,,,1,Steel database with labelled clusters,,,AISI 1040 Steel,Ultimate tensile strength,664.0,MPa,Yield strength,469.0,MPa,Ductility,26.0,%,0.0,0.0,0.405,0.0,0.0,0.0,0.0,0.0,0.0,0.0,0.04,0.05,0.0,0.0,0.0,0.0,0.0,0.75,98.755,0.0,0.0,0.0,0.0,0.0,0.0,0.0,0.0,0.0,0.0,0.0,0.0,0.0,0.0,0.0,0.0,0.0,,,"Oil Quenched From 855C (1570F), 540C (1000F) Temper, 25 mm (1 In.) Round","Oil Quenched From 855C (1570F), 540C (1000F) Temper, 25 mm (1 In.) Round",1612,6,Quenched (oil) & tempered – high-strength structural steel,6
,,,1,Steel database with labelled clusters,,,ASTM A135 Steel,Ultimate tensile strength,330.0,MPa,Yield strength,205.0,MPa,Ductility,35.0,%,0.0,0.0,0.25,0.0,0.0,0.0,0.0,0.0,0.0,0.0,0.05,0.06,0.0,0.0,0.0,0.0,0.0,0.95,98.69,0.0,0.0,0.0,0.0,0.0,0.0,0.0,0.0,0.0,0.0,0.0,0.0,0.0,0.0,0.0,0.0,0.0,,,Grade A,Grade A,1166,1,Hot rolled – general construction steel,1
,,,1,Steel database with labelled clusters,,,AISI 1010 Steel,Ultimate tensile strength,310.0,MPa,Yield strength,180.0,MPa,Ductility,32.0,%,0.0,0.0,0.105,0.0,0.0,0.0,0.0,0.0,0.0,0.0,0.04,0.05,0.0,0.0,0.0,0.0,0.0,0.4499999999999999,99.355,0.0,0.0,0.0,0.0,0.0,0.0,0.0,0.0,0.0,0.0,0.0,0.0,0.0,0.0,0.0,0.0,0.0,,,"Cq Sheet,1.6-5.8 mm Round Or Thickness","Cq Sheet,1.6-5.8 mm Round Or Thickness",1451,2,Quenched (oil) – general-purpose steel (tested),2
,,,1,Steel database with labelled clusters,,,AISI 1095 Steel,Ultimate tensile strength,924.0,MPa,Yield strength,530.0,MPa,Ductility,18.0,%,0.0,0.0,0.965,0.0,0.0,0.0,0.0,0.0,0.0,0.0,0.04,0.05,0.0,0.0,0.0,0.0,0.0,0.4,98.545,0.0,0.0,0.0,0.0,0.0,0.0,0.0,0.0,0.0,0.0,0.0,0.0,0.0,0.0,0.0,0.0,0.0,,,"Oil Quenched 800C (1470F), 595C (1100F) Temper, 50 mm (2 In.) Round","Oil Quenched 800C (1470F), 595C (1100F) Temper, 50 mm (2 In.) Round",1740,6,Quenched (oil) & tempered – high-strength structural steel,6
,,,1,Steel database with labelled clusters,,,AISI 1022 Steel,Ultimate tensile strength,565.0,MPa,Yield strength,346.0,MPa,Ductility,30.0,%,0.0,0.0,0.2,0.0,0.0,0.0,0.0,0.0,0.0,0.0,0.04,0.05,0.0,0.0,0.0,0.0,0.0,0.85,98.86,0.0,0.0,0.0,0.0,0.0,0.0,0.0,0.0,0.0,0.0,0.0,0.0,0.0,0.0,0.0,0.0,0.0,,,"Mock Carburized At 910C (1670F) For 8 Hours, 775C (1430F) Reheat, Water Quenched, 175C (350F) Temper, 50 mm (2 In.) Round","Mock Carburized At 910C (1670F) For 8 Hours, 775C (1430F) Reheat, Water Quenched, 175C (350F) Temper, 50 mm (2 In.) Round",1608,8,Carburized – quenched (oil) – wear-resistant surface steel (variant),8
,,,1,Steel database with labelled clusters,,,AISI 8822 Steel,Ultimate tensile strength,1524.0,MPa,Yield strength,1149.0,MPa,Ductility,13.0,%,0.0,0.0,0.225,0.0,0.0,0.0,0.0,0.0,0.0,0.2249999999999999,0.035,0.04,0.0,0.0,0.0,0.0,0.5,0.875,97.2,0.0,0.55,0.0,0.0,0.0,0.0,0.0,0.0,0.35,0.0,0.0,0.0,0.0,0.0,0.0,0.0,0.0,,,"Normalized, Machined To 13.7 mm Rounds, Pseudocarburized, 150C (300F) Temper","Normalized, Machined To 13.7 mm Rounds, Pseudocarburized, 150C (300F) Temper",935,0,Carburized – quenched (oil) – wear-resistant surface steel,0
,,,1,Steel database with labelled clusters,,,ASTM A514 Steel,Ultimate tensile strength,760.0,MPa,Yield strength,690.0,MPa,Ductility,18.0,%,0.0,0.00275,0.1649999999999999,0.0,0.0,0.0,0.0,0.0,0.0,0.275,0.04,0.04,0.0,0.0,0.0,0.055,0.525,1.125,97.02225,0.0,0.5,0.0,0.0,0.0,0.0,0.0,0.0,0.25,0.0,0.0,0.0,0.0,0.0,0.0,0.0,0.0,,,"Grade H, Plate Thickness 19 - 64 mm","Grade H, Plate Thickness 19 - 64 mm",1222,11,plate – no special treatment – general-purpose steel,11
,,,1,Steel database with labelled clusters,,,AISI E9310H Steel,Ultimate tensile strength,1200.0,MPa,Yield strength,1034.0,MPa,Ductility,15.0,%,0.0,0.0,0.1,0.0,0.0,0.0,0.0,0.0,0.0,0.2249999999999999,0.0,0.05,0.0,0.0,0.0,0.0,1.225,0.55,94.485,0.0,3.25,0.0,0.0,0.0,0.0,0.0,0.0,0.1149999999999999,0.0,0.0,0.0,0.0,0.0,0.0,0.0,0.0,,,"Normalized, Machined To 25 mm (1 In.) Rounds, Pseudocarburized, 150C (300F) Temper","Normalized, Machined To 25 mm (1 In.) Rounds, Pseudocarburized, 150C (300F) Temper",1066,0,Carburized – quenched (oil) – wear-resistant surface steel,0
,,,1,Steel database with labelled clusters,,,AISI 4130 Steel,Ultimate tensile strength,1145.0,MPa,Yield strength,1110.0,MPa,Ductility,16.0,%,0.0,0.0,0.305,0.0,0.0,0.0,0.0,0.0,0.0,0.2249999999999999,0.035,0.04,0.0,0.0,0.0,0.0,0.95,0.5,97.745,0.0,0.0,0.0,0.0,0.0,0.0,0.0,0.0,0.2,0.0,0.0,0.0,0.0,0.0,0.0,0.0,0.0,,,"Water Quenched 855C (1570F), 480C (900F) Temper, 13 mm (0.5 In.) Round","Water Quenched 855C (1570F), 480C (900F) Temper, 13 mm (0.5 In.) Round",109,10,Quenched (water) & tempered – high-strength structural steel,10
,,,1,Steel database with labelled clusters,,,AISI 1030 Steel,Ultimate tensile strength,550.0,MPa,Yield strength,370.0,MPa,Ductility,32.0,%,0.0,0.0,0.305,0.0,0.0,0.0,0.0,0.0,0.0,0.0,0.04,0.05,0.0,0.0,0.0,0.0,0.0,0.75,98.855,0.0,0.0,0.0,0.0,0.0,0.0,0.0,0.0,0.0,0.0,0.0,0.0,0.0,0.0,0.0,0.0,0.0,,,"Water Quenched From 870C (1600F), 595C (1100F) Temper, 100 mm (4 In.) Round","Water Quenched From 870C (1600F), 595C (1100F) Temper, 100 mm (4 In.) Round",1522,10,Quenched (water) & tempered – high-strength structural steel,10
,,,1,Steel database with labelled clusters,,,AISI 5160H Steel,Ultimate tensile strength,924.0,MPa,Yield strength,485.0,MPa,Ductility,14.0,%,0.0,0.0,0.6000000000000001,0.0,0.0,0.0,0.0,0.0,0.0,0.2249999999999999,0.035,0.04,0.0,0.0,0.0,0.0,0.8,0.875,97.425,0.0,0.0,0.0,0.0,0.0,0.0,0.0,0.0,0.0,0.0,0.0,0.0,0.0,0.0,0.0,0.0,0.0,,,"Normalized, 100 mm (4 In.) Round","Normalized, 100 mm (4 In.) Round",569,9,Normalized – general-purpose steel (round normalized stock),9
,,,1,Steel database with labelled clusters,,,ASTM A446 Steel,Ultimate tensile strength,450.0,MPa,Yield strength,345.0,MPa,Ductility,12.0,%,0.0,0.0,0.4,0.0,0.0,0.0,0.0,0.0,0.0,0.0,0.2,0.04,0.0,0.0,0.0,0.0,0.0,0.0,99.16,0.0,0.0,0.2,0.0,0.0,0.0,0.0,0.0,0.0,0.0,0.0,0.0,0.0,0.0,0.0,0.0,0.0,,,Grade D,Grade D,1177,1,Hot rolled – general construction steel,1
,,,1,Steel database with labelled clusters,,,Cast Stainless Steel CK20,Ultimate tensile strength,450.0,MPa,Yield strength,195.0,MPa,Ductility,30.0,%,0.0,0.0,0.2,0.0,0.0,0.0,0.0,0.0,0.0,2.0,0.04,0.04,0.0,0.0,0.0,0.0,25.0,2.0,50.22,0.0,20.5,0.0,0.0,0.0,0.0,0.0,0.0,0.0,0.0,0.0,0.0,0.0,0.0,0.0,0.0,0.0,,,Astm A743,Astm A743,1186,2,Quenched (oil) – general-purpose steel (tested),2
,,,1,Steel database with labelled clusters,,,AISI 8822 Steel,Ultimate tensile strength,1451.0,MPa,Yield strength,1041.0,MPa,Ductility,13.0,%,0.0,0.0,0.225,0.0,0.0,0.0,0.0,0.0,0.0,0.2249999999999999,0.035,0.04,0.0,0.0,0.0,0.0,0.5,0.875,97.2,0.0,0.55,0.0,0.0,0.0,0.0,0.0,0.0,0.35,0.0,0.0,0.0,0.0,0.0,0.0,0.0,0.0,,,"Normalized, Machined To 13.7 mm Rounds, Pseudocarburized, 820C (1510F) Reheat, 150C (300F) Temper","Normalized, Machined To 13.7 mm Rounds, Pseudocarburized, 820C (1510F) Reheat, 150C (300F) Temper",891,0,Carburized – quenched (oil) – wear-resistant surface steel,0
,,,1,Steel database with labelled clusters,,,AISI 8822H Steel,Ultimate tensile strength,1314.0,MPa,Yield strength,928.0,MPa,Ductility,12.0,%,0.0,0.0,0.22,0.0,0.0,0.0,0.0,0.0,0.0,0.2249999999999999,0.035,0.04,0.0,0.0,0.0,0.0,0.5,0.875,97.205,0.0,0.55,0.0,0.0,0.0,0.0,0.0,0.0,0.35,0.0,0.0,0.0,0.0,0.0,0.0,0.0,0.0,,,"Normalized, Machined To 25 mm (1 In.) Rounds, Pseudocarburized, 150C (300F) Temper","Normalized, Machined To 25 mm (1 In.) Rounds, Pseudocarburized, 150C (300F) Temper",948,0,Carburized – quenched (oil) – wear-resistant surface steel,0
,,,1,Steel database with labelled clusters,,,AISI E9310H Steel,Ultimate tensile strength,820.0,MPa,Yield strength,440.0,MPa,Ductility,17.0,%,0.0,0.0,0.1,0.0,0.0,0.0,0.0,0.0,0.0,0.2249999999999999,0.0,0.05,0.0,0.0,0.0,0.0,1.225,0.55,94.485,0.0,3.25,0.0,0.0,0.0,0.0,0.0,0.0,0.1149999999999999,0.0,0.0,0.0,0.0,0.0,0.0,0.0,0.0,,,Annealed At 845C (1550F),Annealed At 845C (1550F),1049,7,Annealed – easy-to-machine – round annealed stock,7
,,,1,Steel database with labelled clusters,,,ASTM A516 Carbon Steel,Ultimate tensile strength,485.0,MPa,Yield strength,260.0,MPa,Ductility,17.0,%,0.0,0.0,0.31,0.0,0.0,0.0,0.0,0.0,0.0,0.275,0.04,0.04,0.0,0.0,0.0,0.0,0.0,1.025,98.31,0.0,0.0,0.0,0.0,0.0,0.0,0.0,0.0,0.0,0.0,0.0,0.0,0.0,0.0,0.0,0.0,0.0,,,Grade 70,Grade 70,1329,1,Hot rolled – general construction steel,1
,,,1,Steel database with labelled clusters,,,ASTM A203 Low Alloy Steel,Ultimate tensile strength,485.0,MPa,Yield strength,275.0,MPa,Ductility,17.0,%,0.0,0.0,0.25,0.0,0.0,0.0,0.0,0.0,0.0,0.275,0.04,0.04,0.0,0.0,0.0,0.0,0.0,0.8,96.295,0.0,2.3,0.0,0.0,0.0,0.0,0.0,0.0,0.0,0.0,0.0,0.0,0.0,0.0,0.0,0.0,0.0,,,Grade B,Grade B,1349,1,Hot rolled – general construction steel,1
,,,1,Steel database with labelled clusters,,,ASTM A441 Steel,Ultimate tensile strength,460.0,MPa,Yield strength,315.0,MPa,Ductility,18.0,%,0.0,0.0,0.22,0.0,0.0,0.0,0.0,0.0,0.0,0.3,0.04,0.05,0.0,0.0,0.0,0.02,0.0,1.05,98.12,0.0,0.0,0.2,0.0,0.0,0.0,0.0,0.0,0.0,0.0,0.0,0.0,0.0,0.0,0.0,0.0,0.0,,,19-38 mm Thick,19-38 mm Thick,1428,2,Quenched (oil) – general-purpose steel (tested),2
,,,1,Steel database with labelled clusters,,,AISI 8650 Steel,Ultimate tensile strength,869.0,MPa,Yield strength,675.0,MPa,Ductility,22.0,%,0.0,0.0,0.505,0.0,0.0,0.0,0.0,0.0,0.0,0.2249999999999999,0.035,0.045,0.0,0.0,0.0,0.0,0.5,0.875,97.065,0.0,0.55,0.0,0.0,0.0,0.0,0.0,0.0,0.2,0.0,0.0,0.0,0.0,0.0,0.0,0.0,0.0,,,"Oil Quenched 800C (1470F), 595C (1100F) Temper, 100 mm (4 In.) Round","Oil Quenched 800C (1470F), 595C (1100F) Temper, 100 mm (4 In.) Round",885,6,Quenched (oil) & tempered – high-strength structural steel,6
,,,1,Steel database with labelled clusters,,,AISI 1050 Steel,Ultimate tensile strength,732.0,MPa,Yield strength,402.0,MPa,Ductility,20.0,%,0.0,0.0,0.51,0.0,0.0,0.0,0.0,0.0,0.0,0.0,0.04,0.05,0.0,0.0,0.0,0.0,0.0,0.75,98.65,0.0,0.0,0.0,0.0,0.0,0.0,0.0,0.0,0.0,0.0,0.0,0.0,0.0,0.0,0.0,0.0,0.0,,,"Normalized At 900C (1650F), Air Cooled, 50 mm (2 In.) Round","Normalized At 900C (1650F), Air Cooled, 50 mm (2 In.) Round",1652,4,Normalized (air cooled) – general-purpose steel,4
,,,1,Steel database with labelled clusters,,,AISI 8630H Steel,Ultimate tensile strength,1015.0,MPa,Yield strength,910.0,MPa,Ductility,16.0,%,0.0,0.0,0.3,0.0,0.0,0.0,0.0,0.0,0.0,0.2249999999999999,0.035,0.04,0.0,0.0,0.0,0.0,0.5,0.8,97.35,0.0,0.55,0.0,0.0,0.0,0.0,0.0,0.0,0.2,0.0,0.0,0.0,0.0,0.0,0.0,0.0,0.0,,,"Water Quenched 845C (1550F), 480C (900F) Temper, 25 mm (1 In.) Round","Water Quenched 845C (1550F), 480C (900F) Temper, 25 mm (1 In.) Round",851,10,Quenched (water) & tempered – high-strength structural steel,10
,,,1,Steel database with labelled clusters,,,AISI 8622H Steel,Ultimate tensile strength,1451.0,MPa,Yield strength,1041.0,MPa,Ductility,13.0,%,0.0,0.0,0.22,0.0,0.0,0.0,0.0,0.0,0.0,0.2249999999999999,0.035,0.04,0.0,0.0,0.0,0.0,0.495,0.7749999999999999,97.46,0.0,0.55,0.0,0.0,0.0,0.0,0.0,0.0,0.2,0.0,0.0,0.0,0.0,0.0,0.0,0.0,0.0,,,"Heat Treated, Machined To 13.7 mm Rounds, Pseudocarburized, 820C (1510F) Reheat, 150C (300F) Temper","Heat Treated, Machined To 13.7 mm Rounds, Pseudocarburized, 820C (1510F) Reheat, 150C (300F) Temper",735,0,Carburized – quenched (oil) – wear-resistant surface steel,0
,,,1,Steel database with labelled clusters,,,AISI 8620 Steel,Ultimate tensile strength,675.0,MPa,Yield strength,400.0,MPa,Ductility,24.0,%,0.0,0.0,0.205,0.0,0.0,0.0,0.0,0.0,0.0,0.25,0.035,0.04,0.0,0.0,0.0,0.0,0.5,0.8,97.42,0.0,0.55,0.0,0.0,0.0,0.0,0.0,0.0,0.2,0.0,0.0,0.0,0.0,0.0,0.0,0.0,0.0,,,"Mock Carburized, Reheated And Oil Quenched, 150C (300F) Temper, 100 mm (4 In.) Round","Mock Carburized, Reheated And Oil Quenched, 150C (300F) Temper, 100 mm (4 In.) Round",718,8,Carburized – quenched (oil) – wear-resistant surface steel (variant),8
,,,1,Steel database with labelled clusters,,,AISI 4620H Steel,Ultimate tensile strength,530.0,MPa,Yield strength,360.0,MPa,Ductility,30.0,%,0.0,0.0,0.2,0.0,0.0,0.0,0.0,0.0,0.0,0.25,0.035,0.04,0.0,0.0,0.0,0.0,0.0,0.55,96.9,0.0,1.775,0.0,0.0,0.0,0.0,0.0,0.0,0.25,0.0,0.0,0.0,0.0,0.0,0.0,0.0,0.0,,,"Normalized, 100 mm (4 In.) Round","Normalized, 100 mm (4 In.) Round",455,9,Normalized – general-purpose steel (round normalized stock),9
,,,1,Steel database with labelled clusters,,,AISI 4340 Steel,Ultimate tensile strength,1110.0,MPa,Yield strength,710.0,MPa,Ductility,13.0,%,0.0,0.0,0.4,0.0,0.0,0.0,0.0,0.0,0.0,0.2249999999999999,0.035,0.04,0.0,0.0,0.0,0.0,0.8,0.7,95.725,0.0,1.825,0.0,0.0,0.0,0.0,0.0,0.0,0.25,0.0,0.0,0.0,0.0,0.0,0.0,0.0,0.0,,,"Normalized, 100 mm (4 In.) Round","Normalized, 100 mm (4 In.) Round",265,9,Normalized – general-purpose steel (round normalized stock),9
,,,1,Steel database with labelled clusters,,,AISI 4130H Steel,Ultimate tensile strength,917.0,MPa,Yield strength,758.0,MPa,Ductility,19.0,%,0.0,0.0,0.3,0.0,0.0,0.0,0.0,0.0,0.0,0.25,0.035,0.04,0.0,0.0,0.0,0.0,0.975,0.5,97.7,0.0,0.0,0.0,0.0,0.0,0.0,0.0,0.0,0.2,0.0,0.0,0.0,0.0,0.0,0.0,0.0,0.0,,,"Water Quenched 855C (1570F), 480C (900F) Temper, 50 mm (2 In.) Round","Water Quenched 855C (1570F), 480C (900F) Temper, 50 mm (2 In.) Round",76,10,Quenched (water) & tempered – high-strength structural steel,10
,,,1,Steel database with labelled clusters,,,AISI 1050 Steel,Ultimate tensile strength,655.0,MPa,Yield strength,585.0,MPa,Ductility,11.0,%,0.0,0.0,0.51,0.0,0.0,0.0,0.0,0.0,0.0,0.0,0.04,0.05,0.0,0.0,0.0,0.0,0.0,0.75,98.65,0.0,0.0,0.0,0.0,0.0,0.0,0.0,0.0,0.0,0.0,0.0,0.0,0.0,0.0,0.0,0.0,0.0,,,"As Cold Drawn Bar, 22-32 mm (0.875-1.25 In) Round","As Cold Drawn Bar, 22-32 mm (0.875-1.25 In) Round",1637,2,Quenched (oil) – general-purpose steel (tested),2
,,,1,Steel database with labelled clusters,,,AISI 4718H Steel,Ultimate tensile strength,1068.0,MPa,Yield strength,714.0,MPa,Ductility,17.0,%,0.0,0.0,0.18,0.0,0.0,0.0,0.0,0.0,0.0,0.2249999999999999,0.04,0.04,0.0,0.0,0.0,0.0,0.4499999999999999,0.7749999999999999,96.89,0.0,1.05,0.0,0.0,0.0,0.0,0.0,0.0,0.35,0.0,0.0,0.0,0.0,0.0,0.0,0.0,0.0,,,"Pseudocarburized, Reheated To 800C (1470F) And Oil Quenched, 150C (300F) Temper, 25 mm Round","Pseudocarburized, Reheated To 800C (1470F) And Oil Quenched, 150C (300F) Temper, 25 mm Round",445,0,Carburized – quenched (oil) – wear-resistant surface steel,0
,,,1,Steel database with labelled clusters,,,AISI 4820 Steel,Ultimate tensile strength,1431.0,MPa,Yield strength,1150.0,MPa,Ductility,13.0,%,0.0,0.0,0.205,0.0,0.0,0.0,0.0,0.0,0.0,0.2249999999999999,0.035,0.04,0.0,0.0,0.0,0.0,0.0,0.6,95.145,0.0,3.5,0.0,0.0,0.0,0.0,0.0,0.0,0.25,0.0,0.0,0.0,0.0,0.0,0.0,0.0,0.0,,,"Single Quenched And Tempered, 150C (300F), 1.2 mm Case Depth","Single Quenched And Tempered, 150C (300F), 1.2 mm Case Depth",396,5,Carburized – quenched (oil) – wear-resistant surface steel (variant),5
,,,1,Steel database with labelled clusters,,,AISI 4419H Steel,Ultimate tensile strength,580.0,MPa,Yield strength,330.0,MPa,Ductility,27.0,%,0.0,0.0,0.2,0.0,0.0,0.0,0.0,0.0,0.0,0.25,0.035,0.04,0.0,0.0,0.0,0.0,0.0,0.55,98.4,0.0,0.0,0.0,0.0,0.0,0.0,0.0,0.0,0.525,0.0,0.0,0.0,0.0,0.0,0.0,0.0,0.0,,,"Mock Carburized, 230C (450F) Temper, 100 mm (4 In.) Round","Mock Carburized, 230C (450F) Temper, 100 mm (4 In.) Round",177,8,Carburized – quenched (oil) – wear-resistant surface steel (variant),8
,,,1,Steel database with labelled clusters,,,AISI 8620H Steel,Ultimate tensile strength,876.0,MPa,Yield strength,580.0,MPa,Ductility,20.0,%,0.0,0.0,0.205,0.0,0.0,0.0,0.0,0.0,0.0,0.25,0.035,0.04,0.0,0.0,0.0,0.0,0.5,0.7749999999999999,97.445,0.0,0.55,0.0,0.0,0.0,0.0,0.0,0.0,0.2,0.0,0.0,0.0,0.0,0.0,0.0,0.0,0.0,,,"Mock Carburized, Reheated And Oil Quenched, 150C (300F) Temper, 25 mm (1 In.) Round","Mock Carburized, Reheated And Oil Quenched, 150C (300F) Temper, 25 mm (1 In.) Round",1043,8,Carburized – quenched (oil) – wear-resistant surface steel (variant),8
,,,1,Steel database with labelled clusters,,,AISI 1040 Steel,Ultimate tensile strength,543.0,MPa,Yield strength,345.0,MPa,Ductility,31.0,%,0.0,0.0,0.405,0.0,0.0,0.0,0.0,0.0,0.0,0.0,0.04,0.05,0.0,0.0,0.0,0.0,0.0,0.75,98.755,0.0,0.0,0.0,0.0,0.0,0.0,0.0,0.0,0.0,0.0,0.0,0.0,0.0,0.0,0.0,0.0,0.0,,,"Oil Quenched From 855C (1570F), 650C (1200F) Temper, 100 mm (4 In.) Round","Oil Quenched From 855C (1570F), 650C (1200F) Temper, 100 mm (4 In.) Round",1711,6,Quenched (oil) & tempered – high-strength structural steel,6
,,,1,Steel database with labelled clusters,,,ASTM A734 Low Alloy Steel,Ultimate tensile strength,530.0,MPa,Yield strength,450.0,MPa,Ductility,20.0,%,0.0,0.0,0.12,0.0,0.0,0.0,0.0,0.0,0.06,0.4,0.04,0.02,0.0,0.0,0.0,0.0,1.05,0.6,96.66,0.0,1.05,0.0,0.0,0.0,0.0,0.0,0.0,0.0,0.0,0.0,0.0,0.0,0.0,0.0,0.0,0.0,,,Grade A,Grade A,1382,1,Hot rolled – general construction steel,1
,,,1,Steel database with labelled clusters,,,ASTM A724 Carbon Steel,Ultimate tensile strength,620.0,MPa,Yield strength,485.0,MPa,Ductility,19.0,%,0.0,0.01,0.22,0.0,0.0,0.0,0.0,0.0,0.0,0.4,0.04,0.04,0.0,0.0,0.0,0.08,0.25,1.35,96.93,0.0,0.25,0.35,0.0,0.0,0.0,0.0,0.0,0.08,0.0,0.0,0.0,0.0,0.0,0.0,0.0,0.0,,,Grade C,Grade C,1358,1,Hot rolled – general construction steel,1
,,,1,Steel database with labelled clusters,,,AISI 51B60H Steel,Ultimate tensile strength,958.0,MPa,Yield strength,530.0,MPa,Ductility,17.0,%,0.0,0.00175,0.6000000000000001,0.0,0.0,0.0,0.0,0.0,0.0,0.2249999999999999,0.035,0.04,0.0,0.0,0.0,0.0,0.8,0.875,97.42325,0.0,0.0,0.0,0.0,0.0,0.0,0.0,0.0,0.0,0.0,0.0,0.0,0.0,0.0,0.0,0.0,0.0,,,"Normalized, 25 mm (1 In.) Round","Normalized, 25 mm (1 In.) Round",596,9,Normalized – general-purpose steel (round normalized stock),9
,,,1,Steel database with labelled clusters,,,AISI 4140 Steel,Ultimate tensile strength,1140.0,MPa,Yield strength,965.0,MPa,Ductility,18.0,%,0.0,0.0,0.405,0.0,0.0,0.0,0.0,0.0,0.0,0.2249999999999999,0.035,0.04,0.0,0.0,0.0,0.0,0.95,0.875,97.27,0.0,0.0,0.0,0.0,0.0,0.0,0.0,0.0,0.2,0.0,0.0,0.0,0.0,0.0,0.0,0.0,0.0,,,"Oil Quenched, 540C (1000F) Temper, 25 mm (1 In.) Round","Oil Quenched, 540C (1000F) Temper, 25 mm (1 In.) Round",62,6,Quenched (oil) & tempered – high-strength structural steel,6
,,,1,Steel database with labelled clusters,,,ASTM A611 Steel,Ultimate tensile strength,290.0,MPa,Yield strength,170.0,MPa,Ductility,26.0,%,0.0,0.0,0.2,0.0,0.0,0.0,0.0,0.0,0.0,0.0,0.04,0.04,0.0,0.0,0.0,0.0,0.0,0.6,98.92,0.0,0.0,0.2,0.0,0.0,0.0,0.0,0.0,0.0,0.0,0.0,0.0,0.0,0.0,0.0,0.0,0.0,,,Grade A,Grade A,1315,1,Hot rolled – general construction steel,1
,,,1,Steel database with labelled clusters,,,AISI 8740 Steel,Ultimate tensile strength,800.0,MPa,Yield strength,605.0,MPa,Ductility,22.0,%,0.0,0.0,0.405,0.0,0.0,0.0,0.0,0.0,0.0,0.2249999999999999,0.035,0.04,0.0,0.0,0.0,0.0,0.5,0.875,97.12,0.0,0.55,0.0,0.0,0.0,0.0,0.0,0.0,0.25,0.0,0.0,0.0,0.0,0.0,0.0,0.0,0.0,,,"Oil Quenched 830C (1525F), 650C (1200F) Temper, 100 mm (4 In.) Round","Oil Quenched 830C (1525F), 650C (1200F) Temper, 100 mm (4 In.) Round",873,6,Quenched (oil) & tempered – high-strength structural steel,6
,,,1,Steel database with labelled clusters,,,AISI 1020 Steel,Ultimate tensile strength,440.0,MPa,Yield strength,345.0,MPa,Ductility,35.0,%,0.0,0.0,0.2,0.0,0.0,0.0,0.0,0.0,0.0,0.0,0.04,0.05,0.0,0.0,0.0,0.0,0.0,0.4499999999999999,99.26,0.0,0.0,0.0,0.0,0.0,0.0,0.0,0.0,0.0,0.0,0.0,0.0,0.0,0.0,0.0,0.0,0.0,,,Normalized At 870C (1600F),Normalized At 870C (1600F),1471,4,Normalized (air cooled) – general-purpose steel,4
,,,1,Steel database with labelled clusters,,,AISI 1144 Steel,Ultimate tensile strength,675.0,MPa,Yield strength,475.0,MPa,Ductility,23.0,%,0.0,0.0,0.44,0.0,0.0,0.0,0.0,0.0,0.0,0.0,0.04,0.285,0.0,0.0,0.0,0.0,0.0,1.5,97.735,0.0,0.0,0.0,0.0,0.0,0.0,0.0,0.0,0.0,0.0,0.0,0.0,0.0,0.0,0.0,0.0,0.0,,,"Oil Quenched 845C (1550F), 650C (1200F) Temper, 13 mm (0.5 In.) Round","Oil Quenched 845C (1550F), 650C (1200F) Temper, 13 mm (0.5 In.) Round",1849,6,Quenched (oil) & tempered – high-strength structural steel,6
,,,1,Steel database with labelled clusters,,,AISI 4320H Steel,Ultimate tensile strength,1460.0,MPa,Yield strength,1125.0,MPa,Ductility,11.0,%,0.0,0.0,0.2,0.0,0.0,0.0,0.0,0.0,0.0,0.2249999999999999,0.035,0.04,0.0,0.0,0.0,0.0,0.5,0.55,96.425,0.0,1.775,0.0,0.0,0.0,0.0,0.0,0.0,0.25,0.0,0.0,0.0,0.0,0.0,0.0,0.0,0.0,,,"Mock Carburized, Oil Quenched, 150C (300F) Temper, 13 mm (0.5 In.) Round","Mock Carburized, Oil Quenched, 150C (300F) Temper, 13 mm (0.5 In.) Round",279,8,Carburized – quenched (oil) – wear-resistant surface steel (variant),8
,,,1,Steel database with labelled clusters,,,AISI 4027 Steel,Ultimate tensile strength,565.0,MPa,Yield strength,350.0,MPa,Ductility,28.0,%,0.0,0.0,0.275,0.0,0.0,0.0,0.0,0.0,0.0,0.25,0.035,0.04,0.0,0.0,0.0,0.0,0.0,0.8,98.35,0.0,0.0,0.0,0.0,0.0,0.0,0.0,0.0,0.25,0.0,0.0,0.0,0.0,0.0,0.0,0.0,0.0,,,"Normalized, 100 mm (4 In.) Round","Normalized, 100 mm (4 In.) Round",37,9,Normalized – general-purpose steel (round normalized stock),9
,,,1,Steel database with labelled clusters,,,ASTM A542 Low Alloy Steel,Ultimate tensile strength,655.0,MPa,Yield strength,515.0,MPa,Ductility,20.0,%,0.0,0.002,0.125,0.0,0.0,0.0,0.0,0.0,0.0,0.13,0.03,0.03,0.0,0.0,0.025,0.25,3.0,0.4499999999999999,95.458,0.0,0.25,0.25,0.0,0.0,0.0,0.0,0.0,0.0,0.0,0.0,0.0,0.0,0.0,0.0,0.0,0.0,,,"Grade C, Class 3","Grade C, Class 3",1497,1,Hot rolled – general construction steel,1
,,,1,Steel database with labelled clusters,,,AISI 6150 Steel,Ultimate tensile strength,938.0,MPa,Yield strength,615.0,MPa,Ductility,21.0,%,0.0,0.0,0.505,0.0,0.0,0.0,0.0,0.0,0.0,0.2249999999999999,0.035,0.04,0.0,0.0,0.0,0.15,0.95,0.8,97.295,0.0,0.0,0.0,0.0,0.0,0.0,0.0,0.0,0.0,0.0,0.0,0.0,0.0,0.0,0.0,0.0,0.0,,,"Normalized, 25 mm (1 In.) Round","Normalized, 25 mm (1 In.) Round",663,9,Normalized – general-purpose steel (round normalized stock),9
,,,1,Steel database with labelled clusters,,,AISI 1095 Steel,Ultimate tensile strength,665.0,MPa,Yield strength,380.0,MPa,Ductility,13.0,%,0.0,0.0,0.965,0.0,0.0,0.0,0.0,0.0,0.0,0.0,0.04,0.05,0.0,0.0,0.0,0.0,0.0,0.4,98.545,0.0,0.0,0.0,0.0,0.0,0.0,0.0,0.0,0.0,0.0,0.0,0.0,0.0,0.0,0.0,0.0,0.0,,,Annealed At 790C (1450F),Annealed At 790C (1450F),1780,7,Annealed – easy-to-machine – round annealed stock,7
,,,1,Steel database with labelled clusters,,,ASTM A607 Steel,Ultimate tensile strength,485.0,MPa,Yield strength,380.0,MPa,Ductility,20.0,%,0.0,0.0,0.25,0.0,0.0,0.0,0.0,0.0,0.0,0.0,0.04,0.05,0.0,0.0,0.0,0.0,0.0,1.35,98.31,0.0,0.0,0.0,0.0,0.0,0.0,0.0,0.0,0.0,0.0,0.0,0.0,0.0,0.0,0.0,0.0,0.0,,,"Grade 55, Hot Rolled","Grade 55, Hot Rolled",1426,1,Hot rolled – general construction steel,1
,,,1,Steel database with labelled clusters,,,AISI E9310 Steel,Ultimate tensile strength,1089.0,MPa,Yield strength,848.0,MPa,Ductility,16.0,%,0.0,0.0,0.105,0.0,0.0,0.0,0.0,0.0,0.0,0.275,0.025,0.025,0.0,0.0,0.0,0.0,1.2,0.55,94.455,0.0,3.25,0.0,0.0,0.0,0.0,0.0,0.0,0.1149999999999999,0.0,0.0,0.0,0.0,0.0,0.0,0.0,0.0,,,"Mock Carburized, 790C (1450F) Reheat, 230C (450F) Temper, 25 mm (1 In.) Round","Mock Carburized, 790C (1450F) Reheat, 230C (450F) Temper, 25 mm (1 In.) Round",978,8,Carburized – quenched (oil) – wear-resistant surface steel (variant),8
,,,1,Steel database with labelled clusters,,,AISI 1040 Steel,Ultimate tensile strength,743.0,MPa,Yield strength,541.0,MPa,Ductility,23.0,%,0.0,0.0,0.405,0.0,0.0,0.0,0.0,0.0,0.0,0.0,0.04,0.05,0.0,0.0,0.0,0.0,0.0,0.75,98.755,0.0,0.0,0.0,0.0,0.0,0.0,0.0,0.0,0.0,0.0,0.0,0.0,0.0,0.0,0.0,0.0,0.0,,,"Water Quenched From 845C (1550F), 540C (1000F) Temper, 25 mm (1 In.) Round","Water Quenched From 845C (1550F), 540C (1000F) Temper, 25 mm (1 In.) Round",1605,10,Quenched (water) & tempered – high-strength structural steel,10
,,,1,Steel database with labelled clusters,,,AISI 51B60H Steel,Ultimate tensile strength,1170.0,MPa,Yield strength,1070.0,MPa,Ductility,14.0,%,0.0,0.00175,0.6000000000000001,0.0,0.0,0.0,0.0,0.0,0.0,0.2249999999999999,0.035,0.04,0.0,0.0,0.0,0.0,0.8,0.875,97.42325,0.0,0.0,0.0,0.0,0.0,0.0,0.0,0.0,0.0,0.0,0.0,0.0,0.0,0.0,0.0,0.0,0.0,,,"Oil Quenched From 830C (1525F), 540C (1000F) Temper, 13 mm (0.5 In.) Round","Oil Quenched From 830C (1525F), 540C (1000F) Temper, 13 mm (0.5 In.) Round",739,6,Quenched (oil) & tempered – high-strength structural steel,6
,,,1,Steel database with labelled clusters,,,AISI 4150 Steel,Ultimate tensile strength,1165.0,MPa,Yield strength,1040.0,MPa,Ductility,15.0,%,0.0,0.0,0.505,0.0,0.0,0.0,0.0,0.0,0.0,0.2249999999999999,0.035,0.04,0.0,0.0,0.0,0.0,0.95,0.875,97.17,0.0,0.0,0.0,0.0,0.0,0.0,0.0,0.0,0.2,0.0,0.0,0.0,0.0,0.0,0.0,0.0,0.0,,,"Oil Quenched 830C (1525F), 540C (1000F) Temper, 50 mm (2 In.) Round","Oil Quenched 830C (1525F), 540C (1000F) Temper, 50 mm (2 In.) Round",192,6,Quenched (oil) & tempered – high-strength structural steel,6
,,,1,Steel database with labelled clusters,,,AISI 9255 Steel,Ultimate tensile strength,1070.0,MPa,Yield strength,910.0,MPa,Ductility,18.0,%,0.0,0.0,0.55,0.0,0.0,0.0,0.0,0.0,0.0,2.0,0.035,0.04,0.0,0.0,0.0,0.0,0.0,0.825,96.55,0.0,0.0,0.0,0.0,0.0,0.0,0.0,0.0,0.0,0.0,0.0,0.0,0.0,0.0,0.0,0.0,0.0,,,"Oil Quenched From 885C (1625F), 595C (1100F) Temper, 13 mm (0.5 In.) Round","Oil Quenched From 885C (1625F), 595C (1100F) Temper, 13 mm (0.5 In.) Round",920,6,Quenched (oil) & tempered – high-strength structural steel,6
,,,1,Steel database with labelled clusters,,,AISI 4422 Steel,Ultimate tensile strength,841.0,MPa,Yield strength,455.0,MPa,Ductility,16.0,%,0.0,0.0,0.225,0.0,0.0,0.0,0.0,0.0,0.0,0.2249999999999999,0.035,0.04,0.0,0.0,0.0,0.0,0.0,0.75,98.325,0.0,0.0,0.0,0.0,0.0,0.0,0.0,0.0,0.4,0.0,0.0,0.0,0.0,0.0,0.0,0.0,0.0,,,"Heat Treated In 13.7 mm Rounds, Reheated To 820C (1510F), 150C (300F) Temper","Heat Treated In 13.7 mm Rounds, Reheated To 820C (1510F), 150C (300F) Temper",457,0,Carburized – quenched (oil) – wear-resistant surface steel,0
,,,1,Steel database with labelled clusters,,,AISI 8620 Steel,Ultimate tensile strength,958.0,MPa,Yield strength,814.0,MPa,Ductility,19.0,%,0.0,0.0,0.205,0.0,0.0,0.0,0.0,0.0,0.0,0.25,0.035,0.04,0.0,0.0,0.0,0.0,0.5,0.8,97.42,0.0,0.55,0.0,0.0,0.0,0.0,0.0,0.0,0.2,0.0,0.0,0.0,0.0,0.0,0.0,0.0,0.0,,,"Carburized, Box Cooled, Reheated And Quenched, 150C (300F) Temper, 25 mm (1 In.) Round","Carburized, Box Cooled, Reheated And Quenched, 150C (300F) Temper, 25 mm (1 In.) Round",676,8,Carburized – quenched (oil) – wear-resistant surface steel (variant),8
,,,1,Steel database with labelled clusters,,,AISI 8622 Steel,Ultimate tensile strength,1198.0,MPa,Yield strength,693.0,MPa,Ductility,11.0,%,0.0,0.0,0.225,0.0,0.0,0.0,0.0,0.0,0.0,0.2249999999999999,0.035,0.04,0.0,0.0,0.0,0.0,0.5,0.8,97.425,0.0,0.55,0.0,0.0,0.0,0.0,0.0,0.0,0.2,0.0,0.0,0.0,0.0,0.0,0.0,0.0,0.0,,,"Heat Treated, Machined To 13.7 mm Rounds, Pseudocarburized, 775C (1430F) Reheat, 150C (300F) Temper","Heat Treated, Machined To 13.7 mm Rounds, Pseudocarburized, 775C (1430F) Reheat, 150C (300F) Temper",761,0,Carburized – quenched (oil) – wear-resistant surface steel,0
,,,1,Steel database with labelled clusters,,,AISI 1050 Steel,Ultimate tensile strength,620.0,MPa,Yield strength,515.0,MPa,Ductility,15.0,%,0.0,0.0,0.51,0.0,0.0,0.0,0.0,0.0,0.0,0.0,0.04,0.05,0.0,0.0,0.0,0.0,0.0,0.75,98.65,0.0,0.0,0.0,0.0,0.0,0.0,0.0,0.0,0.0,0.0,0.0,0.0,0.0,0.0,0.0,0.0,0.0,,,"Cold Drawn, High Temperature, Stress Relieved, 22-32 mm (0.875-1.25 In) Round","Cold Drawn, High Temperature, Stress Relieved, 22-32 mm (0.875-1.25 In) Round",1781,0,Carburized – quenched (oil) – wear-resistant surface steel,0
,,,1,Steel database with labelled clusters,,,AISI 1030 Steel,Ultimate tensile strength,585.0,MPa,Yield strength,435.0,MPa,Ductility,29.0,%,0.0,0.0,0.305,0.0,0.0,0.0,0.0,0.0,0.0,0.0,0.04,0.05,0.0,0.0,0.0,0.0,0.0,0.75,98.855,0.0,0.0,0.0,0.0,0.0,0.0,0.0,0.0,0.0,0.0,0.0,0.0,0.0,0.0,0.0,0.0,0.0,,,"Water Quenched From 870C (1600F), 595C (1100F) Temper, 25 mm (1 In.) Round","Water Quenched From 870C (1600F), 595C (1100F) Temper, 25 mm (1 In.) Round",1583,10,Quenched (water) & tempered – high-strength structural steel,10
,,,1,Steel database with labelled clusters,,,AISI 8622 Steel,Ultimate tensile strength,1510.0,MPa,Yield strength,1093.0,MPa,Ductility,13.0,%,0.0,0.0,0.225,0.0,0.0,0.0,0.0,0.0,0.0,0.2249999999999999,0.035,0.04,0.0,0.0,0.0,0.0,0.5,0.8,97.425,0.0,0.55,0.0,0.0,0.0,0.0,0.0,0.0,0.2,0.0,0.0,0.0,0.0,0.0,0.0,0.0,0.0,,,"Heat Treated, Machined To 13.7 mm Rounds, Pseudocarburized, 865C (1590F) Reheat, 150C (300F) Temper","Heat Treated, Machined To 13.7 mm Rounds, Pseudocarburized, 865C (1590F) Reheat, 150C (300F) Temper",729,0,Carburized – quenched (oil) – wear-resistant surface steel,0
,,,1,Steel database with labelled clusters,,,AISI 4820 Steel,Ultimate tensile strength,760.0,MPa,Yield strength,485.0,MPa,Ductility,24.0,%,0.0,0.0,0.205,0.0,0.0,0.0,0.0,0.0,0.0,0.2249999999999999,0.035,0.04,0.0,0.0,0.0,0.0,0.0,0.6,95.145,0.0,3.5,0.0,0.0,0.0,0.0,0.0,0.0,0.25,0.0,0.0,0.0,0.0,0.0,0.0,0.0,0.0,,,Normalized 860C (1580F),Normalized 860C (1580F),413,4,Normalized (air cooled) – general-purpose steel,4
,,,1,Steel database with labelled clusters,,,AISI Grade 18Ni (250) Maraging Steel,Ultimate tensile strength,1979.0,MPa,Yield strength,1932.0,MPa,Ductility,4.0,%,0.0,0.0,0.03,0.0,0.0,0.0,0.0,0.0,0.1,0.1,0.01,0.01,0.0,0.0,0.4,0.0,0.0,0.1,68.44,7.5,18.5,0.0,0.0,0.0,0.0,0.01,0.0,4.8,0.0,0.0,0.0,0.0,0.0,0.0,0.0,0.0,,,"3.18 mm Thick Sheet, Solution Annealed At 815C (1500F) For 30 Minutes, Air Cooled, Aged At 480C (900F) For 3 Hours","3.18 mm Thick Sheet, Solution Annealed At 815C (1500F) For 30 Minutes, Air Cooled, Aged At 480C (900F) For 3 Hours",1099,0,Carburized – quenched (oil) – wear-resistant surface steel,0
,,,1,Steel database with labelled clusters,,,AISI 8620 Steel,Ultimate tensile strength,1324.0,MPa,Yield strength,1036.0,MPa,Ductility,12.0,%,0.0,0.0,0.205,0.0,0.0,0.0,0.0,0.0,0.0,0.25,0.035,0.04,0.0,0.0,0.0,0.0,0.5,0.8,97.42,0.0,0.55,0.0,0.0,0.0,0.0,0.0,0.0,0.2,0.0,0.0,0.0,0.0,0.0,0.0,0.0,0.0,,,"Direct Quenched From Pot, 150C (300F) Temper, Carburized","Direct Quenched From Pot, 150C (300F) Temper, Carburized",826,5,Carburized – quenched (oil) – wear-resistant surface steel (variant),5
,,,1,Steel database with labelled clusters,,,AISI 1015 Steel,Ultimate tensile strength,521.0,MPa,Yield strength,305.0,MPa,Ductility,30.0,%,0.0,0.0,0.155,0.0,0.0,0.0,0.0,0.0,0.0,0.0,0.04,0.05,0.0,0.0,0.0,0.0,0.0,0.4499999999999999,99.305,0.0,0.0,0.0,0.0,0.0,0.0,0.0,0.0,0.0,0.0,0.0,0.0,0.0,0.0,0.0,0.0,0.0,,,"Mock Carburized At 915C (1680F) For 8 Hours, 775C (1430F) Reheat, Water Quenched, 175C (350F) Temper, 25 mm (1 In.) Round","Mock Carburized At 915C (1680F) For 8 Hours, 775C (1430F) Reheat, Water Quenched, 175C (350F) Temper, 25 mm (1 In.) Round",1478,8,Carburized – quenched (oil) – wear-resistant surface steel (variant),8
,,,1,Steel database with labelled clusters,,,AISI 5150H Steel,Ultimate tensile strength,821.0,MPa,Yield strength,605.0,MPa,Ductility,22.0,%,0.0,0.0,0.505,0.0,0.0,0.0,0.0,0.0,0.0,0.2249999999999999,0.035,0.04,0.0,0.0,0.0,0.0,0.8,0.8,97.595,0.0,0.0,0.0,0.0,0.0,0.0,0.0,0.0,0.0,0.0,0.0,0.0,0.0,0.0,0.0,0.0,0.0,,,"Oil Quenched From 830C (1525F), 650C (1200F) Temper, 50 mm (2 In.) Round","Oil Quenched From 830C (1525F), 650C (1200F) Temper, 50 mm (2 In.) Round",617,6,Quenched (oil) & tempered – high-strength structural steel,6
,,,1,Steel database with labelled clusters,,,AISI 4130 Steel,Ultimate tensile strength,993.0,MPa,Yield strength,896.0,MPa,Ductility,18.0,%,0.0,0.0,0.305,0.0,0.0,0.0,0.0,0.0,0.0,0.2249999999999999,0.035,0.04,0.0,0.0,0.0,0.0,0.95,0.5,97.745,0.0,0.0,0.0,0.0,0.0,0.0,0.0,0.0,0.2,0.0,0.0,0.0,0.0,0.0,0.0,0.0,0.0,,,"Water Quenched 855C (1570F), 540C (1000F) Temper, 25 mm (1 In.) Round","Water Quenched 855C (1570F), 540C (1000F) Temper, 25 mm (1 In.) Round",115,10,Quenched (water) & tempered – high-strength structural steel,10
,,,1,Steel database with labelled clusters,,,AISI 4820 Steel,Ultimate tensile strength,685.0,MPa,Yield strength,460.0,MPa,Ductility,22.0,%,0.0,0.0,0.205,0.0,0.0,0.0,0.0,0.0,0.0,0.2249999999999999,0.035,0.04,0.0,0.0,0.0,0.0,0.0,0.6,95.145,0.0,3.5,0.0,0.0,0.0,0.0,0.0,0.0,0.25,0.0,0.0,0.0,0.0,0.0,0.0,0.0,0.0,,,"Annealed 815C (1500F), 25 mm (1 In.) Round","Annealed 815C (1500F), 25 mm (1 In.) Round",418,7,Annealed – easy-to-machine – round annealed stock,7
,,,1,Steel database with labelled clusters,,,AISI 1144 Steel,Ultimate tensile strength,705.0,MPa,Yield strength,420.0,MPa,Ductility,21.0,%,0.0,0.0,0.44,0.0,0.0,0.0,0.0,0.0,0.0,0.0,0.04,0.285,0.0,0.0,0.0,0.0,0.0,1.5,97.735,0.0,0.0,0.0,0.0,0.0,0.0,0.0,0.0,0.0,0.0,0.0,0.0,0.0,0.0,0.0,0.0,0.0,,,As Rolled,As Rolled,1887,2,Quenched (oil) – general-purpose steel (tested),2
,,,1,Steel database with labelled clusters,,,AISI 8640 Steel,Ultimate tensile strength,972.0,MPa,Yield strength,827.0,MPa,Ductility,16.0,%,0.0,0.0,0.405,0.0,0.0,0.0,0.0,0.0,0.0,0.2249999999999999,0.035,0.04,0.0,0.0,0.0,0.0,0.5,0.875,97.17,0.0,0.55,0.0,0.0,0.0,0.0,0.0,0.0,0.2,0.0,0.0,0.0,0.0,0.0,0.0,0.0,0.0,,,"Oil Quenched 845C (1550F), 650C (1200F) Temper, 25 mm (1 In.) Round","Oil Quenched 845C (1550F), 650C (1200F) Temper, 25 mm (1 In.) Round",970,6,Quenched (oil) & tempered – high-strength structural steel,6
,,,1,Steel database with labelled clusters,,,AISI 5150 Steel,Ultimate tensile strength,1055.0,MPa,Yield strength,910.0,MPa,Ductility,17.0,%,0.0,0.0,0.505,0.0,0.0,0.0,0.0,0.0,0.0,0.2249999999999999,0.035,0.04,0.0,0.0,0.0,0.0,0.8,0.8,97.595,0.0,0.0,0.0,0.0,0.0,0.0,0.0,0.0,0.0,0.0,0.0,0.0,0.0,0.0,0.0,0.0,0.0,,,"Oil Quenched From 830C (1525F), 540C (1000F) Temper, 25 mm (1 In.) Round","Oil Quenched From 830C (1525F), 540C (1000F) Temper, 25 mm (1 In.) Round",605,6,Quenched (oil) & tempered – high-strength structural steel,6
,,,1,Steel database with labelled clusters,,,AISI 1118 Steel,Ultimate tensile strength,400.0,MPa,Yield strength,220.0,MPa,Ductility,25.0,%,0.0,0.0,0.17,0.0,0.0,0.0,0.0,0.0,0.0,0.0,0.04,0.105,0.0,0.0,0.0,0.0,0.0,1.45,98.235,0.0,0.0,0.0,0.0,0.0,0.0,0.0,0.0,0.0,0.0,0.0,0.0,0.0,0.0,0.0,0.0,0.0,,,"Hot Rolled, 19-32 mm (0.75-1.25 In) Round","Hot Rolled, 19-32 mm (0.75-1.25 In) Round",1899,3,Normalized – easy-to-machine stock (cold drawn),3
,,,1,Steel database with labelled clusters,,,AISI 4140H Steel,Ultimate tensile strength,1075.0,MPa,Yield strength,986.0,MPa,Ductility,15.0,%,0.0,0.0,0.405,0.0,0.0,0.0,0.0,0.0,0.0,0.2249999999999999,0.035,0.04,0.0,0.0,0.0,0.0,0.975,0.875,97.22,0.0,0.0,0.0,0.0,0.0,0.0,0.0,0.0,0.2249999999999999,0.0,0.0,0.0,0.0,0.0,0.0,0.0,0.0,,,"Oil Quenched 845C (1550F), Tempered 540C (1000F), 25 mm (1 In.) Round","Oil Quenched 845C (1550F), Tempered 540C (1000F), 25 mm (1 In.) Round",90,6,Quenched (oil) & tempered – high-strength structural steel,6
,,,1,Steel database with labelled clusters,,,AISI 8630H Steel,Ultimate tensile strength,979.0,MPa,Yield strength,841.0,MPa,Ductility,16.0,%,0.0,0.0,0.3,0.0,0.0,0.0,0.0,0.0,0.0,0.2249999999999999,0.035,0.04,0.0,0.0,0.0,0.0,0.5,0.8,97.35,0.0,0.55,0.0,0.0,0.0,0.0,0.0,0.0,0.2,0.0,0.0,0.0,0.0,0.0,0.0,0.0,0.0,,,"Oil Quenched 845C (1550F), 455C (850F) Temper","Oil Quenched 845C (1550F), 455C (850F) Temper",849,6,Quenched (oil) & tempered – high-strength structural steel,6
,,,1,Steel database with labelled clusters,,,AISI 1025 Steel,Ultimate tensile strength,415.0,MPa,Yield strength,310.0,MPa,Ductility,20.0,%,0.0,0.0,0.25,0.0,0.0,0.0,0.0,0.0,0.0,0.0,0.04,0.05,0.0,0.0,0.0,0.0,0.0,0.4499999999999999,99.21,0.0,0.0,0.0,0.0,0.0,0.0,0.0,0.0,0.0,0.0,0.0,0.0,0.0,0.0,0.0,0.0,0.0,,,"Cold Drawn, High Temperature, Stress Relieved, 22-32 mm (0.875-1.25 In) Round","Cold Drawn, High Temperature, Stress Relieved, 22-32 mm (0.875-1.25 In) Round",1501,0,Carburized – quenched (oil) – wear-resistant surface steel,0
,,,1,Steel database with labelled clusters,,,AISI 1050 Steel,Ultimate tensile strength,808.0,MPa,Yield strength,543.0,MPa,Ductility,23.0,%,0.0,0.0,0.51,0.0,0.0,0.0,0.0,0.0,0.0,0.0,0.04,0.05,0.0,0.0,0.0,0.0,0.0,0.75,98.65,0.0,0.0,0.0,0.0,0.0,0.0,0.0,0.0,0.0,0.0,0.0,0.0,0.0,0.0,0.0,0.0,0.0,,,"Water Quenched From 830C (1525F), 595C (1100F) Temper, 50 mm (2 In.) Round","Water Quenched From 830C (1525F), 595C (1100F) Temper, 50 mm (2 In.) Round",1898,10,Quenched (water) & tempered – high-strength structural steel,10
,,,1,Steel database with labelled clusters,,,AISI 8630 Steel,Ultimate tensile strength,979.0,MPa,Yield strength,841.0,MPa,Ductility,16.0,%,0.0,0.0,0.305,0.0,0.0,0.0,0.0,0.0,0.0,0.2249999999999999,0.035,0.04,0.0,0.0,0.0,0.0,0.5,0.8,97.345,0.0,0.55,0.0,0.0,0.0,0.0,0.0,0.0,0.2,0.0,0.0,0.0,0.0,0.0,0.0,0.0,0.0,,,"Oil Quenched 845C (1550F), 455C (850F) Temper","Oil Quenched 845C (1550F), 455C (850F) Temper",754,6,Quenched (oil) & tempered – high-strength structural steel,6
,,,1,Steel database with labelled clusters,,,AISI 5120 Steel,Ultimate tensile strength,883.0,MPa,Yield strength,696.0,MPa,Ductility,15.0,%,0.0,0.0,0.195,0.0,0.0,0.0,0.0,0.0,0.0,0.2249999999999999,0.035,0.04,0.0,0.0,0.0,0.0,0.8,0.8,97.905,0.0,0.0,0.0,0.0,0.0,0.0,0.0,0.0,0.0,0.0,0.0,0.0,0.0,0.0,0.0,0.0,0.0,,,"Heat Treated, Machined To 25 mm, Pseudocarburized, Reheated To 800C (1470F), 150C (300F) Temper","Heat Treated, Machined To 25 mm, Pseudocarburized, Reheated To 800C (1470F), 150C (300F) Temper",499,0,Carburized – quenched (oil) – wear-resistant surface steel,0
,,,1,Steel database with labelled clusters,,,ASTM A517 Low Alloy Steel,Ultimate tensile strength,795.0,MPa,Yield strength,690.0,MPa,Ductility,16.0,%,0.0,0.003,0.1649999999999999,0.0,0.0,0.0,0.0,0.0,0.0,0.275,0.04,0.04,0.0,0.0,0.0,0.0,0.0,0.575,98.327,0.0,0.0,0.0,0.0,0.0,0.0,0.0,0.0,0.575,0.0,0.0,0.0,0.0,0.0,0.0,0.0,0.0,,,Grade J,Grade J,1293,1,Hot rolled – general construction steel,1
,,,1,Steel database with labelled clusters,,,ASTM A202 Low Alloy Steel,Ultimate tensile strength,585.0,MPa,Yield strength,325.0,MPa,Ductility,15.0,%,0.0,0.0,0.25,0.0,0.0,0.0,0.0,0.0,0.0,0.75,0.04,0.04,0.0,0.0,0.0,0.0,0.475,1.225,97.22,0.0,0.0,0.0,0.0,0.0,0.0,0.0,0.0,0.0,0.0,0.0,0.0,0.0,0.0,0.0,0.0,0.0,,,Grade B,Grade B,1344,1,Hot rolled – general construction steel,1
,,,1,Steel database with labelled clusters,,,AISI 4130 Steel,Ultimate tensile strength,917.0,MPa,Yield strength,841.0,MPa,Ductility,20.0,%,0.0,0.0,0.305,0.0,0.0,0.0,0.0,0.0,0.0,0.2249999999999999,0.035,0.04,0.0,0.0,0.0,0.0,0.95,0.5,97.745,0.0,0.0,0.0,0.0,0.0,0.0,0.0,0.0,0.2,0.0,0.0,0.0,0.0,0.0,0.0,0.0,0.0,,,"Water Quenched 855C (1570F), 595C (1100F) Temper, 13 mm (0.5 In.) Round","Water Quenched 855C (1570F), 595C (1100F) Temper, 13 mm (0.5 In.) Round",12,10,Quenched (water) & tempered – high-strength structural steel,10
,,,1,Steel database with labelled clusters,,,AISI 4340 Steel,Ultimate tensile strength,931.0,MPa,Yield strength,834.0,MPa,Ductility,20.0,%,0.0,0.0,0.4,0.0,0.0,0.0,0.0,0.0,0.0,0.2249999999999999,0.035,0.04,0.0,0.0,0.0,0.0,0.8,0.7,95.725,0.0,1.825,0.0,0.0,0.0,0.0,0.0,0.0,0.25,0.0,0.0,0.0,0.0,0.0,0.0,0.0,0.0,,,"Oil Quenched 800C (1470F), 650C (1200F) Temper, 50 mm (2 In.) Round","Oil Quenched 800C (1470F), 650C (1200F) Temper, 50 mm (2 In.) Round",397,6,Quenched (oil) & tempered – high-strength structural steel,6
,,,1,Steel database with labelled clusters,,,AISI E4340 H Steel,Ultimate tensile strength,1110.0,MPa,Yield strength,710.0,MPa,Ductility,13.0,%,0.0,0.0,0.405,0.0,0.0,0.0,0.0,0.0,0.0,0.2249999999999999,0.025,0.02,0.0,0.0,0.0,0.0,0.8,0.7749999999999999,95.725,0.0,1.775,0.0,0.0,0.0,0.0,0.0,0.0,0.25,0.0,0.0,0.0,0.0,0.0,0.0,0.0,0.0,,,"Normalized, 100 mm (4 In.) Round","Normalized, 100 mm (4 In.) Round",285,9,Normalized – general-purpose steel (round normalized stock),9
,,,1,Steel database with labelled clusters,,,AISI 1340 Steel,Ultimate tensile strength,731.0,MPa,Yield strength,552.0,MPa,Ductility,25.0,%,0.0,0.0,0.405,0.0,0.0,0.0,0.0,0.0,0.0,0.25,0.035,0.04,0.0,0.0,0.0,0.0,0.0,1.75,97.52,0.0,0.0,0.0,0.0,0.0,0.0,0.0,0.0,0.0,0.0,0.0,0.0,0.0,0.0,0.0,0.0,0.0,,,"Oil Quenched From 830C (1525F), 650C (1200F) Temper, 50 mm (2 In.) Round","Oil Quenched From 830C (1525F), 650C (1200F) Temper, 50 mm (2 In.) Round",1067,6,Quenched (oil) & tempered – high-strength structural steel,6
,,,1,Steel database with labelled clusters,,,ASTM A570 Steel,Ultimate tensile strength,365.0,MPa,Yield strength,250.0,MPa,Ductility,17.0,%,0.0,0.0,0.25,0.0,0.0,0.0,0.0,0.0,0.0,0.0,0.04,0.05,0.0,0.0,0.0,0.0,0.0,0.9,98.56,0.0,0.0,0.2,0.0,0.0,0.0,0.0,0.0,0.0,0.0,0.0,0.0,0.0,0.0,0.0,0.0,0.0,,,Grade 36,Grade 36,1203,1,Hot rolled – general construction steel,1
,,,1,Steel database with labelled clusters,,,AISI 1060 Steel,Ultimate tensile strength,625.0,MPa,Yield strength,370.0,MPa,Ductility,22.0,%,0.0,0.0,0.605,0.0,0.0,0.0,0.0,0.0,0.0,0.0,0.04,0.05,0.0,0.0,0.0,0.0,0.0,0.75,98.555,0.0,0.0,0.0,0.0,0.0,0.0,0.0,0.0,0.0,0.0,0.0,0.0,0.0,0.0,0.0,0.0,0.0,,,Annealed At 790C (1450F),Annealed At 790C (1450F),1728,7,Annealed – easy-to-machine – round annealed stock,7
,,,1,Steel database with labelled clusters,,,AISI 8620 Steel,Ultimate tensile strength,938.0,MPa,Yield strength,772.0,MPa,Ductility,15.0,%,0.0,0.0,0.205,0.0,0.0,0.0,0.0,0.0,0.0,0.25,0.035,0.04,0.0,0.0,0.0,0.0,0.5,0.8,97.42,0.0,0.55,0.0,0.0,0.0,0.0,0.0,0.0,0.2,0.0,0.0,0.0,0.0,0.0,0.0,0.0,0.0,,,"Normalized, Machined To 13.7 mm, Pseudocarburized, Reheated To 775C, 150C Temper","Normalized, Machined To 13.7 mm, Pseudocarburized, Reheated To 775C, 150C Temper",691,0,Carburized – quenched (oil) – wear-resistant surface steel,0
,,,1,Steel database with labelled clusters,,,AISI 1030 Steel,Ultimate tensile strength,460.0,MPa,Yield strength,345.0,MPa,Ductility,31.0,%,0.0,0.0,0.305,0.0,0.0,0.0,0.0,0.0,0.0,0.0,0.04,0.05,0.0,0.0,0.0,0.0,0.0,0.75,98.855,0.0,0.0,0.0,0.0,0.0,0.0,0.0,0.0,0.0,0.0,0.0,0.0,0.0,0.0,0.0,0.0,0.0,,,"Annealed At 845C (1550F), Furnace Cooled 11C (20F) Per Hour To 650C (1200F), Air Cooled, 25 mm (1 In.) Round","Annealed At 845C (1550F), Furnace Cooled 11C (20F) Per Hour To 650C (1200F), Air Cooled, 25 mm (1 In.) Round",1611,7,Annealed – easy-to-machine – round annealed stock,7
,,,1,Steel database with labelled clusters,,,AISI 1141 Steel,Ultimate tensile strength,600.0,MPa,Yield strength,350.0,MPa,Ductility,25.0,%,0.0,0.0,0.41,0.0,0.0,0.0,0.0,0.0,0.0,0.0,0.04,0.105,0.0,0.0,0.0,0.0,0.0,1.5,97.945,0.0,0.0,0.0,0.0,0.0,0.0,0.0,0.0,0.0,0.0,0.0,0.0,0.0,0.0,0.0,0.0,0.0,,,"Annealed At 815C, Furnace Cooled 11C (20F) Per Hour To 480C, Cooled In Air, 25 mm (1 In.) Round","Annealed At 815C, Furnace Cooled 11C (20F) Per Hour To 480C, Cooled In Air, 25 mm (1 In.) Round",1846,7,Annealed – easy-to-machine – round annealed stock,7
,,,1,Steel database with labelled clusters,,,AISI 8620 Steel,Ultimate tensile strength,600.0,MPa,Yield strength,360.0,MPa,Ductility,27.0,%,0.0,0.0,0.205,0.0,0.0,0.0,0.0,0.0,0.0,0.25,0.035,0.04,0.0,0.0,0.0,0.0,0.5,0.8,97.42,0.0,0.55,0.0,0.0,0.0,0.0,0.0,0.0,0.2,0.0,0.0,0.0,0.0,0.0,0.0,0.0,0.0,,,"Normalized, 50 mm (2 In.) Round","Normalized, 50 mm (2 In.) Round",690,9,Normalized – general-purpose steel (round normalized stock),9
,,,1,Steel database with labelled clusters,,,AISI 8630 Steel,Ultimate tensile strength,660.0,MPa,Yield strength,495.0,MPa,Ductility,25.0,%,0.0,0.0,0.305,0.0,0.0,0.0,0.0,0.0,0.0,0.2249999999999999,0.035,0.04,0.0,0.0,0.0,0.0,0.5,0.8,97.345,0.0,0.55,0.0,0.0,0.0,0.0,0.0,0.0,0.2,0.0,0.0,0.0,0.0,0.0,0.0,0.0,0.0,,,"Water Quenched 845C (1550F), 595C (1100F) Temper, 100 mm (4 In.) Round","Water Quenched 845C (1550F), 595C (1100F) Temper, 100 mm (4 In.) Round",852,10,Quenched (water) & tempered – high-strength structural steel,10
,,,1,Steel database with labelled clusters,,,AISI 4419 Steel,Ultimate tensile strength,679.0,MPa,Yield strength,376.0,MPa,Ductility,23.0,%,0.0,0.0,0.205,0.0,0.0,0.0,0.0,0.0,0.0,0.25,0.035,0.04,0.0,0.0,0.0,0.0,0.0,0.55,98.395,0.0,0.0,0.0,0.0,0.0,0.0,0.0,0.0,0.525,0.0,0.0,0.0,0.0,0.0,0.0,0.0,0.0,,,"Double Quenched, 230C (450F) Temper","Double Quenched, 230C (450F) Temper",160,5,Carburized – quenched (oil) – wear-resistant surface steel (variant),5
,,,1,Steel database with labelled clusters,,,AISI 8740H Steel,Ultimate tensile strength,1225.0,MPa,Yield strength,1130.0,MPa,Ductility,16.0,%,0.0,0.0,0.405,0.0,0.0,0.0,0.0,0.0,0.0,0.2249999999999999,0.035,0.04,0.0,0.0,0.0,0.0,0.5,0.875,97.12,0.0,0.55,0.0,0.0,0.0,0.0,0.0,0.0,0.25,0.0,0.0,0.0,0.0,0.0,0.0,0.0,0.0,,,"Oil Quenched 830C (1525F), 540C (1000F) Temper, 25 mm (1 In.) Round","Oil Quenched 830C (1525F), 540C (1000F) Temper, 25 mm (1 In.) Round",896,6,Quenched (oil) & tempered – high-strength structural steel,6
,,,1,Steel database with labelled clusters,,,AISI 1037 Steel,Ultimate tensile strength,510.0,MPa,Yield strength,279.0,MPa,Ductility,18.0,%,0.0,0.0,0.35,0.0,0.0,0.0,0.0,0.0,0.0,0.0,0.04,0.05,0.0,0.0,0.0,0.0,0.0,0.85,98.71,0.0,0.0,0.0,0.0,0.0,0.0,0.0,0.0,0.0,0.0,0.0,0.0,0.0,0.0,0.0,0.0,0.0,,,Hot Rolled Bar (Uns G10370),Hot Rolled Bar (Uns G10370),1556,2,Quenched (oil) – general-purpose steel (tested),2
,,,1,Steel database with labelled clusters,,,AISI 4320H Steel,Ultimate tensile strength,793.0,MPa,Yield strength,460.0,MPa,Ductility,20.0,%,0.0,0.0,0.2,0.0,0.0,0.0,0.0,0.0,0.0,0.2249999999999999,0.035,0.04,0.0,0.0,0.0,0.0,0.5,0.55,96.425,0.0,1.775,0.0,0.0,0.0,0.0,0.0,0.0,0.25,0.0,0.0,0.0,0.0,0.0,0.0,0.0,0.0,,,Normalized At 895C (1640F),Normalized At 895C (1640F),258,4,Normalized (air cooled) – general-purpose steel,4
,,,1,Steel database with labelled clusters,,,AISI 4620 Steel,Ultimate tensile strength,675.0,MPa,Yield strength,455.0,MPa,Ductility,27.0,%,0.0,0.0,0.195,0.0,0.0,0.0,0.0,0.0,0.0,0.25,0.035,0.04,0.0,0.0,0.0,0.0,0.0,0.55,96.855,0.0,1.825,0.0,0.0,0.0,0.0,0.0,0.0,0.25,0.0,0.0,0.0,0.0,0.0,0.0,0.0,0.0,,,"Mock Carburized, 230C (450F) Temper, 25 mm (1 In.) Round","Mock Carburized, 230C (450F) Temper, 25 mm (1 In.) Round",336,8,Carburized – quenched (oil) – wear-resistant surface steel (variant),8
,,,1,Steel database with labelled clusters,,,AISI 1117 Steel,Ultimate tensile strength,415.0,MPa,Yield strength,345.0,MPa,Ductility,12.0,%,0.0,0.0,0.17,0.0,0.0,0.0,0.0,0.0,0.0,0.0,0.04,0.105,0.0,0.0,0.0,0.0,0.0,1.15,98.535,0.0,0.0,0.0,0.0,0.0,0.0,0.0,0.0,0.0,0.0,0.0,0.0,0.0,0.0,0.0,0.0,0.0,,,"As Cold Drawn, 50-75 mm (2-3 In) Round","As Cold Drawn, 50-75 mm (2-3 In) Round",1850,3,Normalized – easy-to-machine stock (cold drawn),3
,,,1,Steel database with labelled clusters,,,AISI E9310 Steel,Ultimate tensile strength,1227.0,MPa,Yield strength,979.0,MPa,Ductility,15.0,%,0.0,0.0,0.105,0.0,0.0,0.0,0.0,0.0,0.0,0.275,0.025,0.025,0.0,0.0,0.0,0.0,1.2,0.55,94.455,0.0,3.25,0.0,0.0,0.0,0.0,0.0,0.0,0.1149999999999999,0.0,0.0,0.0,0.0,0.0,0.0,0.0,0.0,,,"Mock Carburized, 790C (1450F) Reheat, 230C (450F) Temper, 13 mm (0.5 In.) Round","Mock Carburized, 790C (1450F) Reheat, 230C (450F) Temper, 13 mm (0.5 In.) Round",1040,8,Carburized – quenched (oil) – wear-resistant surface steel (variant),8
,,,1,Steel database with labelled clusters,,,AISI 4718H Steel,Ultimate tensile strength,1127.0,MPa,Yield strength,812.0,MPa,Ductility,15.0,%,0.0,0.0,0.18,0.0,0.0,0.0,0.0,0.0,0.0,0.2249999999999999,0.04,0.04,0.0,0.0,0.0,0.0,0.4499999999999999,0.7749999999999999,96.89,0.0,1.05,0.0,0.0,0.0,0.0,0.0,0.0,0.35,0.0,0.0,0.0,0.0,0.0,0.0,0.0,0.0,,,"Pseudocarburized And Oil Quenched, 150C (300F) Temper, 25 mm Round","Pseudocarburized And Oil Quenched, 150C (300F) Temper, 25 mm Round",516,0,Carburized – quenched (oil) – wear-resistant surface steel,0
,,,1,Steel database with labelled clusters,,,ASTM A782 Low Alloy Steel,Ultimate tensile strength,670.0,MPa,Yield strength,550.0,MPa,Ductility,18.0,%,0.0,0.0,0.2,0.0,0.0,0.0,0.0,0.0,0.0,0.6000000000000001,0.04,0.04,0.0,0.0,0.0,0.0,0.75,0.95,97.34,0.0,0.0,0.0,0.0,0.0,0.0,0.08,0.0,0.0,0.0,0.0,0.0,0.0,0.0,0.0,0.0,0.0,,,Class 1,Class 1,1370,1,Hot rolled – general construction steel,1
,,,1,Steel database with labelled clusters,,,AISI E9310 Steel,Ultimate tensile strength,910.0,MPa,Yield strength,570.0,MPa,Ductility,18.0,%,0.0,0.0,0.105,0.0,0.0,0.0,0.0,0.0,0.0,0.275,0.025,0.025,0.0,0.0,0.0,0.0,1.2,0.55,94.455,0.0,3.25,0.0,0.0,0.0,0.0,0.0,0.0,0.1149999999999999,0.0,0.0,0.0,0.0,0.0,0.0,0.0,0.0,,,"Normalized At 890C (1635F), 25 mm (1 In.) Round","Normalized At 890C (1635F), 25 mm (1 In.) Round",1016,4,Normalized (air cooled) – general-purpose steel,4
,,,1,Steel database with labelled clusters,,,AISI 8630 Steel,Ultimate tensile strength,895.0,MPa,Yield strength,738.0,MPa,Ductility,19.0,%,0.0,0.0,0.305,0.0,0.0,0.0,0.0,0.0,0.0,0.2249999999999999,0.035,0.04,0.0,0.0,0.0,0.0,0.5,0.8,97.345,0.0,0.55,0.0,0.0,0.0,0.0,0.0,0.0,0.2,0.0,0.0,0.0,0.0,0.0,0.0,0.0,0.0,,,"Water Quenched 845C (1550F), 480C (900F) Temper, 50 mm (2 In.) Round","Water Quenched 845C (1550F), 480C (900F) Temper, 50 mm (2 In.) Round",769,10,Quenched (water) & tempered – high-strength structural steel,10
,,,1,Steel database with labelled clusters,,,AISI 1030 Steel,Ultimate tensile strength,580.0,MPa,Yield strength,395.0,MPa,Ductility,29.0,%,0.0,0.0,0.305,0.0,0.0,0.0,0.0,0.0,0.0,0.0,0.04,0.05,0.0,0.0,0.0,0.0,0.0,0.75,98.855,0.0,0.0,0.0,0.0,0.0,0.0,0.0,0.0,0.0,0.0,0.0,0.0,0.0,0.0,0.0,0.0,0.0,,,"Water Quenched From 870C (1600F), 595C (1100F) Temper, 50 mm (2 In.) Round","Water Quenched From 870C (1600F), 595C (1100F) Temper, 50 mm (2 In.) Round",1722,10,Quenched (water) & tempered – high-strength structural steel,10
,,,1,Steel database with labelled clusters,,,AISI 5120 Steel,Ultimate tensile strength,979.0,MPa,Yield strength,786.0,MPa,Ductility,16.0,%,0.0,0.0,0.195,0.0,0.0,0.0,0.0,0.0,0.0,0.2249999999999999,0.035,0.04,0.0,0.0,0.0,0.0,0.8,0.8,97.905,0.0,0.0,0.0,0.0,0.0,0.0,0.0,0.0,0.0,0.0,0.0,0.0,0.0,0.0,0.0,0.0,0.0,,,"Heat Treated, Machined To 13.7 mm, Pseudocarburized, Reheated To 845C (1550F), 150C (300F) Temper","Heat Treated, Machined To 13.7 mm, Pseudocarburized, Reheated To 845C (1550F), 150C (300F) Temper",762,0,Carburized – quenched (oil) – wear-resistant surface steel,0
,,,1,Steel database with labelled clusters,,,ASTM A387 Alloy Steel,Ultimate tensile strength,415.0,MPa,Yield strength,240.0,MPa,Ductility,19.0,%,0.0,0.0,0.17,0.0,0.0,0.0,0.0,0.0,0.0,0.65,0.04,0.04,0.0,0.0,0.0,0.0,1.25,0.525,96.775,0.0,0.0,0.0,0.0,0.0,0.0,0.0,0.0,0.55,0.0,0.0,0.0,0.0,0.0,0.0,0.0,0.0,,,"Grade 11, Class 1","Grade 11, Class 1",1260,1,Hot rolled – general construction steel,1
,,,1,Steel database with labelled clusters,,,Cast Stainless Steel CF8C,Ultimate tensile strength,485.0,MPa,Yield strength,205.0,MPa,Ductility,30.0,%,0.0,0.0,0.08,0.0,0.0,0.0,0.0,0.0,0.0,1.0,0.04,0.04,0.0,0.0,0.0,0.0,19.5,1.5,67.34,0.0,10.5,0.0,0.0,0.0,0.0,0.0,0.0,0.0,0.0,0.0,0.0,0.0,0.0,0.0,0.0,0.0,,,Astm A451,Astm A451,1216,2,Quenched (oil) – general-purpose steel (tested),2
,,,1,Steel database with labelled clusters,,,ASTM A542 Low Alloy Steel,Ultimate tensile strength,585.0,MPa,Yield strength,415.0,MPa,Ductility,18.0,%,0.0,0.0,0.15,0.0,0.0,0.0,0.0,0.0,0.0,0.5,0.03,0.03,0.0,0.0,0.0,0.03,2.25,0.4499999999999999,95.76,0.0,0.4,0.4,0.0,0.0,0.0,0.0,0.0,0.0,0.0,0.0,0.0,0.0,0.0,0.0,0.0,0.0,,,"Grade A, Class 4A","Grade A, Class 4A",1449,1,Hot rolled – general construction steel,1
,,,1,Steel database with labelled clusters,,,AISI 1132 Steel,Ultimate tensile strength,635.0,MPa,Yield strength,530.0,MPa,Ductility,12.0,%,0.0,0.0,0.305,0.0,0.0,0.0,0.0,0.0,0.0,0.0,0.04,0.105,0.0,0.0,0.0,0.0,0.0,1.5,98.05,0.0,0.0,0.0,0.0,0.0,0.0,0.0,0.0,0.0,0.0,0.0,0.0,0.0,0.0,0.0,0.0,0.0,,,"Cold Drawn, 19-32 mm (0.75-1.25 In) Round","Cold Drawn, 19-32 mm (0.75-1.25 In) Round",1984,3,Normalized – easy-to-machine stock (cold drawn),3
,,,1,Steel database with labelled clusters,,,AISI 5140H Steel,Ultimate tensile strength,779.0,MPa,Yield strength,455.0,MPa,Ductility,21.0,%,0.0,0.0,0.405,0.0,0.0,0.0,0.0,0.0,0.0,0.2249999999999999,0.035,0.04,0.0,0.0,0.0,0.0,0.8,0.8,97.695,0.0,0.0,0.0,0.0,0.0,0.0,0.0,0.0,0.0,0.0,0.0,0.0,0.0,0.0,0.0,0.0,0.0,,,"Normalized, 50 mm (2 In.) Round","Normalized, 50 mm (2 In.) Round",522,9,Normalized – general-purpose steel (round normalized stock),9
,,,1,Steel database with labelled clusters,,,AISI 4130 Steel,Ultimate tensile strength,670.0,MPa,Yield strength,435.0,MPa,Ductility,25.0,%,0.0,0.0,0.305,0.0,0.0,0.0,0.0,0.0,0.0,0.2249999999999999,0.035,0.04,0.0,0.0,0.0,0.0,0.95,0.5,97.745,0.0,0.0,0.0,0.0,0.0,0.0,0.0,0.0,0.2,0.0,0.0,0.0,0.0,0.0,0.0,0.0,0.0,,,"Normalized At 870C (1600F), Air Cooled, 25 mm (1 In.) Round","Normalized At 870C (1600F), Air Cooled, 25 mm (1 In.) Round",23,4,Normalized (air cooled) – general-purpose steel,4
,,,1,Steel database with labelled clusters,,,AISI 4620 Steel,Ultimate tensile strength,580.0,MPa,Yield strength,365.0,MPa,Ductility,29.0,%,0.0,0.0,0.195,0.0,0.0,0.0,0.0,0.0,0.0,0.25,0.035,0.04,0.0,0.0,0.0,0.0,0.0,0.55,96.855,0.0,1.825,0.0,0.0,0.0,0.0,0.0,0.0,0.25,0.0,0.0,0.0,0.0,0.0,0.0,0.0,0.0,,,"Mock Carburized, 230C (450F) Temper, 100 mm (4 In.) Round","Mock Carburized, 230C (450F) Temper, 100 mm (4 In.) Round",357,8,Carburized – quenched (oil) – wear-resistant surface steel (variant),8
,,,1,Steel database with labelled clusters,,,ASTM A533 Low Alloy Steel,Ultimate tensile strength,550.0,MPa,Yield strength,345.0,MPa,Ductility,18.0,%,0.0,0.0,0.25,0.0,0.0,0.0,0.0,0.0,0.0,0.275,0.04,0.04,0.0,0.0,0.0,0.0,0.0,1.325,97.545,0.0,0.0,0.0,0.0,0.0,0.0,0.0,0.0,0.525,0.0,0.0,0.0,0.0,0.0,0.0,0.0,0.0,,,"Grade A, Class 1","Grade A, Class 1",1294,1,Hot rolled – general construction steel,1
,,,1,Steel database with labelled clusters,,,ASTM A517 Low Alloy Steel,Ultimate tensile strength,795.0,MPa,Yield strength,690.0,MPa,Ductility,16.0,%,0.0,0.003,0.15,0.0,0.0,0.0,0.0,0.0,0.0,0.2249999999999999,0.04,0.04,0.0,0.0,0.0,0.0,0.0,1.3,97.992,0.0,0.0,0.0,0.0,0.0,0.0,0.0,0.0,0.25,0.0,0.0,0.0,0.0,0.0,0.0,0.0,0.0,,,Grade C,Grade C,1331,1,Hot rolled – general construction steel,1
,,,1,Steel database with labelled clusters,,,AISI 1035 Steel,Ultimate tensile strength,450.0,MPa,Yield strength,380.0,MPa,Ductility,12.0,%,0.0,0.0,0.345,0.0,0.0,0.0,0.0,0.0,0.0,0.0,0.04,0.05,0.0,0.0,0.0,0.0,0.0,0.75,98.815,0.0,0.0,0.0,0.0,0.0,0.0,0.0,0.0,0.0,0.0,0.0,0.0,0.0,0.0,0.0,0.0,0.0,,,"Cold Drawn, High Temperature, Stress Relieved, 50-75 mm (2-3 In) Round","Cold Drawn, High Temperature, Stress Relieved, 50-75 mm (2-3 In) Round",1715,0,Carburized – quenched (oil) – wear-resistant surface steel,0
,,,1,Steel database with labelled clusters,,,AISI 4427 Steel,Ultimate tensile strength,951.0,MPa,Yield strength,560.0,MPa,Ductility,17.0,%,0.0,0.0,0.265,0.0,0.0,0.0,0.0,0.0,0.0,0.2249999999999999,0.035,0.04,0.0,0.0,0.0,0.0,0.0,0.8,98.235,0.0,0.0,0.0,0.0,0.0,0.0,0.0,0.0,0.4,0.0,0.0,0.0,0.0,0.0,0.0,0.0,0.0,,,"Heat Treated In 25 mm Rounds, Reheated To 765C (1410F), 150C (300F) Temper","Heat Treated In 25 mm Rounds, Reheated To 765C (1410F), 150C (300F) Temper",341,0,Carburized – quenched (oil) – wear-resistant surface steel,0
,,,1,Steel database with labelled clusters,,,AISI 4427 Steel,Ultimate tensile strength,1034.0,MPa,Yield strength,620.0,MPa,Ductility,14.0,%,0.0,0.0,0.265,0.0,0.0,0.0,0.0,0.0,0.0,0.2249999999999999,0.035,0.04,0.0,0.0,0.0,0.0,0.0,0.8,98.235,0.0,0.0,0.0,0.0,0.0,0.0,0.0,0.0,0.4,0.0,0.0,0.0,0.0,0.0,0.0,0.0,0.0,,,"Heat Treated In 25 mm Rounds, Reheated To 865C (1590F), 150C (300F) Temper","Heat Treated In 25 mm Rounds, Reheated To 865C (1590F), 150C (300F) Temper",432,0,Carburized – quenched (oil) – wear-resistant surface steel,0
,,,1,Steel database with labelled clusters,,,AISI 4620 Steel,Ultimate tensile strength,530.0,MPa,Yield strength,360.0,MPa,Ductility,30.0,%,0.0,0.0,0.195,0.0,0.0,0.0,0.0,0.0,0.0,0.25,0.035,0.04,0.0,0.0,0.0,0.0,0.0,0.55,96.855,0.0,1.825,0.0,0.0,0.0,0.0,0.0,0.0,0.25,0.0,0.0,0.0,0.0,0.0,0.0,0.0,0.0,,,"Normalized, 100 mm (4 In.) Round","Normalized, 100 mm (4 In.) Round",474,9,Normalized – general-purpose steel (round normalized stock),9
,,,1,Steel database with labelled clusters,,,AISI 4320H Steel,Ultimate tensile strength,1025.0,MPa,Yield strength,724.0,MPa,Ductility,17.0,%,0.0,0.0,0.2,0.0,0.0,0.0,0.0,0.0,0.0,0.2249999999999999,0.035,0.04,0.0,0.0,0.0,0.0,0.5,0.55,96.425,0.0,1.775,0.0,0.0,0.0,0.0,0.0,0.0,0.25,0.0,0.0,0.0,0.0,0.0,0.0,0.0,0.0,,,"Mock Carburized, Oil Quenched, 230C (450F) Temper, 25 mm Round","Mock Carburized, Oil Quenched, 230C (450F) Temper, 25 mm Round",218,8,Carburized – quenched (oil) – wear-resistant surface steel (variant),8
,,,1,Steel database with labelled clusters,,,AISI 8650 Steel,Ultimate tensile strength,1185.0,MPa,Yield strength,1105.0,MPa,Ductility,14.0,%,0.0,0.0,0.505,0.0,0.0,0.0,0.0,0.0,0.0,0.2249999999999999,0.035,0.045,0.0,0.0,0.0,0.0,0.5,0.875,97.065,0.0,0.55,0.0,0.0,0.0,0.0,0.0,0.0,0.2,0.0,0.0,0.0,0.0,0.0,0.0,0.0,0.0,,,"Oil Quenched 800C (1470F), 540C (1000F) Temper, 25 mm (1 In.) Round","Oil Quenched 800C (1470F), 540C (1000F) Temper, 25 mm (1 In.) Round",912,6,Quenched (oil) & tempered – high-strength structural steel,6
,,,1,Steel database with labelled clusters,,,ASTM A709 Steel,Ultimate tensile strength,400.0,MPa,Yield strength,220.0,MPa,Ductility,20.0,%,0.0,0.0,0.27,0.0,0.0,0.0,0.0,0.0,0.0,0.275,0.04,0.05,0.0,0.0,0.0,0.0,0.0,1.0,98.365,0.0,0.0,0.0,0.0,0.0,0.0,0.0,0.0,0.0,0.0,0.0,0.0,0.0,0.0,0.0,0.0,0.0,,,"Grade 36, Carbon Steel Plate (> 200 mm Wide)","Grade 36, Carbon Steel Plate (> 200 mm Wide)",1240,2,Quenched (oil) – general-purpose steel (tested),2
,,,1,Steel database with labelled clusters,,,AISI 1021 Steel,Ultimate tensile strength,931.0,MPa,Yield strength,515.0,MPa,Ductility,13.0,%,0.0,0.0,0.2,0.0,0.0,0.0,0.0,0.0,0.0,0.0,0.04,0.05,0.0,0.0,0.0,0.0,0.0,0.75,98.96,0.0,0.0,0.0,0.0,0.0,0.0,0.0,0.0,0.0,0.0,0.0,0.0,0.0,0.0,0.0,0.0,0.0,,,"Mock Carburized At 910C (1670F) For 8 Hours, 775C (1430F) Reheat, Water Quenched, 175C (350F) Temper, 13 mm (0.5 In.) Round","Mock Carburized At 910C (1670F) For 8 Hours, 775C (1430F) Reheat, Water Quenched, 175C (350F) Temper, 13 mm (0.5 In.) Round",1577,8,Carburized – quenched (oil) – wear-resistant surface steel (variant),8
,,,1,Steel database with labelled clusters,,,AISI 8630 Steel,Ultimate tensile strength,738.0,MPa,Yield strength,565.0,MPa,Ductility,23.0,%,0.0,0.0,0.305,0.0,0.0,0.0,0.0,0.0,0.0,0.2249999999999999,0.035,0.04,0.0,0.0,0.0,0.0,0.5,0.8,97.345,0.0,0.55,0.0,0.0,0.0,0.0,0.0,0.0,0.2,0.0,0.0,0.0,0.0,0.0,0.0,0.0,0.0,,,"Water Quenched 845C (1550F), 540C (1000F) Temper, 100 mm (4 In.) Round","Water Quenched 845C (1550F), 540C (1000F) Temper, 100 mm (4 In.) Round",1012,10,Quenched (water) & tempered – high-strength structural steel,10
,,,1,Steel database with labelled clusters,,,AISI 1524 Steel,Ultimate tensile strength,510.0,MPa,Yield strength,283.0,MPa,Ductility,12.0,%,0.0,0.0,0.22,0.0,0.0,0.0,0.0,0.0,0.0,0.0,0.04,0.05,0.0,0.0,0.0,0.0,0.0,1.5,98.19,0.0,0.0,0.0,0.0,0.0,0.0,0.0,0.0,0.0,0.0,0.0,0.0,0.0,0.0,0.0,0.0,0.0,,,Hot Rolled Bar (Uns G15240),Hot Rolled Bar (Uns G15240),1936,2,Quenched (oil) – general-purpose steel (tested),2
,,,1,Steel database with labelled clusters,,,AISI 4140 Steel,Ultimate tensile strength,1090.0,MPa,Yield strength,1025.0,MPa,Ductility,18.0,%,0.0,0.0,0.405,0.0,0.0,0.0,0.0,0.0,0.0,0.2249999999999999,0.035,0.04,0.0,0.0,0.0,0.0,0.95,0.875,97.27,0.0,0.0,0.0,0.0,0.0,0.0,0.0,0.0,0.2,0.0,0.0,0.0,0.0,0.0,0.0,0.0,0.0,,,"Oil Quenched, 13 mm (0.5 In.) Round (845C (1550F) Quench, 595C (1100F) Temper)","Oil Quenched, 13 mm (0.5 In.) Round (845C (1550F) Quench, 595C (1100F) Temper)",94,6,Quenched (oil) & tempered – high-strength structural steel,6
,,,1,Steel database with labelled clusters,,,AISI 9255 Steel,Ultimate tensile strength,779.0,MPa,Yield strength,485.0,MPa,Ductility,21.0,%,0.0,0.0,0.55,0.0,0.0,0.0,0.0,0.0,0.0,2.0,0.035,0.04,0.0,0.0,0.0,0.0,0.0,0.825,96.55,0.0,0.0,0.0,0.0,0.0,0.0,0.0,0.0,0.0,0.0,0.0,0.0,0.0,0.0,0.0,0.0,0.0,,,"Annealed At 845C (1550F), 25 mm (1 In.) Round","Annealed At 845C (1550F), 25 mm (1 In.) Round",1009,7,Annealed – easy-to-machine – round annealed stock,7
,,,1,Steel database with labelled clusters,,,AISI 9840 Steel,Ultimate tensile strength,965.0,MPa,Yield strength,825.0,MPa,Ductility,19.0,%,0.0,0.0,0.405,0.0,0.0,0.0,0.0,0.0,0.0,0.2249999999999999,0.035,0.04,0.0,0.0,0.0,0.0,0.8,0.8,96.445,0.0,1.0,0.0,0.0,0.0,0.0,0.0,0.0,0.25,0.0,0.0,0.0,0.0,0.0,0.0,0.0,0.0,,,"650C (1200F) Temper, 25 mm (1 In.) Round","650C (1200F) Temper, 25 mm (1 In.) Round",1071,0,Carburized – quenched (oil) – wear-resistant surface steel,0
,,,1,Steel database with labelled clusters,,,AISI Grade 18Ni (250) Maraging Steel,Ultimate tensile strength,1931.0,MPa,Yield strength,1844.0,MPa,Ductility,4.0,%,0.0,0.0,0.03,0.0,0.0,0.0,0.0,0.0,0.1,0.1,0.01,0.01,0.0,0.0,0.4,0.0,0.0,0.1,68.44,7.5,18.5,0.0,0.0,0.0,0.0,0.01,0.0,4.8,0.0,0.0,0.0,0.0,0.0,0.0,0.0,0.0,,,"3.18 mm Thick Sheet, Solution Annealed At 815C (1500F) For 30 Minutes, Air Cooled, Aged At 480C (900F) For 6 Hours","3.18 mm Thick Sheet, Solution Annealed At 815C (1500F) For 30 Minutes, Air Cooled, Aged At 480C (900F) For 6 Hours",1093,0,Carburized – quenched (oil) – wear-resistant surface steel,0
,,,1,Steel database with labelled clusters,,,AISI 1021 Steel,Ultimate tensile strength,615.0,MPa,Yield strength,380.0,MPa,Ductility,25.0,%,0.0,0.0,0.2,0.0,0.0,0.0,0.0,0.0,0.0,0.0,0.04,0.05,0.0,0.0,0.0,0.0,0.0,0.75,98.96,0.0,0.0,0.0,0.0,0.0,0.0,0.0,0.0,0.0,0.0,0.0,0.0,0.0,0.0,0.0,0.0,0.0,,,"Mock Carburized At 910C (1670F) For 8 Hours, 775C (1430F) Reheat, Water Quenched, 175C (350F) Temper, 25 mm (1 In.) Round","Mock Carburized At 910C (1670F) For 8 Hours, 775C (1430F) Reheat, Water Quenched, 175C (350F) Temper, 25 mm (1 In.) Round",1566,8,Carburized – quenched (oil) – wear-resistant surface steel (variant),8
,,,1,Steel database with labelled clusters,,,ASTM A387 Alloy Steel,Ultimate tensile strength,450.0,MPa,Yield strength,275.0,MPa,Ductility,19.0,%,0.0,0.0,0.17,0.0,0.0,0.0,0.0,0.0,0.0,0.275,0.04,0.04,0.0,0.0,0.0,0.0,0.975,0.525,97.45,0.0,0.0,0.0,0.0,0.0,0.0,0.0,0.0,0.525,0.0,0.0,0.0,0.0,0.0,0.0,0.0,0.0,,,"Grade 12, Class 2","Grade 12, Class 2",1327,1,Hot rolled – general construction steel,1
,,,1,Steel database with labelled clusters,,,AISI 5160 Steel,Ultimate tensile strength,889.0,MPa,Yield strength,615.0,MPa,Ductility,21.0,%,0.0,0.0,0.6000000000000001,0.0,0.0,0.0,0.0,0.0,0.0,0.2249999999999999,0.035,0.04,0.0,0.0,0.0,0.0,0.8,0.875,97.425,0.0,0.0,0.0,0.0,0.0,0.0,0.0,0.0,0.0,0.0,0.0,0.0,0.0,0.0,0.0,0.0,0.0,,,"Oil Quenched From 830C (1525F), 595C (1100F) Temper, 100 mm (4 In.) Round","Oil Quenched From 830C (1525F), 595C (1100F) Temper, 100 mm (4 In.) Round",697,6,Quenched (oil) & tempered – high-strength structural steel,6
,,,1,Steel database with labelled clusters,,,AISI 1050 Steel,Ultimate tensile strength,696.0,MPa,Yield strength,405.0,MPa,Ductility,25.0,%,0.0,0.0,0.51,0.0,0.0,0.0,0.0,0.0,0.0,0.0,0.04,0.05,0.0,0.0,0.0,0.0,0.0,0.75,98.65,0.0,0.0,0.0,0.0,0.0,0.0,0.0,0.0,0.0,0.0,0.0,0.0,0.0,0.0,0.0,0.0,0.0,,,"Oil Quenched 845C (1550F), 595C (1100F) Temper, 100 mm (4 In.) Round","Oil Quenched 845C (1550F), 595C (1100F) Temper, 100 mm (4 In.) Round",1767,6,Quenched (oil) & tempered – high-strength structural steel,6
,,,1,Steel database with labelled clusters,,,AISI 9840 Steel,Ultimate tensile strength,1105.0,MPa,Yield strength,965.0,MPa,Ductility,16.0,%,0.0,0.0,0.405,0.0,0.0,0.0,0.0,0.0,0.0,0.2249999999999999,0.035,0.04,0.0,0.0,0.0,0.0,0.8,0.8,96.445,0.0,1.0,0.0,0.0,0.0,0.0,0.0,0.0,0.25,0.0,0.0,0.0,0.0,0.0,0.0,0.0,0.0,,,"595C (1100F) Temper, 25 mm (1 In.) Round","595C (1100F) Temper, 25 mm (1 In.) Round",997,0,Carburized – quenched (oil) – wear-resistant surface steel,0
,,,1,Steel database with labelled clusters,,,AISI 4130H Steel,Ultimate tensile strength,883.0,MPa,Yield strength,779.0,MPa,Ductility,21.0,%,0.0,0.0,0.3,0.0,0.0,0.0,0.0,0.0,0.0,0.25,0.035,0.04,0.0,0.0,0.0,0.0,0.975,0.5,97.7,0.0,0.0,0.0,0.0,0.0,0.0,0.0,0.0,0.2,0.0,0.0,0.0,0.0,0.0,0.0,0.0,0.0,,,"Water Quenched 855C (1570F), 595C (1100F) Temper, 25 mm (1 In.) Round","Water Quenched 855C (1570F), 595C (1100F) Temper, 25 mm (1 In.) Round",154,10,Quenched (water) & tempered – high-strength structural steel,10
,,,1,Steel database with labelled clusters,,,AISI 8640 Steel,Ultimate tensile strength,848.0,MPa,Yield strength,717.0,MPa,Ductility,19.0,%,0.0,0.0,0.405,0.0,0.0,0.0,0.0,0.0,0.0,0.2249999999999999,0.035,0.04,0.0,0.0,0.0,0.0,0.5,0.875,97.17,0.0,0.55,0.0,0.0,0.0,0.0,0.0,0.0,0.2,0.0,0.0,0.0,0.0,0.0,0.0,0.0,0.0,,,"Oil Quenched 845C (1550F), 650C (1200F) Temper, 50 mm (2 In.) Round","Oil Quenched 845C (1550F), 650C (1200F) Temper, 50 mm (2 In.) Round",1100,6,Quenched (oil) & tempered – high-strength structural steel,6
,,,1,Steel database with labelled clusters,,,AISI 1040 Steel,Ultimate tensile strength,620.0,MPa,Yield strength,550.0,MPa,Ductility,12.0,%,0.0,0.0,0.405,0.0,0.0,0.0,0.0,0.0,0.0,0.0,0.04,0.05,0.0,0.0,0.0,0.0,0.0,0.75,98.755,0.0,0.0,0.0,0.0,0.0,0.0,0.0,0.0,0.0,0.0,0.0,0.0,0.0,0.0,0.0,0.0,0.0,,,"As Cold Drawn, 16-22 mm (0.625-0.875 In) Round","As Cold Drawn, 16-22 mm (0.625-0.875 In) Round",1696,3,Normalized – easy-to-machine stock (cold drawn),3
,,,1,Steel database with labelled clusters,,,AISI 1548 Steel,Ultimate tensile strength,731.0,MPa,Yield strength,620.0,MPa,Ductility,10.0,%,0.0,0.0,0.48,0.0,0.0,0.0,0.0,0.0,0.0,0.0,0.04,0.05,0.0,0.0,0.0,0.0,0.0,1.225,98.205,0.0,0.0,0.0,0.0,0.0,0.0,0.0,0.0,0.0,0.0,0.0,0.0,0.0,0.0,0.0,0.0,0.0,,,"Cold Drawn, 19-32 mm (0.75-1.25 In) Round","Cold Drawn, 19-32 mm (0.75-1.25 In) Round",2074,3,Normalized – easy-to-machine stock (cold drawn),3
,,,1,Steel database with labelled clusters,,,AISI 5160H Steel,Ultimate tensile strength,889.0,MPa,Yield strength,765.0,MPa,Ductility,20.0,%,0.0,0.0,0.6000000000000001,0.0,0.0,0.0,0.0,0.0,0.0,0.2249999999999999,0.035,0.04,0.0,0.0,0.0,0.0,0.8,0.875,97.425,0.0,0.0,0.0,0.0,0.0,0.0,0.0,0.0,0.0,0.0,0.0,0.0,0.0,0.0,0.0,0.0,0.0,,,"Oil Quenched From 830C (1525F), 650C (1200F) Temper, 25 mm (1 In.) Round","Oil Quenched From 830C (1525F), 650C (1200F) Temper, 25 mm (1 In.) Round",790,6,Quenched (oil) & tempered – high-strength structural steel,6
,,,1,Steel database with labelled clusters,,,AISI 5150 Steel,Ultimate tensile strength,910.0,MPa,Yield strength,670.0,MPa,Ductility,18.0,%,0.0,0.0,0.505,0.0,0.0,0.0,0.0,0.0,0.0,0.2249999999999999,0.035,0.04,0.0,0.0,0.0,0.0,0.8,0.8,97.595,0.0,0.0,0.0,0.0,0.0,0.0,0.0,0.0,0.0,0.0,0.0,0.0,0.0,0.0,0.0,0.0,0.0,,,"Oil Quenched From 830C (1525F), 540C (1000F) Temper, 50 mm (2 In.) Round","Oil Quenched From 830C (1525F), 540C (1000F) Temper, 50 mm (2 In.) Round",581,6,Quenched (oil) & tempered – high-strength structural steel,6
,,,1,Steel database with labelled clusters,,,AISI 8620 Steel,Ultimate tensile strength,660.0,MPa,Yield strength,370.0,MPa,Ductility,26.0,%,0.0,0.0,0.205,0.0,0.0,0.0,0.0,0.0,0.0,0.25,0.035,0.04,0.0,0.0,0.0,0.0,0.5,0.8,97.42,0.0,0.55,0.0,0.0,0.0,0.0,0.0,0.0,0.2,0.0,0.0,0.0,0.0,0.0,0.0,0.0,0.0,,,"Normalized (Heated To 915C Air Cooled), 13 mm (0.5 In.) Round","Normalized (Heated To 915C Air Cooled), 13 mm (0.5 In.) Round",704,4,Normalized (air cooled) – general-purpose steel,4
,,,1,Steel database with labelled clusters,,,ASTM A283 Steel,Ultimate tensile strength,415.0,MPa,Yield strength,230.0,MPa,Ductility,20.0,%,0.0,0.0,0.27,0.0,0.0,0.0,0.0,0.0,0.0,0.04,0.04,0.05,0.0,0.0,0.0,0.0,0.0,0.9,98.5,0.0,0.0,0.2,0.0,0.0,0.0,0.0,0.0,0.0,0.0,0.0,0.0,0.0,0.0,0.0,0.0,0.0,,,Grade D,Grade D,1225,1,Hot rolled – general construction steel,1
,,,1,Steel database with labelled clusters,,,ASTM A542 Low Alloy Steel,Ultimate tensile strength,725.0,MPa,Yield strength,585.0,MPa,Ductility,14.0,%,0.0,0.002,0.125,0.0,0.0,0.0,0.0,0.0,0.0,0.13,0.03,0.03,0.0,0.0,0.025,0.25,3.0,0.4499999999999999,95.458,0.0,0.25,0.25,0.0,0.0,0.0,0.0,0.0,0.0,0.0,0.0,0.0,0.0,0.0,0.0,0.0,0.0,,,"Grade C, Class 1","Grade C, Class 1",1314,1,Hot rolled – general construction steel,1
,,,1,Steel database with labelled clusters,,,AISI 1050 Steel,Ultimate tensile strength,550.0,MPa,Yield strength,450.0,MPa,Ductility,12.0,%,0.0,0.0,0.51,0.0,0.0,0.0,0.0,0.0,0.0,0.0,0.04,0.05,0.0,0.0,0.0,0.0,0.0,0.75,98.65,0.0,0.0,0.0,0.0,0.0,0.0,0.0,0.0,0.0,0.0,0.0,0.0,0.0,0.0,0.0,0.0,0.0,,,"Cold Drawn, High Temperature, Stress Relieved, 50-75 mm (2-3 In) Round","Cold Drawn, High Temperature, Stress Relieved, 50-75 mm (2-3 In) Round",1645,0,Carburized – quenched (oil) – wear-resistant surface steel,0
,,,1,Steel database with labelled clusters,,,ASTM A387 Alloy Steel,Ultimate tensile strength,380.0,MPa,Yield strength,230.0,MPa,Ductility,18.0,%,0.0,0.0,0.21,0.0,0.0,0.0,0.0,0.0,0.0,0.275,0.04,0.04,0.0,0.0,0.0,0.0,0.65,0.675,97.585,0.0,0.0,0.0,0.0,0.0,0.0,0.0,0.0,0.525,0.0,0.0,0.0,0.0,0.0,0.0,0.0,0.0,,,"Grade 2, Class 1","Grade 2, Class 1",1274,1,Hot rolled – general construction steel,1
,,,1,Steel database with labelled clusters,,,AISI 4718 Steel,Ultimate tensile strength,1127.0,MPa,Yield strength,812.0,MPa,Ductility,15.0,%,0.0,0.0,0.185,0.0,0.0,0.0,0.0,0.0,0.0,0.275,0.04,0.04,0.0,0.0,0.0,0.0,0.45,0.8,96.81,0.0,1.05,0.0,0.0,0.0,0.0,0.0,0.0,0.35,0.0,0.0,0.0,0.0,0.0,0.0,0.0,0.0,,,"Pseudocarburized And Oil Quenched, 150C (300F) Temper, 25 mm Round","Pseudocarburized And Oil Quenched, 150C (300F) Temper, 25 mm Round",488,0,Carburized – quenched (oil) – wear-resistant surface steel,0
,,,1,Steel database with labelled clusters,,,AISI 5150 Steel,Ultimate tensile strength,848.0,MPa,Yield strength,495.0,MPa,Ductility,20.0,%,0.0,0.0,0.505,0.0,0.0,0.0,0.0,0.0,0.0,0.2249999999999999,0.035,0.04,0.0,0.0,0.0,0.0,0.8,0.8,97.595,0.0,0.0,0.0,0.0,0.0,0.0,0.0,0.0,0.0,0.0,0.0,0.0,0.0,0.0,0.0,0.0,0.0,,,"Normalized, 50 mm (2 In.) Round","Normalized, 50 mm (2 In.) Round",560,9,Normalized – general-purpose steel (round normalized stock),9
,,,1,Steel database with labelled clusters,,,Cast Stainless Steel CF3MN,Ultimate tensile strength,485.0,MPa,Yield strength,205.0,MPa,Ductility,30.0,%,0.0,0.0,0.03,0.0,0.0,0.0,0.0,0.0,0.0,1.5,0.04,0.04,0.0,0.0,0.0,0.0,19.0,1.5,64.39,0.0,11.0,0.0,0.0,0.0,0.0,0.0,0.0,2.5,0.0,0.0,0.0,0.0,0.0,0.0,0.0,0.0,,,Astm A744,Astm A744,1151,2,Quenched (oil) – general-purpose steel (tested),2
,,,1,Steel database with labelled clusters,,,ASTM A709 Steel,Ultimate tensile strength,760.0,MPa,Yield strength,690.0,MPa,Ductility,18.0,%,0.0,0.0,0.155,0.0,0.0,0.0,0.0,0.0,0.0,0.0,0.035,0.04,0.0,0.0,0.0,0.0,0.0,0.95,98.82,0.0,0.0,0.0,0.0,0.0,0.0,0.0,0.0,0.0,0.0,0.0,0.0,0.0,0.0,0.0,0.0,0.0,,,"Grade 100 And 100W, _ 64 mm","Grade 100 And 100W, _ 64 mm",1120,1,Hot rolled – general construction steel,1
,,,1,Steel database with labelled clusters,,,AISI 8630H Steel,Ultimate tensile strength,765.0,MPa,Yield strength,615.0,MPa,Ductility,22.0,%,0.0,0.0,0.3,0.0,0.0,0.0,0.0,0.0,0.0,0.2249999999999999,0.035,0.04,0.0,0.0,0.0,0.0,0.5,0.8,97.35,0.0,0.55,0.0,0.0,0.0,0.0,0.0,0.0,0.2,0.0,0.0,0.0,0.0,0.0,0.0,0.0,0.0,,,"Water Quenched 845C (1550F), 595C (1100F) Temper, 50 mm (2 In.) Round","Water Quenched 845C (1550F), 595C (1100F) Temper, 50 mm (2 In.) Round",802,10,Quenched (water) & tempered – high-strength structural steel,10
,,,1,Steel database with labelled clusters,,,AISI 4820 Steel,Ultimate tensile strength,738.0,MPa,Yield strength,475.0,MPa,Ductility,23.0,%,0.0,0.0,0.205,0.0,0.0,0.0,0.0,0.0,0.0,0.2249999999999999,0.035,0.04,0.0,0.0,0.0,0.0,0.0,0.6,95.145,0.0,3.5,0.0,0.0,0.0,0.0,0.0,0.0,0.25,0.0,0.0,0.0,0.0,0.0,0.0,0.0,0.0,,,"Normalized 860C (1580F), 50 mm (2 In.) Round","Normalized 860C (1580F), 50 mm (2 In.) Round",513,4,Normalized (air cooled) – general-purpose steel,4
,,,1,Steel database with labelled clusters,,,AISI 5140H Steel,Ultimate tensile strength,758.0,MPa,Yield strength,565.0,MPa,Ductility,24.0,%,0.0,0.0,0.405,0.0,0.0,0.0,0.0,0.0,0.0,0.2249999999999999,0.035,0.04,0.0,0.0,0.0,0.0,0.8,0.8,97.695,0.0,0.0,0.0,0.0,0.0,0.0,0.0,0.0,0.0,0.0,0.0,0.0,0.0,0.0,0.0,0.0,0.0,,,"Oil Quenched 845C (1550F), 650C (1200F) Temper, 50 mm (2 In.) Round","Oil Quenched 845C (1550F), 650C (1200F) Temper, 50 mm (2 In.) Round",634,6,Quenched (oil) & tempered – high-strength structural steel,6
,,,1,Steel database with labelled clusters,,,ASTM A387 Alloy Steel,Ultimate tensile strength,515.0,MPa,Yield strength,310.0,MPa,Ductility,18.0,%,0.0,0.0,0.1,0.0,0.0,0.0,0.0,0.0,0.0,0.5,0.025,0.025,0.0,0.0,0.0,0.0,2.25,0.4499999999999999,95.65,0.0,0.0,0.0,0.0,0.0,0.0,0.0,0.0,1.0,0.0,0.0,0.0,0.0,0.0,0.0,0.0,0.0,,,"Grade 22, Chromium Molybdenum","Grade 22, Chromium Molybdenum",1460,2,Quenched (oil) – general-purpose steel (tested),2
,,,1,Steel database with labelled clusters,,,AISI 1117 Steel,Ultimate tensile strength,425.0,MPa,Yield strength,285.0,MPa,Ductility,33.0,%,0.0,0.0,0.17,0.0,0.0,0.0,0.0,0.0,0.0,0.0,0.04,0.105,0.0,0.0,0.0,0.0,0.0,1.15,98.535,0.0,0.0,0.0,0.0,0.0,0.0,0.0,0.0,0.0,0.0,0.0,0.0,0.0,0.0,0.0,0.0,0.0,,,Annealed At 855C (1575F),Annealed At 855C (1575F),1762,7,Annealed – easy-to-machine – round annealed stock,7
,,,1,Steel database with labelled clusters,,,AISI 1022 Steel,Ultimate tensile strength,560.0,MPa,Yield strength,355.0,MPa,Ductility,30.0,%,0.0,0.0,0.2,0.0,0.0,0.0,0.0,0.0,0.0,0.0,0.04,0.05,0.0,0.0,0.0,0.0,0.0,0.85,98.86,0.0,0.0,0.0,0.0,0.0,0.0,0.0,0.0,0.0,0.0,0.0,0.0,0.0,0.0,0.0,0.0,0.0,,,"Heat Treated, Reheated To 800C, 13.7 mm Round","Heat Treated, Reheated To 800C, 13.7 mm Round",1525,0,Carburized – quenched (oil) – wear-resistant surface steel,0
,,,1,Steel database with labelled clusters,,,Cast Stainless Steel CK20,Ultimate tensile strength,450.0,MPa,Yield strength,195.0,MPa,Ductility,30.0,%,0.0,0.0,0.2,0.0,0.0,0.0,0.0,0.0,0.0,1.75,0.04,0.04,0.0,0.0,0.0,0.0,25.0,1.5,50.47,0.0,20.5,0.0,0.0,0.0,0.0,0.0,0.0,0.5,0.0,0.0,0.0,0.0,0.0,0.0,0.0,0.0,,,Astm A351,Astm A351,1160,2,Quenched (oil) – general-purpose steel (tested),2
,,,1,Steel database with labelled clusters,,,AISI 8620H Steel,Ultimate tensile strength,675.0,MPa,Yield strength,400.0,MPa,Ductility,24.0,%,0.0,0.0,0.205,0.0,0.0,0.0,0.0,0.0,0.0,0.25,0.035,0.04,0.0,0.0,0.0,0.0,0.5,0.7749999999999999,97.445,0.0,0.55,0.0,0.0,0.0,0.0,0.0,0.0,0.2,0.0,0.0,0.0,0.0,0.0,0.0,0.0,0.0,,,"Mock Carburized, Reheated And Oil Quenched, 150C (300F) Temper, 100 mm (4 In.) Round","Mock Carburized, Reheated And Oil Quenched, 150C (300F) Temper, 100 mm (4 In.) Round",791,8,Carburized – quenched (oil) – wear-resistant surface steel (variant),8
,,,1,Steel database with labelled clusters,,,AISI 4023 Steel,Ultimate tensile strength,724.0,MPa,Yield strength,415.0,MPa,Ductility,19.0,%,0.0,0.0,0.225,0.0,0.0,0.0,0.0,0.0,0.0,0.25,0.035,0.04,0.0,0.0,0.0,0.0,0.0,0.8,98.4,0.0,0.0,0.0,0.0,0.0,0.0,0.0,0.0,0.25,0.0,0.0,0.0,0.0,0.0,0.0,0.0,0.0,,,"Normalized At 925C (1700F), Machined To 25 mm (1 In.) Rounds, Pseudocarburized At 925C (1700F), Box Cooled To Rt, Reheated To 775C (1430F) And Oil Quenched, 150C (300F) Temper","Normalized At 925C (1700F), Machined To 25 mm (1 In.) Rounds, Pseudocarburized At 925C (1700F), Box Cooled To Rt, Reheated To 775C (1430F) And Oil Quenched, 150C (300F) Temper",117,0,Carburized – quenched (oil) – wear-resistant surface steel,0
,,,1,Steel database with labelled clusters,,,AISI 6150 Steel,Ultimate tensile strength,1240.0,MPa,Yield strength,1225.0,MPa,Ductility,14.0,%,0.0,0.0,0.505,0.0,0.0,0.0,0.0,0.0,0.0,0.2249999999999999,0.035,0.04,0.0,0.0,0.0,0.15,0.95,0.8,97.295,0.0,0.0,0.0,0.0,0.0,0.0,0.0,0.0,0.0,0.0,0.0,0.0,0.0,0.0,0.0,0.0,0.0,,,"Oil Quenched 845C (1550F), 540C (1000F) Temper, 13 mm (0.5 In.) Round","Oil Quenched 845C (1550F), 540C (1000F) Temper, 13 mm (0.5 In.) Round",741,6,Quenched (oil) & tempered – high-strength structural steel,6
,,,1,Steel database with labelled clusters,,,AISI 1117 Steel,Ultimate tensile strength,515.0,MPa,Yield strength,450.0,MPa,Ductility,15.0,%,0.0,0.0,0.17,0.0,0.0,0.0,0.0,0.0,0.0,0.0,0.04,0.105,0.0,0.0,0.0,0.0,0.0,1.15,98.535,0.0,0.0,0.0,0.0,0.0,0.0,0.0,0.0,0.0,0.0,0.0,0.0,0.0,0.0,0.0,0.0,0.0,,,"As Cold Drawn, 16-22 mm (0.625-0.875 In) Round","As Cold Drawn, 16-22 mm (0.625-0.875 In) Round",1758,3,Normalized – easy-to-machine stock (cold drawn),3
,,,1,Steel database with labelled clusters,,,AISI 1340H Steel,Ultimate tensile strength,710.0,MPa,Yield strength,490.0,MPa,Ductility,25.0,%,0.0,0.0,0.405,0.0,0.0,0.0,0.0,0.0,0.0,0.25,0.035,0.04,0.0,0.0,0.0,0.0,0.0,1.75,97.52,0.0,0.0,0.0,0.0,0.0,0.0,0.0,0.0,0.0,0.0,0.0,0.0,0.0,0.0,0.0,0.0,0.0,,,"Oil Quenched From 830C (1525F), 595C (1100F) Temper, 100 mm (4 In.) Round","Oil Quenched From 830C (1525F), 595C (1100F) Temper, 100 mm (4 In.) Round",1082,6,Quenched (oil) & tempered – high-strength structural steel,6
,,,1,Steel database with labelled clusters,,,AISI 8650 Steel,Ultimate tensile strength,1020.0,MPa,Yield strength,689.0,MPa,Ductility,14.0,%,0.0,0.0,0.505,0.0,0.0,0.0,0.0,0.0,0.0,0.2249999999999999,0.035,0.045,0.0,0.0,0.0,0.0,0.5,0.875,97.065,0.0,0.55,0.0,0.0,0.0,0.0,0.0,0.0,0.2,0.0,0.0,0.0,0.0,0.0,0.0,0.0,0.0,,,"Normalized, 25 mm (1 In.) Round","Normalized, 25 mm (1 In.) Round",831,9,Normalized – general-purpose steel (round normalized stock),9
,,,1,Steel database with labelled clusters,,,AISI 4023 Steel,Ultimate tensile strength,986.0,MPa,Yield strength,724.0,MPa,Ductility,16.0,%,0.0,0.0,0.225,0.0,0.0,0.0,0.0,0.0,0.0,0.25,0.035,0.04,0.0,0.0,0.0,0.0,0.0,0.8,98.4,0.0,0.0,0.0,0.0,0.0,0.0,0.0,0.0,0.25,0.0,0.0,0.0,0.0,0.0,0.0,0.0,0.0,,,"Normalized At 925C (1700F), Machined To 13.7 mm (0.540 In.) Rounds, Pseudocarburized At 925C (1700F), Box Cooled To Rt, Reheated To 855C (1570F) And Oil Quenched, 150C (300F) Temper","Normalized At 925C (1700F), Machined To 13.7 mm (0.540 In.) Rounds, Pseudocarburized At 925C (1700F), Box Cooled To Rt, Reheated To 855C (1570F) And Oil Quenched, 150C (300F) Temper",120,0,Carburized – quenched (oil) – wear-resistant surface steel,0
,,,1,Steel database with labelled clusters,,,AISI 6150 Steel,Ultimate tensile strength,1200.0,MPa,Yield strength,1160.0,MPa,Ductility,14.0,%,0.0,0.0,0.505,0.0,0.0,0.0,0.0,0.0,0.0,0.2249999999999999,0.035,0.04,0.0,0.0,0.0,0.15,0.95,0.8,97.295,0.0,0.0,0.0,0.0,0.0,0.0,0.0,0.0,0.0,0.0,0.0,0.0,0.0,0.0,0.0,0.0,0.0,,,"Oil Quenched 845C (1550F), 540C (1000F) Temper, 25 mm (1 In.) Round","Oil Quenched 845C (1550F), 540C (1000F) Temper, 25 mm (1 In.) Round",657,6,Quenched (oil) & tempered – high-strength structural steel,6
,,,1,Steel database with labelled clusters,,,AISI 12L13 Steel,Ultimate tensile strength,540.0,MPa,Yield strength,415.0,MPa,Ductility,10.0,%,0.0,0.0,0.13,0.0,0.0,0.0,0.0,0.0,0.0,0.0,0.095,0.285,0.0,0.0,0.0,0.0,0.0,0.85,98.64,0.0,0.0,0.0,0.0,0.0,0.0,0.0,0.0,0.0,0.0,0.0,0.0,0.0,0.0,0.0,0.0,0.0,,,"Cold Drawn, 19-38 mm Round","Cold Drawn, 19-38 mm Round",1882,3,Normalized – easy-to-machine stock (cold drawn),3
,,,1,Steel database with labelled clusters,,,AISI 5140H Steel,Ultimate tensile strength,896.0,MPa,Yield strength,779.0,MPa,Ductility,20.0,%,0.0,0.0,0.405,0.0,0.0,0.0,0.0,0.0,0.0,0.2249999999999999,0.035,0.04,0.0,0.0,0.0,0.0,0.8,0.8,97.695,0.0,0.0,0.0,0.0,0.0,0.0,0.0,0.0,0.0,0.0,0.0,0.0,0.0,0.0,0.0,0.0,0.0,,,"Oil Quenched 845C (1550F), 595C (1100F) Temper, 13 mm (0.5 In.) Round","Oil Quenched 845C (1550F), 595C (1100F) Temper, 13 mm (0.5 In.) Round",636,6,Quenched (oil) & tempered – high-strength structural steel,6
,,,1,Steel database with labelled clusters,,,AISI 4340 Steel,Ultimate tensile strength,1005.0,MPa,Yield strength,938.0,MPa,Ductility,20.0,%,0.0,0.0,0.4,0.0,0.0,0.0,0.0,0.0,0.0,0.2249999999999999,0.035,0.04,0.0,0.0,0.0,0.0,0.8,0.7,95.725,0.0,1.825,0.0,0.0,0.0,0.0,0.0,0.0,0.25,0.0,0.0,0.0,0.0,0.0,0.0,0.0,0.0,,,"Oil Quenched 845C, 650C (1200F) Temper","Oil Quenched 845C, 650C (1200F) Temper",370,6,Quenched (oil) & tempered – high-strength structural steel,6
,,,1,Steel database with labelled clusters,,,AISI 4340 Steel,Ultimate tensile strength,1855.0,MPa,Yield strength,1550.0,MPa,Ductility,12.0,%,0.0,0.0,0.4,0.0,0.0,0.0,0.0,0.0,0.0,0.2249999999999999,0.035,0.04,0.0,0.0,0.0,0.0,0.8,0.7,95.725,0.0,1.825,0.0,0.0,0.0,0.0,0.0,0.0,0.25,0.0,0.0,0.0,0.0,0.0,0.0,0.0,0.0,,,"Oil Quenched 855C (1570F), 230C (450F) Temper For 4 Hrs.","Oil Quenched 855C (1570F), 230C (450F) Temper For 4 Hrs.",269,6,Quenched (oil) & tempered – high-strength structural steel,6
,,,1,Steel database with labelled clusters,,,AISI 6150H Steel,Ultimate tensile strength,1050.0,MPa,Yield strength,876.0,MPa,Ductility,16.0,%,0.0,0.0,0.505,0.0,0.0,0.0,0.0,0.0,0.0,0.2249999999999999,0.035,0.04,0.0,0.0,0.0,0.15,0.975,0.8,97.27,0.0,0.0,0.0,0.0,0.0,0.0,0.0,0.0,0.0,0.0,0.0,0.0,0.0,0.0,0.0,0.0,0.0,,,"Oil Quenched 845C (1550F), 540C (1000F) Temper, 100 mm (4 In.) Round","Oil Quenched 845C (1550F), 540C (1000F) Temper, 100 mm (4 In.) Round",656,6,Quenched (oil) & tempered – high-strength structural steel,6
,,,1,Steel database with labelled clusters,,,AISI 8740H Steel,Ultimate tensile strength,800.0,MPa,Yield strength,605.0,MPa,Ductility,22.0,%,0.0,0.0,0.405,0.0,0.0,0.0,0.0,0.0,0.0,0.2249999999999999,0.035,0.04,0.0,0.0,0.0,0.0,0.5,0.875,97.12,0.0,0.55,0.0,0.0,0.0,0.0,0.0,0.0,0.25,0.0,0.0,0.0,0.0,0.0,0.0,0.0,0.0,,,"Oil Quenched 830C (1525F), 650C (1200F) Temper, 100 mm (4 In.) Round","Oil Quenched 830C (1525F), 650C (1200F) Temper, 100 mm (4 In.) Round",936,6,Quenched (oil) & tempered – high-strength structural steel,6
,,,1,Steel database with labelled clusters,,,AISI 86B30H Steel,Ultimate tensile strength,655.0,MPa,Yield strength,425.0,MPa,Ductility,25.0,%,0.0,0.00175,0.3,0.0,0.0,0.0,0.0,0.0,0.0,0.2249999999999999,0.035,0.04,0.0,0.0,0.0,0.0,0.5,0.8,97.34825,0.0,0.55,0.0,0.0,0.0,0.0,0.0,0.0,0.2,0.0,0.0,0.0,0.0,0.0,0.0,0.0,0.0,,,"Normalized, 13 mm (0.5 In.) Round","Normalized, 13 mm (0.5 In.) Round",823,9,Normalized – general-purpose steel (round normalized stock),9
,,,1,Steel database with labelled clusters,,,AISI 86B30H Steel,Ultimate tensile strength,1015.0,MPa,Yield strength,910.0,MPa,Ductility,16.0,%,0.0,0.00175,0.3,0.0,0.0,0.0,0.0,0.0,0.0,0.2249999999999999,0.035,0.04,0.0,0.0,0.0,0.0,0.5,0.8,97.34825,0.0,0.55,0.0,0.0,0.0,0.0,0.0,0.0,0.2,0.0,0.0,0.0,0.0,0.0,0.0,0.0,0.0,,,"Water Quenched 845C (1550F), 480C (900F) Temper, 25 mm (1 In.) Round","Water Quenched 845C (1550F), 480C (900F) Temper, 25 mm (1 In.) Round",867,10,Quenched (water) & tempered – high-strength structural steel,10
,,,1,Steel database with labelled clusters,,,AISI 4130 Steel,Ultimate tensile strength,841.0,MPa,Yield strength,685.0,MPa,Ductility,21.0,%,0.0,0.0,0.305,0.0,0.0,0.0,0.0,0.0,0.0,0.2249999999999999,0.035,0.04,0.0,0.0,0.0,0.0,0.95,0.5,97.745,0.0,0.0,0.0,0.0,0.0,0.0,0.0,0.0,0.2,0.0,0.0,0.0,0.0,0.0,0.0,0.0,0.0,,,"Water Quenched 855C (1570F), 540C (1000F) Temper, 50 mm (2 In.) Round","Water Quenched 855C (1570F), 540C (1000F) Temper, 50 mm (2 In.) Round",47,10,Quenched (water) & tempered – high-strength structural steel,10
,,,1,Steel database with labelled clusters,,,ASTM A736 Low Alloy Steel,Ultimate tensile strength,620.0,MPa,Yield strength,550.0,MPa,Ductility,20.0,%,0.0,0.0,0.07,0.0,0.0,0.0,0.0,0.0,0.0,0.4,0.03,0.03,0.0,0.0,0.0,0.0,0.0,1.475,95.975,0.0,0.85,1.15,0.0,0.0,0.0,0.0,0.02,0.0,0.0,0.0,0.0,0.0,0.0,0.0,0.0,0.0,,,"Grade C, Class 3","Grade C, Class 3",1396,1,Hot rolled – general construction steel,1
,,,1,Steel database with labelled clusters,,,AISI 1060 Steel,Ultimate tensile strength,883.0,MPa,Yield strength,545.0,MPa,Ductility,20.0,%,0.0,0.0,0.605,0.0,0.0,0.0,0.0,0.0,0.0,0.0,0.04,0.05,0.0,0.0,0.0,0.0,0.0,0.75,98.555,0.0,0.0,0.0,0.0,0.0,0.0,0.0,0.0,0.0,0.0,0.0,0.0,0.0,0.0,0.0,0.0,0.0,,,"Oil Quenched 845C (1550F), 595C (1100F) Temper, 25 mm (1 In.) Round","Oil Quenched 845C (1550F), 595C (1100F) Temper, 25 mm (1 In.) Round",1701,6,Quenched (oil) & tempered – high-strength structural steel,6
,,,1,Steel database with labelled clusters,,,AISI 6150H Steel,Ultimate tensile strength,1105.0,MPa,Yield strength,1090.0,MPa,Ductility,16.0,%,0.0,0.0,0.505,0.0,0.0,0.0,0.0,0.0,0.0,0.2249999999999999,0.035,0.04,0.0,0.0,0.0,0.15,0.975,0.8,97.27,0.0,0.0,0.0,0.0,0.0,0.0,0.0,0.0,0.0,0.0,0.0,0.0,0.0,0.0,0.0,0.0,0.0,,,"Oil Quenched 845C (1550F), 595C (1100F) Temper, 13 mm (0.5 In.) Round","Oil Quenched 845C (1550F), 595C (1100F) Temper, 13 mm (0.5 In.) Round",992,6,Quenched (oil) & tempered – high-strength structural steel,6
,,,1,Steel database with labelled clusters,,,AISI 8650 Steel,Ultimate tensile strength,1060.0,MPa,Yield strength,1040.0,MPa,Ductility,17.0,%,0.0,0.0,0.505,0.0,0.0,0.0,0.0,0.0,0.0,0.2249999999999999,0.035,0.045,0.0,0.0,0.0,0.0,0.5,0.875,97.065,0.0,0.55,0.0,0.0,0.0,0.0,0.0,0.0,0.2,0.0,0.0,0.0,0.0,0.0,0.0,0.0,0.0,,,"Oil Quenched 800C (1470F), 595C (1100F) Temper, 13 mm (0.5 In.) Round","Oil Quenched 800C (1470F), 595C (1100F) Temper, 13 mm (0.5 In.) Round",877,6,Quenched (oil) & tempered – high-strength structural steel,6
,,,1,Steel database with labelled clusters,,,AISI 8630 Steel,Ultimate tensile strength,814.0,MPa,Yield strength,695.0,MPa,Ductility,18.0,%,0.0,0.0,0.305,0.0,0.0,0.0,0.0,0.0,0.0,0.2249999999999999,0.035,0.04,0.0,0.0,0.0,0.0,0.5,0.8,97.345,0.0,0.55,0.0,0.0,0.0,0.0,0.0,0.0,0.2,0.0,0.0,0.0,0.0,0.0,0.0,0.0,0.0,,,"Water Quenched 845C (1550F), 595C (1100F) Temper, 25 mm (1 In.) Round","Water Quenched 845C (1550F), 595C (1100F) Temper, 25 mm (1 In.) Round",774,10,Quenched (water) & tempered – high-strength structural steel,10
,,,1,Steel database with labelled clusters,,,Cast Stainless Steel CB7Cu-1,Ultimate tensile strength,860.0,MPa,Yield strength,670.0,MPa,Ductility,5.0,%,0.0,0.0,0.07,0.05,0.0,0.0,0.0,0.0,0.0,1.0,0.035,0.03,0.0,0.0,0.0,0.0,16.6,0.7,74.315,0.0,4.1,2.85,0.0,0.0,0.0,0.0,0.25,0.0,0.0,0.0,0.0,0.0,0.0,0.0,0.0,0.0,,,Astm A747,Astm A747,1232,2,Quenched (oil) – general-purpose steel (tested),2
,,,1,Steel database with labelled clusters,,,AISI 11L17 Steel,Ultimate tensile strength,595.0,MPa,Yield strength,515.0,MPa,Ductility,22.0,%,0.0,0.0,0.17,0.0,0.0,0.0,0.0,0.0,0.0,0.0,0.04,0.105,0.0,0.0,0.0,0.0,0.0,1.15,98.535,0.0,0.0,0.0,0.0,0.0,0.0,0.0,0.0,0.0,0.0,0.0,0.0,0.0,0.0,0.0,0.0,0.0,,,"Cold Drawn, 19-32 mm (0.75-1.25 In) Round","Cold Drawn, 19-32 mm (0.75-1.25 In) Round",2076,3,Normalized – easy-to-machine stock (cold drawn),3
,,,1,Steel database with labelled clusters,,,AISI 4027 Steel,Ultimate tensile strength,717.0,MPa,Yield strength,550.0,MPa,Ductility,24.0,%,0.0,0.0,0.275,0.0,0.0,0.0,0.0,0.0,0.0,0.25,0.035,0.04,0.0,0.0,0.0,0.0,0.0,0.8,98.35,0.0,0.0,0.0,0.0,0.0,0.0,0.0,0.0,0.25,0.0,0.0,0.0,0.0,0.0,0.0,0.0,0.0,,,"Water Quenched 865C (1590F), 595C (1100F) Temper, 50 mm (2 In.) Round","Water Quenched 865C (1590F), 595C (1100F) Temper, 50 mm (2 In.) Round",5,10,Quenched (water) & tempered – high-strength structural steel,10
,,,1,Steel database with labelled clusters,,,AISI E9310 Steel,Ultimate tensile strength,1193.0,MPa,Yield strength,931.0,MPa,Ductility,15.0,%,0.0,0.0,0.105,0.0,0.0,0.0,0.0,0.0,0.0,0.275,0.025,0.025,0.0,0.0,0.0,0.0,1.2,0.55,94.455,0.0,3.25,0.0,0.0,0.0,0.0,0.0,0.0,0.1149999999999999,0.0,0.0,0.0,0.0,0.0,0.0,0.0,0.0,,,"Single Quenched And Tempered At 150C (300F), 1.2 mm Case Depth","Single Quenched And Tempered At 150C (300F), 1.2 mm Case Depth",1004,5,Carburized – quenched (oil) – wear-resistant surface steel (variant),5
,,,1,Steel database with labelled clusters,,,AISI 1025 Steel,Ultimate tensile strength,380.0,MPa,Yield strength,310.0,MPa,Ductility,16.0,%,0.0,0.0,0.25,0.0,0.0,0.0,0.0,0.0,0.0,0.0,0.04,0.05,0.0,0.0,0.0,0.0,0.0,0.4499999999999999,99.21,0.0,0.0,0.0,0.0,0.0,0.0,0.0,0.0,0.0,0.0,0.0,0.0,0.0,0.0,0.0,0.0,0.0,,,"Cold Drawn, High Temperature, Stress Relieved, 32-50 mm (1.25-2 In) Round","Cold Drawn, High Temperature, Stress Relieved, 32-50 mm (1.25-2 In) Round",1699,0,Carburized – quenched (oil) – wear-resistant surface steel,0
,,,1,Steel database with labelled clusters,,,AISI 4320 Steel,Ultimate tensile strength,1025.0,MPa,Yield strength,848.0,MPa,Ductility,15.0,%,0.0,0.0,0.195,0.0,0.0,0.0,0.0,0.0,0.0,0.2249999999999999,0.035,0.04,0.0,0.0,0.0,0.0,0.5,0.55,96.38,0.0,1.825,0.0,0.0,0.0,0.0,0.0,0.0,0.25,0.0,0.0,0.0,0.0,0.0,0.0,0.0,0.0,,,"Normalized 925C (1700F) In 32 mm Rounds, Machined To 25 mm (1 In.) Rounds, Pseudocarburized 925C (1700F) For 8 Hrs., Box Cooled To Rt, Reheated To 800C (1470F), Oil Quenched, 150C (300F) Temper, Tested In 12.8 mm Rounds","Normalized 925C (1700F) In 32 mm Rounds, Machined To 25 mm (1 In.) Rounds, Pseudocarburized 925C (1700F) For 8 Hrs., Box Cooled To Rt, Reheated To 800C (1470F), Oil Quenched, 150C (300F) Temper, Tested In 12.8 mm Rounds",264,0,Carburized – quenched (oil) – wear-resistant surface steel,0
,,,1,Steel database with labelled clusters,,,AISI 1015 Steel,Ultimate tensile strength,424.0,MPa,Yield strength,325.0,MPa,Ductility,37.0,%,0.0,0.0,0.155,0.0,0.0,0.0,0.0,0.0,0.0,0.0,0.04,0.05,0.0,0.0,0.0,0.0,0.0,0.4499999999999999,99.305,0.0,0.0,0.0,0.0,0.0,0.0,0.0,0.0,0.0,0.0,0.0,0.0,0.0,0.0,0.0,0.0,0.0,,,"Normalized At 925C (1700F), 25 mm (1 In.) Round","Normalized At 925C (1700F), 25 mm (1 In.) Round",1549,4,Normalized (air cooled) – general-purpose steel,4
,,,1,Steel database with labelled clusters,,,AISI 1050 Steel,Ultimate tensile strength,585.0,MPa,Yield strength,515.0,MPa,Ductility,10.0,%,0.0,0.0,0.51,0.0,0.0,0.0,0.0,0.0,0.0,0.0,0.04,0.05,0.0,0.0,0.0,0.0,0.0,0.75,98.65,0.0,0.0,0.0,0.0,0.0,0.0,0.0,0.0,0.0,0.0,0.0,0.0,0.0,0.0,0.0,0.0,0.0,,,"As Cold Drawn Bar, 50-75 mm (2-3 In) Round","As Cold Drawn Bar, 50-75 mm (2-3 In) Round",1803,2,Quenched (oil) – general-purpose steel (tested),2
,,,1,Steel database with labelled clusters,,,AISI 4820H Steel,Ultimate tensile strength,1415.0,MPa,Yield strength,1141.0,MPa,Ductility,13.0,%,0.0,0.0,0.2,0.0,0.0,0.0,0.0,0.0,0.0,0.2249999999999999,0.035,0.04,0.0,0.0,0.0,0.0,0.0,0.6000000000000001,95.15,0.0,3.5,0.0,0.0,0.0,0.0,0.0,0.0,0.25,0.0,0.0,0.0,0.0,0.0,0.0,0.0,0.0,,,"Direct Quenched From Pot, Tempered (150C (300F)), 0.99 mm Case Depth","Direct Quenched From Pot, Tempered (150C (300F)), 0.99 mm Case Depth",444,5,Carburized – quenched (oil) – wear-resistant surface steel (variant),5
,,,1,Steel database with labelled clusters,,,AISI 9255 Steel,Ultimate tensile strength,910.0,MPa,Yield strength,565.0,MPa,Ductility,21.0,%,0.0,0.0,0.55,0.0,0.0,0.0,0.0,0.0,0.0,2.0,0.035,0.04,0.0,0.0,0.0,0.0,0.0,0.825,96.55,0.0,0.0,0.0,0.0,0.0,0.0,0.0,0.0,0.0,0.0,0.0,0.0,0.0,0.0,0.0,0.0,0.0,,,"Oil Quenched From 885C (1625F), 650C (1200F) Temper, 100 mm (4 In.) Round","Oil Quenched From 885C (1625F), 650C (1200F) Temper, 100 mm (4 In.) Round",1003,6,Quenched (oil) & tempered – high-strength structural steel,6
,,,1,Steel database with labelled clusters,,,AISI E9310H Steel,Ultimate tensile strength,1076.0,MPa,Yield strength,917.0,MPa,Ductility,15.0,%,0.0,0.0,0.1,0.0,0.0,0.0,0.0,0.0,0.0,0.2249999999999999,0.0,0.05,0.0,0.0,0.0,0.0,1.225,0.55,94.485,0.0,3.25,0.0,0.0,0.0,0.0,0.0,0.0,0.1149999999999999,0.0,0.0,0.0,0.0,0.0,0.0,0.0,0.0,,,"Normalized, Machined To 25 mm (1 In.) Rounds, Pseudocarburized, 800C (1470F) Reheat, 150C (300F) Temper","Normalized, Machined To 25 mm (1 In.) Rounds, Pseudocarburized, 800C (1470F) Reheat, 150C (300F) Temper",1078,0,Carburized – quenched (oil) – wear-resistant surface steel,0
,,,1,Steel database with labelled clusters,,,AISI 8630H Steel,Ultimate tensile strength,635.0,MPa,Yield strength,385.0,MPa,Ductility,24.0,%,0.0,0.0,0.3,0.0,0.0,0.0,0.0,0.0,0.0,0.2249999999999999,0.035,0.04,0.0,0.0,0.0,0.0,0.5,0.8,97.35,0.0,0.55,0.0,0.0,0.0,0.0,0.0,0.0,0.2,0.0,0.0,0.0,0.0,0.0,0.0,0.0,0.0,,,"Normalized, 100 mm (4 In.) Round","Normalized, 100 mm (4 In.) Round",838,9,Normalized – general-purpose steel (round normalized stock),9
,,,1,Steel database with labelled clusters,,,AISI 1060 Steel,Ultimate tensile strength,862.0,MPa,Yield strength,527.0,MPa,Ductility,20.0,%,0.0,0.0,0.605,0.0,0.0,0.0,0.0,0.0,0.0,0.0,0.04,0.05,0.0,0.0,0.0,0.0,0.0,0.75,98.555,0.0,0.0,0.0,0.0,0.0,0.0,0.0,0.0,0.0,0.0,0.0,0.0,0.0,0.0,0.0,0.0,0.0,,,"Oil Quenched 845C (1550F), 595C (1100F) Temper, 50 mm (2 In.) Round","Oil Quenched 845C (1550F), 595C (1100F) Temper, 50 mm (2 In.) Round",1765,6,Quenched (oil) & tempered – high-strength structural steel,6
,,,1,Steel database with labelled clusters,,,AISI 4422 Steel,Ultimate tensile strength,827.0,MPa,Yield strength,540.0,MPa,Ductility,20.0,%,0.0,0.0,0.225,0.0,0.0,0.0,0.0,0.0,0.0,0.2249999999999999,0.035,0.04,0.0,0.0,0.0,0.0,0.0,0.75,98.325,0.0,0.0,0.0,0.0,0.0,0.0,0.0,0.0,0.4,0.0,0.0,0.0,0.0,0.0,0.0,0.0,0.0,,,"Heat Treated In 25 mm Rounds, Reheated To 870C (1600F), 150C (300F) Temper","Heat Treated In 25 mm Rounds, Reheated To 870C (1600F), 150C (300F) Temper",305,0,Carburized – quenched (oil) – wear-resistant surface steel,0
,,,1,Steel database with labelled clusters,,,ASTM A543 Low Alloy Steel,Ultimate tensile strength,795.0,MPa,Yield strength,690.0,MPa,Ductility,14.0,%,0.0,0.0,0.23,0.0,0.0,0.0,0.0,0.0,0.0,0.3,0.02,0.02,0.0,0.0,0.0,0.03,1.5,0.4,94.75,0.0,2.75,0.0,0.0,0.0,0.0,0.0,0.0,0.0,0.0,0.0,0.0,0.0,0.0,0.0,0.0,0.0,,,"Grade C, Class 2","Grade C, Class 2",1388,1,Hot rolled – general construction steel,1
,,,1,Steel database with labelled clusters,,,AISI 1132 Steel,Ultimate tensile strength,710.0,MPa,Yield strength,585.0,MPa,Ductility,19.0,%,0.0,0.0,0.305,0.0,0.0,0.0,0.0,0.0,0.0,0.0,0.04,0.105,0.0,0.0,0.0,0.0,0.0,1.5,98.05,0.0,0.0,0.0,0.0,0.0,0.0,0.0,0.0,0.0,0.0,0.0,0.0,0.0,0.0,0.0,0.0,0.0,,,Hot Rolled And Cold Drawn Round (<16 mm),Hot Rolled And Cold Drawn Round (<16 mm),1825,3,Normalized – easy-to-machine stock (cold drawn),3
,,,1,Steel database with labelled clusters,,,AISI 4427 Steel,Ultimate tensile strength,924.0,MPa,Yield strength,724.0,MPa,Ductility,14.0,%,0.0,0.0,0.265,0.0,0.0,0.0,0.0,0.0,0.0,0.2249999999999999,0.035,0.04,0.0,0.0,0.0,0.0,0.0,0.8,98.235,0.0,0.0,0.0,0.0,0.0,0.0,0.0,0.0,0.4,0.0,0.0,0.0,0.0,0.0,0.0,0.0,0.0,,,"Heat Treated In 13.7 mm Rounds, Reheated To 805C (1480F), 150C (300F) Temper","Heat Treated In 13.7 mm Rounds, Reheated To 805C (1480F), 150C (300F) Temper",314,0,Carburized – quenched (oil) – wear-resistant surface steel,0
,,,1,Steel database with labelled clusters,,,AISI 4118H Steel,Ultimate tensile strength,521.0,MPa,Yield strength,341.0,MPa,Ductility,34.0,%,0.0,0.0,0.2,0.0,0.0,0.0,0.0,0.0,0.0,0.2249999999999999,0.035,0.04,0.0,0.0,0.0,0.0,0.5,0.8,98.085,0.0,0.0,0.0,0.0,0.0,0.0,0.0,0.0,0.1149999999999999,0.0,0.0,0.0,0.0,0.0,0.0,0.0,0.0,,,"Normalized At 910C (1670F), Air Cooled, 100 mm (4 In.) Round","Normalized At 910C (1670F), Air Cooled, 100 mm (4 In.) Round",150,4,Normalized (air cooled) – general-purpose steel,4
,,,1,Steel database with labelled clusters,,,Cast Stainless Steel CH20,Ultimate tensile strength,485.0,MPa,Yield strength,205.0,MPa,Ductility,30.0,%,0.0,0.0,0.2,0.0,0.0,0.0,0.0,0.0,0.0,2.0,0.04,0.04,0.0,0.0,0.0,0.0,24.0,1.5,58.72,0.0,13.5,0.0,0.0,0.0,0.0,0.0,0.0,0.0,0.0,0.0,0.0,0.0,0.0,0.0,0.0,0.0,,,Astm A743,Astm A743,1158,2,Quenched (oil) – general-purpose steel (tested),2
,,,1,Steel database with labelled clusters,,,ASTM A284 Steel,Ultimate tensile strength,415.0,MPa,Yield strength,205.0,MPa,Ductility,21.0,%,0.0,0.0,0.36,0.0,0.0,0.0,0.0,0.0,0.0,0.275,0.04,0.05,0.0,0.0,0.0,0.0,0.0,0.9,98.375,0.0,0.0,0.0,0.0,0.0,0.0,0.0,0.0,0.0,0.0,0.0,0.0,0.0,0.0,0.0,0.0,0.0,,,Grade C,Grade C,1226,1,Hot rolled – general construction steel,1
,,,1,Steel database with labelled clusters,,,AISI 5120H Steel,Ultimate tensile strength,986.0,MPa,Yield strength,786.0,MPa,Ductility,13.0,%,0.0,0.0,0.2,0.0,0.0,0.0,0.0,0.0,0.0,0.2249999999999999,0.035,0.04,0.0,0.0,0.0,0.0,0.8,0.8,97.9,0.0,0.0,0.0,0.0,0.0,0.0,0.0,0.0,0.0,0.0,0.0,0.0,0.0,0.0,0.0,0.0,0.0,,,"Heat Treated, Machined To 25 mm, Pseudocarburized, 150C (300F) Temper","Heat Treated, Machined To 25 mm, Pseudocarburized, 150C (300F) Temper",575,0,Carburized – quenched (oil) – wear-resistant surface steel,0
,,,1,Steel database with labelled clusters,,,AISI 4118 Steel,Ultimate tensile strength,586.0,MPa,Yield strength,393.0,MPa,Ductility,31.0,%,0.0,0.0,0.205,0.0,0.0,0.0,0.0,0.0,0.0,0.25,0.035,0.04,0.0,0.0,0.0,0.0,0.5,0.8,98.055,0.0,0.0,0.0,0.0,0.0,0.0,0.0,0.0,0.1149999999999999,0.0,0.0,0.0,0.0,0.0,0.0,0.0,0.0,,,"Normalized At 910C (1670F), Air Cooled, 14 mm (0.55 In.) Round","Normalized At 910C (1670F), Air Cooled, 14 mm (0.55 In.) Round",51,4,Normalized (air cooled) – general-purpose steel,4
,,,1,Steel database with labelled clusters,,,AISI 1118 Steel,Ultimate tensile strength,475.0,MPa,Yield strength,315.0,MPa,Ductility,34.0,%,0.0,0.0,0.17,0.0,0.0,0.0,0.0,0.0,0.0,0.0,0.04,0.105,0.0,0.0,0.0,0.0,0.0,1.45,98.235,0.0,0.0,0.0,0.0,0.0,0.0,0.0,0.0,0.0,0.0,0.0,0.0,0.0,0.0,0.0,0.0,0.0,,,Normalized 925C (1700F),Normalized 925C (1700F),1927,4,Normalized (air cooled) – general-purpose steel,4
,,,1,Steel database with labelled clusters,,,AISI 6150H Steel,Ultimate tensile strength,841.0,MPa,Yield strength,650.0,MPa,Ductility,21.0,%,0.0,0.0,0.505,0.0,0.0,0.0,0.0,0.0,0.0,0.2249999999999999,0.035,0.04,0.0,0.0,0.0,0.15,0.975,0.8,97.27,0.0,0.0,0.0,0.0,0.0,0.0,0.0,0.0,0.0,0.0,0.0,0.0,0.0,0.0,0.0,0.0,0.0,,,"Oil Quenched 845C (1550F), 650C (1200F) Temper, 100 mm (4 In.) Round","Oil Quenched 845C (1550F), 650C (1200F) Temper, 100 mm (4 In.) Round",727,6,Quenched (oil) & tempered – high-strength structural steel,6
,,,1,Steel database with labelled clusters,,,AISI 8630 Steel,Ultimate tensile strength,780.0,MPa,Yield strength,595.0,MPa,Ductility,21.0,%,0.0,0.0,0.305,0.0,0.0,0.0,0.0,0.0,0.0,0.2249999999999999,0.035,0.04,0.0,0.0,0.0,0.0,0.5,0.8,97.345,0.0,0.55,0.0,0.0,0.0,0.0,0.0,0.0,0.2,0.0,0.0,0.0,0.0,0.0,0.0,0.0,0.0,,,"Water Quenched 845C (1550F), 480C (900F) Temper, 100 mm (4 In.) Round","Water Quenched 845C (1550F), 480C (900F) Temper, 100 mm (4 In.) Round",834,10,Quenched (water) & tempered – high-strength structural steel,10
,,,1,Steel database with labelled clusters,,,ASTM A515 Carbon Steel,Ultimate tensile strength,415.0,MPa,Yield strength,220.0,MPa,Ductility,21.0,%,0.0,0.0,0.31,0.0,0.0,0.0,0.0,0.0,0.0,0.275,0.04,0.04,0.0,0.0,0.0,0.0,0.0,0.9,98.435,0.0,0.0,0.0,0.0,0.0,0.0,0.0,0.0,0.0,0.0,0.0,0.0,0.0,0.0,0.0,0.0,0.0,,,Grade 60,Grade 60,1400,1,Hot rolled – general construction steel,1
,,,1,Steel database with labelled clusters,,,ASTM A514 Steel,Ultimate tensile strength,828.0,MPa,Yield strength,690.0,MPa,Ductility,18.0,%,0.0,0.003,0.1649999999999999,0.0,0.0,0.0,0.0,0.0,0.0,0.275,0.035,0.04,0.0,0.0,0.0,0.0,1.025,0.575,96.007,0.0,1.35,0.0,0.0,0.0,0.0,0.0,0.0,0.525,0.0,0.0,0.0,0.0,0.0,0.0,0.0,0.0,,,"Grade P, Plate Thickness _ 19 mm","Grade P, Plate Thickness _ 19 mm",1116,11,plate – no special treatment – general-purpose steel,11
,,,1,Steel database with labelled clusters,,,Cast Stainless Steel CH10,Ultimate tensile strength,485.0,MPa,Yield strength,205.0,MPa,Ductility,30.0,%,0.0,0.0,0.1,0.0,0.0,0.0,0.0,0.0,0.0,2.0,0.04,0.04,0.0,0.0,0.0,0.0,24.0,1.5,58.32,0.0,13.5,0.0,0.0,0.0,0.0,0.0,0.0,0.5,0.0,0.0,0.0,0.0,0.0,0.0,0.0,0.0,,,Astm A351,Astm A351,1176,2,Quenched (oil) – general-purpose steel (tested),2
,,,1,Steel database with labelled clusters,,,AISI 4820H Steel,Ultimate tensile strength,1125.0,MPa,Yield strength,827.0,MPa,Ductility,15.0,%,0.0,0.0,0.2,0.0,0.0,0.0,0.0,0.0,0.0,0.2249999999999999,0.035,0.04,0.0,0.0,0.0,0.0,0.0,0.6000000000000001,95.15,0.0,3.5,0.0,0.0,0.0,0.0,0.0,0.0,0.25,0.0,0.0,0.0,0.0,0.0,0.0,0.0,0.0,,,"Mock Carburized, Reheated To 800C (1470F), 230C (450F) Temper, 25 mm (1 In.) Round","Mock Carburized, Reheated To 800C (1470F), 230C (450F) Temper, 25 mm (1 In.) Round",471,8,Carburized – quenched (oil) – wear-resistant surface steel (variant),8
,,,1,Steel database with labelled clusters,,,AISI E9310H Steel,Ultimate tensile strength,1000.0,MPa,Yield strength,814.0,MPa,Ductility,15.0,%,0.0,0.0,0.1,0.0,0.0,0.0,0.0,0.0,0.0,0.2249999999999999,0.0,0.05,0.0,0.0,0.0,0.0,1.225,0.55,94.485,0.0,3.25,0.0,0.0,0.0,0.0,0.0,0.0,0.1149999999999999,0.0,0.0,0.0,0.0,0.0,0.0,0.0,0.0,,,"Normalized, Machined To 25 mm (1 In.) Rounds, Pseudocarburized, 775C (1430F) Reheat, 150C (300F) Temper","Normalized, Machined To 25 mm (1 In.) Rounds, Pseudocarburized, 775C (1430F) Reheat, 150C (300F) Temper",972,0,Carburized – quenched (oil) – wear-resistant surface steel,0
,,,1,Steel database with labelled clusters,,,AISI 51B60H Steel,Ultimate tensile strength,965.0,MPa,Yield strength,703.0,MPa,Ductility,18.0,%,0.0,0.00175,0.6000000000000001,0.0,0.0,0.0,0.0,0.0,0.0,0.2249999999999999,0.035,0.04,0.0,0.0,0.0,0.0,0.8,0.875,97.42325,0.0,0.0,0.0,0.0,0.0,0.0,0.0,0.0,0.0,0.0,0.0,0.0,0.0,0.0,0.0,0.0,0.0,,,"Oil Quenched From 830C (1525F), 540C (1000F) Temper, 100 mm (4 In.) Round","Oil Quenched From 830C (1525F), 540C (1000F) Temper, 100 mm (4 In.) Round",654,6,Quenched (oil) & tempered – high-strength structural steel,6
,,,1,Steel database with labelled clusters,,,AISI 4820 Steel,Ultimate tensile strength,1363.0,MPa,Yield strength,945.0,MPa,Ductility,13.0,%,0.0,0.0,0.205,0.0,0.0,0.0,0.0,0.0,0.0,0.2249999999999999,0.035,0.04,0.0,0.0,0.0,0.0,0.0,0.6,95.145,0.0,3.5,0.0,0.0,0.0,0.0,0.0,0.0,0.25,0.0,0.0,0.0,0.0,0.0,0.0,0.0,0.0,,,"Heat Treated, Machined To 13.7 mm, Pseudocarburized, Reheated To 730C (1350F), 150C (300F) Temper","Heat Treated, Machined To 13.7 mm, Pseudocarburized, Reheated To 730C (1350F), 150C (300F) Temper",400,0,Carburized – quenched (oil) – wear-resistant surface steel,0
,,,1,Steel database with labelled clusters,,,AISI 5140 Steel,Ultimate tensile strength,793.0,MPa,Yield strength,470.0,MPa,Ductility,22.0,%,0.0,0.0,0.405,0.0,0.0,0.0,0.0,0.0,0.0,0.2249999999999999,0.035,0.04,0.0,0.0,0.0,0.0,0.8,0.8,97.695,0.0,0.0,0.0,0.0,0.0,0.0,0.0,0.0,0.0,0.0,0.0,0.0,0.0,0.0,0.0,0.0,0.0,,,"Normalized, 25 mm (1 In.) Round","Normalized, 25 mm (1 In.) Round",512,9,Normalized – general-purpose steel (round normalized stock),9
,,,1,Steel database with labelled clusters,,,AISI 4150 Steel,Ultimate tensile strength,1145.0,MPa,Yield strength,1034.0,MPa,Ductility,15.0,%,0.0,0.0,0.505,0.0,0.0,0.0,0.0,0.0,0.0,0.2249999999999999,0.035,0.04,0.0,0.0,0.0,0.0,0.95,0.875,97.17,0.0,0.0,0.0,0.0,0.0,0.0,0.0,0.0,0.2,0.0,0.0,0.0,0.0,0.0,0.0,0.0,0.0,,,"Oil Quenched 830C (1525F), 595C (1100F) Temper, 25 mm (1 In.) Round","Oil Quenched 830C (1525F), 595C (1100F) Temper, 25 mm (1 In.) Round",321,6,Quenched (oil) & tempered – high-strength structural steel,6
,,,1,Steel database with labelled clusters,,,AISI 4118H Steel,Ultimate tensile strength,986.0,MPa,Yield strength,645.0,MPa,Ductility,17.0,%,0.0,0.0,0.2,0.0,0.0,0.0,0.0,0.0,0.0,0.2249999999999999,0.035,0.04,0.0,0.0,0.0,0.0,0.5,0.8,98.085,0.0,0.0,0.0,0.0,0.0,0.0,0.0,0.0,0.1149999999999999,0.0,0.0,0.0,0.0,0.0,0.0,0.0,0.0,,,"Mock Carburized, 150C (300F) Temper, 14 mm (0.55 In.) Round","Mock Carburized, 150C (300F) Temper, 14 mm (0.55 In.) Round",20,8,Carburized – quenched (oil) – wear-resistant surface steel (variant),8
,,,1,Steel database with labelled clusters,,,AISI 6150 Steel,Ultimate tensile strength,1015.0,MPa,Yield strength,979.0,MPa,Ductility,17.0,%,0.0,0.0,0.505,0.0,0.0,0.0,0.0,0.0,0.0,0.2249999999999999,0.035,0.04,0.0,0.0,0.0,0.15,0.95,0.8,97.295,0.0,0.0,0.0,0.0,0.0,0.0,0.0,0.0,0.0,0.0,0.0,0.0,0.0,0.0,0.0,0.0,0.0,,,"Oil Quenched 845C (1550F), 650C (1200F) Temper, 13 mm (0.5 In.) Round","Oil Quenched 845C (1550F), 650C (1200F) Temper, 13 mm (0.5 In.) Round",685,6,Quenched (oil) & tempered – high-strength structural steel,6
,,,1,Steel database with labelled clusters,,,AISI 4140 Steel,Ultimate tensile strength,1020.0,MPa,Yield strength,655.0,MPa,Ductility,17.0,%,0.0,0.0,0.405,0.0,0.0,0.0,0.0,0.0,0.0,0.2249999999999999,0.035,0.04,0.0,0.0,0.0,0.0,0.95,0.875,97.27,0.0,0.0,0.0,0.0,0.0,0.0,0.0,0.0,0.2,0.0,0.0,0.0,0.0,0.0,0.0,0.0,0.0,,,"Normalized At 870C (1600F), Air Cooled, 25 mm (1 In.) Round","Normalized At 870C (1600F), Air Cooled, 25 mm (1 In.) Round",36,4,Normalized (air cooled) – general-purpose steel,4
,,,1,Steel database with labelled clusters,,,AISI 8740 Steel,Ultimate tensile strength,910.0,MPa,Yield strength,600.0,MPa,Ductility,15.0,%,0.0,0.0,0.405,0.0,0.0,0.0,0.0,0.0,0.0,0.2249999999999999,0.035,0.04,0.0,0.0,0.0,0.0,0.5,0.875,97.12,0.0,0.55,0.0,0.0,0.0,0.0,0.0,0.0,0.25,0.0,0.0,0.0,0.0,0.0,0.0,0.0,0.0,,,"Normalized 870C (1600F), 100 mm (4 In.) Round","Normalized 870C (1600F), 100 mm (4 In.) Round",903,4,Normalized (air cooled) – general-purpose steel,4
,,,1,Steel database with labelled clusters,,,AISI 8622H Steel,Ultimate tensile strength,1204.0,MPa,Yield strength,805.0,MPa,Ductility,14.0,%,0.0,0.0,0.22,0.0,0.0,0.0,0.0,0.0,0.0,0.2249999999999999,0.035,0.04,0.0,0.0,0.0,0.0,0.495,0.7749999999999999,97.46,0.0,0.55,0.0,0.0,0.0,0.0,0.0,0.0,0.2,0.0,0.0,0.0,0.0,0.0,0.0,0.0,0.0,,,"Heat Treated, Machined To 25 mm (1 In.) Rounds, Pseudocarburized, 820C (1510F) Reheat, 150C (300F) Temper","Heat Treated, Machined To 25 mm (1 In.) Rounds, Pseudocarburized, 820C (1510F) Reheat, 150C (300F) Temper",828,0,Carburized – quenched (oil) – wear-resistant surface steel,0
,,,1,Steel database with labelled clusters,,,AISI 1095 Steel,Ultimate tensile strength,1015.0,MPa,Yield strength,495.0,MPa,Ductility,9.0,%,0.0,0.0,0.965,0.0,0.0,0.0,0.0,0.0,0.0,0.0,0.04,0.05,0.0,0.0,0.0,0.0,0.0,0.4,98.545,0.0,0.0,0.0,0.0,0.0,0.0,0.0,0.0,0.0,0.0,0.0,0.0,0.0,0.0,0.0,0.0,0.0,,,"Normalized At 900C (1650F), Air Cooled, 25 mm (1 In.) Round","Normalized At 900C (1650F), Air Cooled, 25 mm (1 In.) Round",1771,4,Normalized (air cooled) – general-purpose steel,4
,,,1,Steel database with labelled clusters,,,AISI 4815H Steel,Ultimate tensile strength,1075.0,MPa,Yield strength,910.0,MPa,Ductility,15.0,%,0.0,0.0,0.15,0.0,0.0,0.0,0.0,0.0,0.0,0.2249999999999999,0.035,0.04,0.0,0.0,0.0,0.0,0.0,0.5,95.3,0.0,3.5,0.0,0.0,0.0,0.0,0.0,0.0,0.25,0.0,0.0,0.0,0.0,0.0,0.0,0.0,0.0,,,"Pseudocarburized, Reheated To 830C (1525F) And Oil Quenched, 150C (300F) Temper, 25 mm (1 In.) Round","Pseudocarburized, Reheated To 830C (1525F) And Oil Quenched, 150C (300F) Temper, 25 mm (1 In.) Round",408,0,Carburized – quenched (oil) – wear-resistant surface steel,0
,,,1,Steel database with labelled clusters,,,AISI 8740 Steel,Ultimate tensile strength,855.0,MPa,Yield strength,670.0,MPa,Ductility,20.0,%,0.0,0.0,0.405,0.0,0.0,0.0,0.0,0.0,0.0,0.2249999999999999,0.035,0.04,0.0,0.0,0.0,0.0,0.5,0.875,97.12,0.0,0.55,0.0,0.0,0.0,0.0,0.0,0.0,0.25,0.0,0.0,0.0,0.0,0.0,0.0,0.0,0.0,,,"Oil Quenched 830C (1525F), 595C (1100F) Temper, 100 mm (4 In.) Round","Oil Quenched 830C (1525F), 595C (1100F) Temper, 100 mm (4 In.) Round",921,6,Quenched (oil) & tempered – high-strength structural steel,6
,,,1,Steel database with labelled clusters,,,AISI 5150H Steel,Ultimate tensile strength,1055.0,MPa,Yield strength,910.0,MPa,Ductility,17.0,%,0.0,0.0,0.505,0.0,0.0,0.0,0.0,0.0,0.0,0.2249999999999999,0.035,0.04,0.0,0.0,0.0,0.0,0.8,0.8,97.595,0.0,0.0,0.0,0.0,0.0,0.0,0.0,0.0,0.0,0.0,0.0,0.0,0.0,0.0,0.0,0.0,0.0,,,"Oil Quenched From 830C (1525F), 540C (1000F) Temper, 25 mm (1 In.) Round","Oil Quenched From 830C (1525F), 540C (1000F) Temper, 25 mm (1 In.) Round",538,6,Quenched (oil) & tempered – high-strength structural steel,6
,,,1,Steel database with labelled clusters,,,AISI 8617H Steel,Ultimate tensile strength,834.0,MPa,Yield strength,625.0,MPa,Ductility,19.0,%,0.0,0.0,0.17,0.0,0.0,0.0,0.0,0.0,0.0,0.2249999999999999,0.035,0.04,0.0,0.0,0.0,0.0,0.5,0.8,97.48,0.0,0.55,0.0,0.0,0.0,0.0,0.0,0.0,0.2,0.0,0.0,0.0,0.0,0.0,0.0,0.0,0.0,,,"Heat Treated, Machined, Pseudocarburized, Reheated To 855C (1570F), 150C (300F) Temper","Heat Treated, Machined, Pseudocarburized, Reheated To 855C (1570F), 150C (300F) Temper",759,0,Carburized – quenched (oil) – wear-resistant surface steel,0
,,,1,Steel database with labelled clusters,,,AISI 9255 Steel,Ultimate tensile strength,951.0,MPa,Yield strength,731.0,MPa,Ductility,21.0,%,0.0,0.0,0.55,0.0,0.0,0.0,0.0,0.0,0.0,2.0,0.035,0.04,0.0,0.0,0.0,0.0,0.0,0.825,96.55,0.0,0.0,0.0,0.0,0.0,0.0,0.0,0.0,0.0,0.0,0.0,0.0,0.0,0.0,0.0,0.0,0.0,,,"Oil Quenched From 885C (1625F), 650C (1200F) Temper, 25 mm (1 In.) Round","Oil Quenched From 885C (1625F), 650C (1200F) Temper, 25 mm (1 In.) Round",1063,6,Quenched (oil) & tempered – high-strength structural steel,6
,,,1,Steel database with labelled clusters,,,ASTM A139 Steel,Ultimate tensile strength,330.0,MPa,Yield strength,205.0,MPa,Ductility,35.0,%,0.0,0.0,0.0,0.0,0.0,0.0,0.0,0.0,0.0,0.0,0.04,0.05,0.0,0.0,0.0,0.0,0.0,1.0,98.91,0.0,0.0,0.0,0.0,0.0,0.0,0.0,0.0,0.0,0.0,0.0,0.0,0.0,0.0,0.0,0.0,0.0,,,Grade A,Grade A,1211,1,Hot rolled – general construction steel,1
,,,1,Steel database with labelled clusters,,,AISI 4340 Steel,Ultimate tensile strength,1014.0,MPa,Yield strength,958.0,MPa,Ductility,19.0,%,0.0,0.0,0.4,0.0,0.0,0.0,0.0,0.0,0.0,0.2249999999999999,0.035,0.04,0.0,0.0,0.0,0.0,0.8,0.7,95.725,0.0,1.825,0.0,0.0,0.0,0.0,0.0,0.0,0.25,0.0,0.0,0.0,0.0,0.0,0.0,0.0,0.0,,,"Oil Quenched 800C (1470F), 595C (1100F) Temper, 50 mm (2 In.) Round","Oil Quenched 800C (1470F), 595C (1100F) Temper, 50 mm (2 In.) Round",246,6,Quenched (oil) & tempered – high-strength structural steel,6
,,,1,Steel database with labelled clusters,,,AISI 1006 Steel,Ultimate tensile strength,305.0,MPa,Yield strength,180.0,MPa,Ductility,32.0,%,0.0,0.0,0.08,0.0,0.0,0.0,0.0,0.0,0.0,0.0,0.04,0.05,0.0,0.0,0.0,0.0,0.0,0.325,99.505,0.0,0.0,0.0,0.0,0.0,0.0,0.0,0.0,0.0,0.0,0.0,0.0,0.0,0.0,0.0,0.0,0.0,,,"Cq, Dq, And Dqsk Sheet, 1.6-5.8 (0.06-0.23 In) mm Thick","Cq, Dq, And Dqsk Sheet, 1.6-5.8 (0.06-0.23 In) mm Thick",1440,2,Quenched (oil) – general-purpose steel (tested),2
,,,1,Steel database with labelled clusters,,,AISI Type S2 Tool Steel,Ultimate tensile strength,650.0,MPa,Yield strength,550.0,MPa,Ductility,30.0,%,0.0,0.0,0.475,0.0,0.0,0.0,0.0,0.0,0.0,1.05,0.03,0.03,0.0,0.0,0.0,0.5,0.0,0.4,97.115,0.0,0.0,0.0,0.0,0.0,0.0,0.0,0.0,0.4,0.0,0.0,0.0,0.0,0.0,0.0,0.0,0.0,,,"Austenitized 845C (1550F), Brine Quenched To 15 Hrc","Austenitized 845C (1550F), Brine Quenched To 15 Hrc",1128,2,Quenched (oil) – general-purpose steel (tested),2
,,,1,Steel database with labelled clusters,,,AISI 8630H Steel,Ultimate tensile strength,640.0,MPa,Yield strength,425.0,MPa,Ductility,26.0,%,0.0,0.0,0.3,0.0,0.0,0.0,0.0,0.0,0.0,0.2249999999999999,0.035,0.04,0.0,0.0,0.0,0.0,0.5,0.8,97.35,0.0,0.55,0.0,0.0,0.0,0.0,0.0,0.0,0.2,0.0,0.0,0.0,0.0,0.0,0.0,0.0,0.0,,,"Normalized, 50 mm (2 In.) Round","Normalized, 50 mm (2 In.) Round",785,9,Normalized – general-purpose steel (round normalized stock),9
,,,1,Steel database with labelled clusters,,,AISI 1080 Steel,Ultimate tensile strength,1165.0,MPa,Yield strength,841.0,MPa,Ductility,15.0,%,0.0,0.0,0.815,0.0,0.0,0.0,0.0,0.0,0.0,0.0,0.04,0.05,0.0,0.0,0.0,0.0,0.0,0.75,98.345,0.0,0.0,0.0,0.0,0.0,0.0,0.0,0.0,0.0,0.0,0.0,0.0,0.0,0.0,0.0,0.0,0.0,,,"Oil Quenched From 815C (1500F), Tempered At 540C (1000F)","Oil Quenched From 815C (1500F), Tempered At 540C (1000F)",1718,6,Quenched (oil) & tempered – high-strength structural steel,6
,,,1,Steel database with labelled clusters,,,AISI 4820H Steel,Ultimate tensile strength,685.0,MPa,Yield strength,460.0,MPa,Ductility,22.0,%,0.0,0.0,0.2,0.0,0.0,0.0,0.0,0.0,0.0,0.2249999999999999,0.035,0.04,0.0,0.0,0.0,0.0,0.0,0.6000000000000001,95.15,0.0,3.5,0.0,0.0,0.0,0.0,0.0,0.0,0.25,0.0,0.0,0.0,0.0,0.0,0.0,0.0,0.0,,,Normalized 860C (1580F),Normalized 860C (1580F),490,4,Normalized (air cooled) – general-purpose steel,4
,,,1,Steel database with labelled clusters,,,AISI 4150H Steel,Ultimate tensile strength,972.0,MPa,Yield strength,883.0,MPa,Ductility,18.0,%,0.0,0.0,0.505,0.0,0.0,0.0,0.0,0.0,0.0,0.2249999999999999,0.035,0.04,0.0,0.0,0.0,0.0,0.975,0.875,97.145,0.0,0.0,0.0,0.0,0.0,0.0,0.0,0.0,0.2,0.0,0.0,0.0,0.0,0.0,0.0,0.0,0.0,,,"Oil Quenched 830C (1525F), 650C (1200F) Temper, 25 mm (1 In.) Round","Oil Quenched 830C (1525F), 650C (1200F) Temper, 25 mm (1 In.) Round",155,6,Quenched (oil) & tempered – high-strength structural steel,6
,,,1,Steel database with labelled clusters,,,AISI 51B60H Steel,Ultimate tensile strength,724.0,MPa,Yield strength,275.0,MPa,Ductility,17.0,%,0.0,0.00175,0.6000000000000001,0.0,0.0,0.0,0.0,0.0,0.0,0.2249999999999999,0.035,0.04,0.0,0.0,0.0,0.0,0.8,0.875,97.42325,0.0,0.0,0.0,0.0,0.0,0.0,0.0,0.0,0.0,0.0,0.0,0.0,0.0,0.0,0.0,0.0,0.0,,,Annealed 815C (1500F),Annealed 815C (1500F),962,7,Annealed – easy-to-machine – round annealed stock,7
,,,1,Steel database with labelled clusters,,,AISI 8630H Steel,Ultimate tensile strength,565.0,MPa,Yield strength,370.0,MPa,Ductility,29.0,%,0.0,0.0,0.3,0.0,0.0,0.0,0.0,0.0,0.0,0.2249999999999999,0.035,0.04,0.0,0.0,0.0,0.0,0.5,0.8,97.35,0.0,0.55,0.0,0.0,0.0,0.0,0.0,0.0,0.2,0.0,0.0,0.0,0.0,0.0,0.0,0.0,0.0,,,"Annealed, 25 mm (1 In.) Round","Annealed, 25 mm (1 In.) Round",854,3,Normalized – easy-to-machine stock (cold drawn),3
,,,1,Steel database with labelled clusters,,,ASTM A225 Low Alloy Steel,Ultimate tensile strength,725.0,MPa,Yield strength,485.0,MPa,Ductility,20.0,%,0.0,0.0,0.25,0.0,0.0,0.0,0.0,0.0,0.0,0.275,0.04,0.04,0.0,0.0,0.0,0.155,0.0,1.6,97.09,0.0,0.55,0.0,0.0,0.0,0.0,0.0,0.0,0.0,0.0,0.0,0.0,0.0,0.0,0.0,0.0,0.0,,,Grade C,Grade C,1330,1,Hot rolled – general construction steel,1
,,,1,Steel database with labelled clusters,,,AISI 4820 Steel,Ultimate tensile strength,1422.0,MPa,Yield strength,1051.0,MPa,Ductility,13.0,%,0.0,0.0,0.205,0.0,0.0,0.0,0.0,0.0,0.0,0.2249999999999999,0.035,0.04,0.0,0.0,0.0,0.0,0.0,0.6,95.145,0.0,3.5,0.0,0.0,0.0,0.0,0.0,0.0,0.25,0.0,0.0,0.0,0.0,0.0,0.0,0.0,0.0,,,"Heat Treated, Machined To 13.7 mm, Pseudocarburized, Reheated To 835C, 150C (300F) Temper","Heat Treated, Machined To 13.7 mm, Pseudocarburized, Reheated To 835C, 150C (300F) Temper",626,0,Carburized – quenched (oil) – wear-resistant surface steel,0
,,,1,Steel database with labelled clusters,,,AISI 6150 Steel,Ultimate tensile strength,670.0,MPa,Yield strength,415.0,MPa,Ductility,23.0,%,0.0,0.0,0.505,0.0,0.0,0.0,0.0,0.0,0.0,0.2249999999999999,0.035,0.04,0.0,0.0,0.0,0.15,0.95,0.8,97.295,0.0,0.0,0.0,0.0,0.0,0.0,0.0,0.0,0.0,0.0,0.0,0.0,0.0,0.0,0.0,0.0,0.0,,,"Annealed, 25 mm (1 In.) Round","Annealed, 25 mm (1 In.) Round",686,3,Normalized – easy-to-machine stock (cold drawn),3
,,,1,Steel database with labelled clusters,,,ASTM A209 T1 Alloy Steel,Ultimate tensile strength,380.0,MPa,Yield strength,205.0,MPa,Ductility,30.0,%,0.0,0.0,0.15,0.0,0.0,0.0,0.0,0.0,0.0,0.3,0.025,0.025,0.0,0.0,0.0,0.0,0.0,0.55,98.405,0.0,0.0,0.0,0.0,0.0,0.0,0.0,0.0,0.545,0.0,0.0,0.0,0.0,0.0,0.0,0.0,0.0,,,Chromium Molybdenum,Chromium Molybdenum,1541,2,Quenched (oil) – general-purpose steel (tested),2
,,,1,Steel database with labelled clusters,,,AISI 5140 Steel,Ultimate tensile strength,862.0,MPa,Yield strength,565.0,MPa,Ductility,20.0,%,0.0,0.0,0.405,0.0,0.0,0.0,0.0,0.0,0.0,0.2249999999999999,0.035,0.04,0.0,0.0,0.0,0.0,0.8,0.8,97.695,0.0,0.0,0.0,0.0,0.0,0.0,0.0,0.0,0.0,0.0,0.0,0.0,0.0,0.0,0.0,0.0,0.0,,,"Oil Quenched 845C (1550F), 540C (1000F) Temper, 100 mm (4 In.) Round","Oil Quenched 845C (1550F), 540C (1000F) Temper, 100 mm (4 In.) Round",570,6,Quenched (oil) & tempered – high-strength structural steel,6
,,,1,Steel database with labelled clusters,,,AISI 1144 Steel,Ultimate tensile strength,670.0,MPa,Yield strength,365.0,MPa,Ductility,15.0,%,0.0,0.0,0.44,0.0,0.0,0.0,0.0,0.0,0.0,0.0,0.04,0.285,0.0,0.0,0.0,0.0,0.0,1.5,97.735,0.0,0.0,0.0,0.0,0.0,0.0,0.0,0.0,0.0,0.0,0.0,0.0,0.0,0.0,0.0,0.0,0.0,,,"Hot Rolled, 19-32 mm (0.75-1.25 In) Round","Hot Rolled, 19-32 mm (0.75-1.25 In) Round",1883,3,Normalized – easy-to-machine stock (cold drawn),3
,,,1,Steel database with labelled clusters,,,AISI 4130 Steel,Ultimate tensile strength,731.0,MPa,Yield strength,460.0,MPa,Ductility,25.0,%,0.0,0.0,0.305,0.0,0.0,0.0,0.0,0.0,0.0,0.2249999999999999,0.035,0.04,0.0,0.0,0.0,0.0,0.95,0.5,97.745,0.0,0.0,0.0,0.0,0.0,0.0,0.0,0.0,0.2,0.0,0.0,0.0,0.0,0.0,0.0,0.0,0.0,,,"Normalized At 870C (1600F), Air Cooled, 13 mm (0.5 In.) Round","Normalized At 870C (1600F), Air Cooled, 13 mm (0.5 In.) Round",18,4,Normalized (air cooled) – general-purpose steel,4
,,,1,Steel database with labelled clusters,,,AISI 4118H Steel,Ultimate tensile strength,617.0,MPa,Yield strength,296.0,MPa,Ductility,28.0,%,0.0,0.0,0.2,0.0,0.0,0.0,0.0,0.0,0.0,0.2249999999999999,0.035,0.04,0.0,0.0,0.0,0.0,0.5,0.8,98.085,0.0,0.0,0.0,0.0,0.0,0.0,0.0,0.0,0.1149999999999999,0.0,0.0,0.0,0.0,0.0,0.0,0.0,0.0,,,"Mock Carburized At 925C (1700F) For 8 Hours, Reheated To 830C (1525F), Oil Quenched, 150C (300F) Temper, 230C (450F) Temper, 100 mm (4 In.) Round","Mock Carburized At 925C (1700F) For 8 Hours, Reheated To 830C (1525F), Oil Quenched, 150C (300F) Temper, 230C (450F) Temper, 100 mm (4 In.) Round",128,8,Carburized – quenched (oil) – wear-resistant surface steel (variant),8
,,,1,Steel database with labelled clusters,,,ASTM A542 Low Alloy Steel,Ultimate tensile strength,795.0,MPa,Yield strength,690.0,MPa,Ductility,13.0,%,0.0,0.0,0.13,0.0,0.0,0.0,0.0,0.0,0.0,0.5,0.02,0.02,0.0,0.0,0.0,0.02,2.25,0.4499999999999999,96.11,0.0,0.25,0.25,0.0,0.0,0.0,0.0,0.0,0.0,0.0,0.0,0.0,0.0,0.0,0.0,0.0,0.0,,,"Grade B, Class 2","Grade B, Class 2",1368,1,Hot rolled – general construction steel,1
,,,1,Steel database with labelled clusters,,,ASTM A131 Steel,Ultimate tensile strength,400.0,MPa,Yield strength,220.0,MPa,Ductility,21.0,%,0.0,0.0,0.21,0.0,0.0,0.0,0.0,0.0,0.0,0.2249999999999999,0.04,0.04,0.0,0.0,0.0,0.0,0.0,1.025,98.46,0.0,0.0,0.0,0.0,0.0,0.0,0.0,0.0,0.0,0.0,0.0,0.0,0.0,0.0,0.0,0.0,0.0,,,Grade D,Grade D,1296,1,Hot rolled – general construction steel,1
,,,1,Steel database with labelled clusters,,,AISI 1060 Steel,Ultimate tensile strength,986.0,MPa,Yield strength,617.0,MPa,Ductility,16.0,%,0.0,0.0,0.605,0.0,0.0,0.0,0.0,0.0,0.0,0.0,0.04,0.05,0.0,0.0,0.0,0.0,0.0,0.75,98.555,0.0,0.0,0.0,0.0,0.0,0.0,0.0,0.0,0.0,0.0,0.0,0.0,0.0,0.0,0.0,0.0,0.0,,,"Oil Quenched 845C (1550F), 480C (900F) Temper, 50 mm (2 In.) Round","Oil Quenched 845C (1550F), 480C (900F) Temper, 50 mm (2 In.) Round",1959,6,Quenched (oil) & tempered – high-strength structural steel,6
,,,1,Steel database with labelled clusters,,,AISI 8740H Steel,Ultimate tensile strength,1025.0,MPa,Yield strength,924.0,MPa,Ductility,18.0,%,0.0,0.0,0.405,0.0,0.0,0.0,0.0,0.0,0.0,0.2249999999999999,0.035,0.04,0.0,0.0,0.0,0.0,0.5,0.875,97.12,0.0,0.55,0.0,0.0,0.0,0.0,0.0,0.0,0.25,0.0,0.0,0.0,0.0,0.0,0.0,0.0,0.0,,,"Oil Quenched 830C (1525F), 595C (1100F) Temper, 25 mm (1 In.) Round","Oil Quenched 830C (1525F), 595C (1100F) Temper, 25 mm (1 In.) Round",928,6,Quenched (oil) & tempered – high-strength structural steel,6
,,,1,Steel database with labelled clusters,,,AISI E9310 Steel,Ultimate tensile strength,1158.0,MPa,Yield strength,948.0,MPa,Ductility,15.0,%,0.0,0.0,0.105,0.0,0.0,0.0,0.0,0.0,0.0,0.275,0.025,0.025,0.0,0.0,0.0,0.0,1.2,0.55,94.455,0.0,3.25,0.0,0.0,0.0,0.0,0.0,0.0,0.1149999999999999,0.0,0.0,0.0,0.0,0.0,0.0,0.0,0.0,,,"Single Quenched And Tempered At 230C (450F), 1.2 mm Case Depth","Single Quenched And Tempered At 230C (450F), 1.2 mm Case Depth",981,5,Carburized – quenched (oil) – wear-resistant surface steel (variant),5
,,,1,Steel database with labelled clusters,,,AISI 1141 Steel,Ultimate tensile strength,696.0,MPa,Yield strength,475.0,MPa,Ductility,24.0,%,0.0,0.0,0.41,0.0,0.0,0.0,0.0,0.0,0.0,0.0,0.04,0.105,0.0,0.0,0.0,0.0,0.0,1.5,97.945,0.0,0.0,0.0,0.0,0.0,0.0,0.0,0.0,0.0,0.0,0.0,0.0,0.0,0.0,0.0,0.0,0.0,,,"Oil Quenched From 815C, 595C (1100F) Temper, 50 mm (2 In.) Round","Oil Quenched From 815C, 595C (1100F) Temper, 50 mm (2 In.) Round",1955,6,Quenched (oil) & tempered – high-strength structural steel,6
,,,1,Steel database with labelled clusters,,,AISI 4027 Steel,Ultimate tensile strength,650.0,MPa,Yield strength,425.0,MPa,Ductility,25.0,%,0.0,0.0,0.275,0.0,0.0,0.0,0.0,0.0,0.0,0.25,0.035,0.04,0.0,0.0,0.0,0.0,0.0,0.8,98.35,0.0,0.0,0.0,0.0,0.0,0.0,0.0,0.0,0.25,0.0,0.0,0.0,0.0,0.0,0.0,0.0,0.0,,,"Normalized, 14 mm (0.55 In.) Round","Normalized, 14 mm (0.55 In.) Round",191,9,Normalized – general-purpose steel (round normalized stock),9
,,,1,Steel database with labelled clusters,,,Cast Stainless Steel CA6NM,Ultimate tensile strength,755.0,MPa,Yield strength,550.0,MPa,Ductility,15.0,%,0.0,0.0,0.06,0.0,0.0,0.0,0.0,0.0,0.0,1.0,0.04,0.03,0.0,0.0,0.0,0.0,12.75,1.0,84.42,0.0,0.0,0.0,0.0,0.0,0.0,0.0,0.0,0.7,0.0,0.0,0.0,0.0,0.0,0.0,0.0,0.0,,,Astm A743,Astm A743,1149,2,Quenched (oil) – general-purpose steel (tested),2
,,,1,Steel database with labelled clusters,,,AISI E9310H Steel,Ultimate tensile strength,862.0,MPa,Yield strength,565.0,MPa,Ductility,19.0,%,0.0,0.0,0.1,0.0,0.0,0.0,0.0,0.0,0.0,0.2249999999999999,0.0,0.05,0.0,0.0,0.0,0.0,1.225,0.55,94.485,0.0,3.25,0.0,0.0,0.0,0.0,0.0,0.0,0.1149999999999999,0.0,0.0,0.0,0.0,0.0,0.0,0.0,0.0,,,"Normalized At 890C (1635F), 100 mm (4 In.) Round","Normalized At 890C (1635F), 100 mm (4 In.) Round",993,4,Normalized (air cooled) – general-purpose steel,4
,,,1,Steel database with labelled clusters,,,AISI 1095 Steel,Ultimate tensile strength,896.0,MPa,Yield strength,455.0,MPa,Ductility,17.0,%,0.0,0.0,0.965,0.0,0.0,0.0,0.0,0.0,0.0,0.0,0.04,0.05,0.0,0.0,0.0,0.0,0.0,0.4,98.545,0.0,0.0,0.0,0.0,0.0,0.0,0.0,0.0,0.0,0.0,0.0,0.0,0.0,0.0,0.0,0.0,0.0,,,"Oil Quenched 800C (1470F), 595C (1100F) Temper, 100 mm (4 In.) Round","Oil Quenched 800C (1470F), 595C (1100F) Temper, 100 mm (4 In.) Round",1944,6,Quenched (oil) & tempered – high-strength structural steel,6
,,,1,Steel database with labelled clusters,,,AISI 1050 Steel,Ultimate tensile strength,845.0,MPa,Yield strength,516.0,MPa,Ductility,19.0,%,0.0,0.0,0.51,0.0,0.0,0.0,0.0,0.0,0.0,0.0,0.04,0.05,0.0,0.0,0.0,0.0,0.0,0.75,98.65,0.0,0.0,0.0,0.0,0.0,0.0,0.0,0.0,0.0,0.0,0.0,0.0,0.0,0.0,0.0,0.0,0.0,,,"Oil Quenched 845C (1550F), 540C (1000F) Temper, 50 mm (2 In.) Round","Oil Quenched 845C (1550F), 540C (1000F) Temper, 50 mm (2 In.) Round",1636,6,Quenched (oil) & tempered – high-strength structural steel,6
,,,1,Steel database with labelled clusters,,,AISI 51B60H Steel,Ultimate tensile strength,827.0,MPa,Yield strength,540.0,MPa,Ductility,22.0,%,0.0,0.00175,0.6000000000000001,0.0,0.0,0.0,0.0,0.0,0.0,0.2249999999999999,0.035,0.04,0.0,0.0,0.0,0.0,0.8,0.875,97.42325,0.0,0.0,0.0,0.0,0.0,0.0,0.0,0.0,0.0,0.0,0.0,0.0,0.0,0.0,0.0,0.0,0.0,,,"Oil Quenched From 830C (1525F), 650C (1200F) Temper, 100 mm (4 In.) Round","Oil Quenched From 830C (1525F), 650C (1200F) Temper, 100 mm (4 In.) Round",607,6,Quenched (oil) & tempered – high-strength structural steel,6
,,,1,Steel database with labelled clusters,,,AISI 4320 Steel,Ultimate tensile strength,1180.0,MPa,Yield strength,1015.0,MPa,Ductility,16.0,%,0.0,0.0,0.195,0.0,0.0,0.0,0.0,0.0,0.0,0.2249999999999999,0.035,0.04,0.0,0.0,0.0,0.0,0.5,0.55,96.38,0.0,1.825,0.0,0.0,0.0,0.0,0.0,0.0,0.25,0.0,0.0,0.0,0.0,0.0,0.0,0.0,0.0,,,"Normalized 925C (1700F) In 32 mm Rounds, Machined To 13.7 mm Rounds, Pseudocarburized 925C (1700F) For 8 Hrs., Box Cooled To Rt, Reheated To 830C (1525F), Oil Quenched, 150C (300F) Temper, Tested In 12.8 mm Rounds","Normalized 925C (1700F) In 32 mm Rounds, Machined To 13.7 mm Rounds, Pseudocarburized 925C (1700F) For 8 Hrs., Box Cooled To Rt, Reheated To 830C (1525F), Oil Quenched, 150C (300F) Temper, Tested In 12.8 mm Rounds",181,0,Carburized – quenched (oil) – wear-resistant surface steel,0
,,,1,Steel database with labelled clusters,,,AISI 4320H Steel,Ultimate tensile strength,1240.0,MPa,Yield strength,1020.0,MPa,Ductility,14.0,%,0.0,0.0,0.2,0.0,0.0,0.0,0.0,0.0,0.0,0.2249999999999999,0.035,0.04,0.0,0.0,0.0,0.0,0.5,0.55,96.425,0.0,1.775,0.0,0.0,0.0,0.0,0.0,0.0,0.25,0.0,0.0,0.0,0.0,0.0,0.0,0.0,0.0,,,"Normalized 925C (1700F) In 32 mm Rounds, Machined To 13.7 mm Rounds, Pseudocarburized At 925C (1700F) For 8 Hrs., Box Cooled To 20C, Oil Quenched, 150C (300F) Temper","Normalized 925C (1700F) In 32 mm Rounds, Machined To 13.7 mm Rounds, Pseudocarburized At 925C (1700F) For 8 Hrs., Box Cooled To 20C, Oil Quenched, 150C (300F) Temper",302,0,Carburized – quenched (oil) – wear-resistant surface steel,0
,,,1,Steel database with labelled clusters,,,AISI 4820H Steel,Ultimate tensile strength,896.0,MPa,Yield strength,635.0,MPa,Ductility,19.0,%,0.0,0.0,0.2,0.0,0.0,0.0,0.0,0.0,0.0,0.2249999999999999,0.035,0.04,0.0,0.0,0.0,0.0,0.0,0.6000000000000001,95.15,0.0,3.5,0.0,0.0,0.0,0.0,0.0,0.0,0.25,0.0,0.0,0.0,0.0,0.0,0.0,0.0,0.0,,,"Mock Carburized, Reheated To 800C (1470F), 230C (450F) Temper, 50 mm (2 In.) Round","Mock Carburized, Reheated To 800C (1470F), 230C (450F) Temper, 50 mm (2 In.) Round",497,8,Carburized – quenched (oil) – wear-resistant surface steel (variant),8
,,,1,Steel database with labelled clusters,,,AISI 1030 Steel,Ultimate tensile strength,540.0,MPa,Yield strength,345.0,MPa,Ductility,32.0,%,0.0,0.0,0.305,0.0,0.0,0.0,0.0,0.0,0.0,0.0,0.04,0.05,0.0,0.0,0.0,0.0,0.0,0.75,98.855,0.0,0.0,0.0,0.0,0.0,0.0,0.0,0.0,0.0,0.0,0.0,0.0,0.0,0.0,0.0,0.0,0.0,,,"Normalized At 925C (1700F), Air Cooled, 13 mm (0.5 In.) Round","Normalized At 925C (1700F), Air Cooled, 13 mm (0.5 In.) Round",1714,4,Normalized (air cooled) – general-purpose steel,4
,,,1,Steel database with labelled clusters,,,AISI 1050 Steel,Ultimate tensile strength,834.0,MPa,Yield strength,476.0,MPa,Ductility,19.0,%,0.0,0.0,0.51,0.0,0.0,0.0,0.0,0.0,0.0,0.0,0.04,0.05,0.0,0.0,0.0,0.0,0.0,0.75,98.65,0.0,0.0,0.0,0.0,0.0,0.0,0.0,0.0,0.0,0.0,0.0,0.0,0.0,0.0,0.0,0.0,0.0,,,"Oil Quenched 845C (1550F), 540C (1000F) Temper, 100 mm (4 In.) Round","Oil Quenched 845C (1550F), 540C (1000F) Temper, 100 mm (4 In.) Round",1687,6,Quenched (oil) & tempered – high-strength structural steel,6
,,,1,Steel database with labelled clusters,,,AISI 1050 Steel,Ultimate tensile strength,748.0,MPa,Yield strength,427.0,MPa,Ductility,20.0,%,0.0,0.0,0.51,0.0,0.0,0.0,0.0,0.0,0.0,0.0,0.04,0.05,0.0,0.0,0.0,0.0,0.0,0.75,98.65,0.0,0.0,0.0,0.0,0.0,0.0,0.0,0.0,0.0,0.0,0.0,0.0,0.0,0.0,0.0,0.0,0.0,,,"Normalized At 900C (1650F), Air Cooled, 25 mm (1 In.) Round","Normalized At 900C (1650F), Air Cooled, 25 mm (1 In.) Round",1641,4,Normalized (air cooled) – general-purpose steel,4
,,,1,Steel database with labelled clusters,,,AISI 1040 Steel,Ultimate tensile strength,569.0,MPa,Yield strength,376.0,MPa,Ductility,31.0,%,0.0,0.0,0.405,0.0,0.0,0.0,0.0,0.0,0.0,0.0,0.04,0.05,0.0,0.0,0.0,0.0,0.0,0.75,98.755,0.0,0.0,0.0,0.0,0.0,0.0,0.0,0.0,0.0,0.0,0.0,0.0,0.0,0.0,0.0,0.0,0.0,,,"Oil Quenched From 855C (1570F), 650C (1200F) Temper, 50 mm (2 In.) Round","Oil Quenched From 855C (1570F), 650C (1200F) Temper, 50 mm (2 In.) Round",1618,6,Quenched (oil) & tempered – high-strength structural steel,6
,,,1,Steel database with labelled clusters,,,AISI 5140H Steel,Ultimate tensile strength,827.0,MPa,Yield strength,525.0,MPa,Ductility,22.0,%,0.0,0.0,0.405,0.0,0.0,0.0,0.0,0.0,0.0,0.2249999999999999,0.035,0.04,0.0,0.0,0.0,0.0,0.8,0.8,97.695,0.0,0.0,0.0,0.0,0.0,0.0,0.0,0.0,0.0,0.0,0.0,0.0,0.0,0.0,0.0,0.0,0.0,,,"Normalized, 13 mm (0.5 In.) Round","Normalized, 13 mm (0.5 In.) Round",518,9,Normalized – general-purpose steel (round normalized stock),9
,,,1,Steel database with labelled clusters,,,AISI 1141 Steel,Ultimate tensile strength,772.0,MPa,Yield strength,655.0,MPa,Ductility,16.0,%,0.0,0.0,0.41,0.0,0.0,0.0,0.0,0.0,0.0,0.0,0.04,0.105,0.0,0.0,0.0,0.0,0.0,1.5,97.945,0.0,0.0,0.0,0.0,0.0,0.0,0.0,0.0,0.0,0.0,0.0,0.0,0.0,0.0,0.0,0.0,0.0,,,Cold Finished Round (19-38 mm),Cold Finished Round (19-38 mm),1988,3,Normalized – easy-to-machine stock (cold drawn),3
,,,1,Steel database with labelled clusters,,,AISI 1340H Steel,Ultimate tensile strength,731.0,MPa,Yield strength,552.0,MPa,Ductility,25.0,%,0.0,0.0,0.405,0.0,0.0,0.0,0.0,0.0,0.0,0.25,0.035,0.04,0.0,0.0,0.0,0.0,0.0,1.75,97.52,0.0,0.0,0.0,0.0,0.0,0.0,0.0,0.0,0.0,0.0,0.0,0.0,0.0,0.0,0.0,0.0,0.0,,,"Oil Quenched From 830C (1525F), 650C (1200F) Temper, 50 mm (2 In.) Round","Oil Quenched From 830C (1525F), 650C (1200F) Temper, 50 mm (2 In.) Round",1070,6,Quenched (oil) & tempered – high-strength structural steel,6
,,,1,Steel database with labelled clusters,,,AISI 4820 Steel,Ultimate tensile strength,1415.0,MPa,Yield strength,1170.0,MPa,Ductility,13.0,%,0.0,0.0,0.205,0.0,0.0,0.0,0.0,0.0,0.0,0.2249999999999999,0.035,0.04,0.0,0.0,0.0,0.0,0.0,0.6,95.145,0.0,3.5,0.0,0.0,0.0,0.0,0.0,0.0,0.25,0.0,0.0,0.0,0.0,0.0,0.0,0.0,0.0,,,"Mock Carburized, Reheated To 800C (1470F), 230C (450F) Temper, 13 mm (0.5 In.) Round","Mock Carburized, Reheated To 800C (1470F), 230C (450F) Temper, 13 mm (0.5 In.) Round",477,8,Carburized – quenched (oil) – wear-resistant surface steel (variant),8
,,,1,Steel database with labelled clusters,,,AISI 4027 Steel,Ultimate tensile strength,595.0,MPa,Yield strength,385.0,MPa,Ductility,27.0,%,0.0,0.0,0.275,0.0,0.0,0.0,0.0,0.0,0.0,0.25,0.035,0.04,0.0,0.0,0.0,0.0,0.0,0.8,98.35,0.0,0.0,0.0,0.0,0.0,0.0,0.0,0.0,0.25,0.0,0.0,0.0,0.0,0.0,0.0,0.0,0.0,,,"Normalized, 50 mm (2 In.) Round","Normalized, 50 mm (2 In.) Round",158,9,Normalized – general-purpose steel (round normalized stock),9
,,,1,Steel database with labelled clusters,,,ASTM A36 Steel,Ultimate tensile strength,400.0,MPa,Yield strength,250.0,MPa,Ductility,20.0,%,0.0,0.0,0.29,0.0,0.0,0.0,0.0,0.0,0.0,0.275,0.04,0.05,0.0,0.0,0.0,0.0,0.0,1.0,98.145,0.0,0.0,0.2,0.0,0.0,0.0,0.0,0.0,0.0,0.0,0.0,0.0,0.0,0.0,0.0,0.0,0.0,,,Flange,Flange,1257,2,Quenched (oil) – general-purpose steel (tested),2
,,,1,Steel database with labelled clusters,,,ASTM A514 Steel,Ultimate tensile strength,760.0,MPa,Yield strength,690.0,MPa,Ductility,18.0,%,0.0,0.003,0.16,0.0,0.0,0.0,0.0,0.0,0.0,0.275,0.04,0.04,0.0,0.0,0.0,0.0,0.0,0.575,98.332,0.0,0.0,0.0,0.0,0.0,0.0,0.0,0.0,0.575,0.0,0.0,0.0,0.0,0.0,0.0,0.0,0.0,,,"Grade J, Plate Thickness 19 - 64 mm","Grade J, Plate Thickness 19 - 64 mm",1207,11,plate – no special treatment – general-purpose steel,11
,,,1,Steel database with labelled clusters,,,AISI 4130 Steel,Ultimate tensile strength,786.0,MPa,Yield strength,635.0,MPa,Ductility,21.0,%,0.0,0.0,0.305,0.0,0.0,0.0,0.0,0.0,0.0,0.2249999999999999,0.035,0.04,0.0,0.0,0.0,0.0,0.95,0.5,97.745,0.0,0.0,0.0,0.0,0.0,0.0,0.0,0.0,0.2,0.0,0.0,0.0,0.0,0.0,0.0,0.0,0.0,,,"Water Quenched 855C (1570F), 595C (1100F) Temper, 50 mm (2 In.) Round","Water Quenched 855C (1570F), 595C (1100F) Temper, 50 mm (2 In.) Round",17,10,Quenched (water) & tempered – high-strength structural steel,10
,,,1,Steel database with labelled clusters,,,AISI 1025 Steel,Ultimate tensile strength,440.0,MPa,Yield strength,370.0,MPa,Ductility,15.0,%,0.0,0.0,0.25,0.0,0.0,0.0,0.0,0.0,0.0,0.0,0.04,0.05,0.0,0.0,0.0,0.0,0.0,0.4499999999999999,99.21,0.0,0.0,0.0,0.0,0.0,0.0,0.0,0.0,0.0,0.0,0.0,0.0,0.0,0.0,0.0,0.0,0.0,,,"Cold Drawn, 19-32 mm (0.75-1.25 In) Round","Cold Drawn, 19-32 mm (0.75-1.25 In) Round",1560,3,Normalized – easy-to-machine stock (cold drawn),3
,,,1,Steel database with labelled clusters,,,AISI E9310H Steel,Ultimate tensile strength,993.0,MPa,Yield strength,731.0,MPa,Ductility,17.0,%,0.0,0.0,0.1,0.0,0.0,0.0,0.0,0.0,0.0,0.2249999999999999,0.0,0.05,0.0,0.0,0.0,0.0,1.225,0.55,94.485,0.0,3.25,0.0,0.0,0.0,0.0,0.0,0.0,0.1149999999999999,0.0,0.0,0.0,0.0,0.0,0.0,0.0,0.0,,,"Mock Carburized, 790C (1450F) Reheat, 230C (450F) Temper, 50 mm (2 In.) Round","Mock Carburized, 790C (1450F) Reheat, 230C (450F) Temper, 50 mm (2 In.) Round",1073,8,Carburized – quenched (oil) – wear-resistant surface steel (variant),8
,,,1,Steel database with labelled clusters,,,AISI 1141 Steel,Ultimate tensile strength,690.0,MPa,Yield strength,620.0,MPa,Ductility,10.0,%,0.0,0.0,0.41,0.0,0.0,0.0,0.0,0.0,0.0,0.0,0.04,0.105,0.0,0.0,0.0,0.0,0.0,1.5,97.945,0.0,0.0,0.0,0.0,0.0,0.0,0.0,0.0,0.0,0.0,0.0,0.0,0.0,0.0,0.0,0.0,0.0,,,"As Cold Drawn, 22-32 mm (0.875-1.25 In) Round","As Cold Drawn, 22-32 mm (0.875-1.25 In) Round",1963,3,Normalized – easy-to-machine stock (cold drawn),3
,,,1,Steel database with labelled clusters,,,AISI 5150 Steel,Ultimate tensile strength,903.0,MPa,Yield strength,565.0,MPa,Ductility,21.0,%,0.0,0.0,0.505,0.0,0.0,0.0,0.0,0.0,0.0,0.2249999999999999,0.035,0.04,0.0,0.0,0.0,0.0,0.8,0.8,97.595,0.0,0.0,0.0,0.0,0.0,0.0,0.0,0.0,0.0,0.0,0.0,0.0,0.0,0.0,0.0,0.0,0.0,,,"Normalized, 13 mm (0.5 In.) Round","Normalized, 13 mm (0.5 In.) Round",547,9,Normalized – general-purpose steel (round normalized stock),9
,,,1,Steel database with labelled clusters,,,AISI 1022 Steel,Ultimate tensile strength,474.0,MPa,Yield strength,330.0,MPa,Ductility,34.0,%,0.0,0.0,0.2,0.0,0.0,0.0,0.0,0.0,0.0,0.0,0.04,0.05,0.0,0.0,0.0,0.0,0.0,0.85,98.86,0.0,0.0,0.0,0.0,0.0,0.0,0.0,0.0,0.0,0.0,0.0,0.0,0.0,0.0,0.0,0.0,0.0,,,"Normalized At 925C (1700F), Cooled In Air, 50 mm (2 In.) Round","Normalized At 925C (1700F), Cooled In Air, 50 mm (2 In.) Round",1564,4,Normalized (air cooled) – general-purpose steel,4
,,,1,Steel database with labelled clusters,,,AISI 51B60 Steel,Ultimate tensile strength,724.0,MPa,Yield strength,275.0,MPa,Ductility,17.0,%,0.0,0.00175,0.6000000000000001,0.0,0.0,0.0,0.0,0.0,0.0,0.2249999999999999,0.035,0.04,0.0,0.0,0.0,0.0,0.8,0.875,97.42325,0.0,0.0,0.0,0.0,0.0,0.0,0.0,0.0,0.0,0.0,0.0,0.0,0.0,0.0,0.0,0.0,0.0,,,Annealed 815C (1500F),Annealed 815C (1500F),659,7,Annealed – easy-to-machine – round annealed stock,7
,,,1,Steel database with labelled clusters,,,AISI 1040 Steel,Ultimate tensile strength,645.0,MPa,Yield strength,469.0,MPa,Ductility,27.0,%,0.0,0.0,0.405,0.0,0.0,0.0,0.0,0.0,0.0,0.0,0.04,0.05,0.0,0.0,0.0,0.0,0.0,0.75,98.755,0.0,0.0,0.0,0.0,0.0,0.0,0.0,0.0,0.0,0.0,0.0,0.0,0.0,0.0,0.0,0.0,0.0,,,"Water Quenched From 845C (1550F), 650C (1200F) Temper, 25 mm (1 In.) Round","Water Quenched From 845C (1550F), 650C (1200F) Temper, 25 mm (1 In.) Round",1606,10,Quenched (water) & tempered – high-strength structural steel,10
,,,1,Steel database with labelled clusters,,,AISI E9310H Steel,Ultimate tensile strength,1234.0,MPa,Yield strength,986.0,MPa,Ductility,15.0,%,0.0,0.0,0.1,0.0,0.0,0.0,0.0,0.0,0.0,0.2249999999999999,0.0,0.05,0.0,0.0,0.0,0.0,1.225,0.55,94.485,0.0,3.25,0.0,0.0,0.0,0.0,0.0,0.0,0.1149999999999999,0.0,0.0,0.0,0.0,0.0,0.0,0.0,0.0,,,"Mock Carburized, 790C (1450F) Reheat, 150C (300F) Temper, 13 mm (0.5 In.) Round","Mock Carburized, 790C (1450F) Reheat, 150C (300F) Temper, 13 mm (0.5 In.) Round",1020,8,Carburized – quenched (oil) – wear-resistant surface steel (variant),8
,,,1,Steel database with labelled clusters,,,AISI 1050 Steel,Ultimate tensile strength,620.0,MPa,Yield strength,550.0,MPa,Ductility,10.0,%,0.0,0.0,0.51,0.0,0.0,0.0,0.0,0.0,0.0,0.0,0.04,0.05,0.0,0.0,0.0,0.0,0.0,0.75,98.65,0.0,0.0,0.0,0.0,0.0,0.0,0.0,0.0,0.0,0.0,0.0,0.0,0.0,0.0,0.0,0.0,0.0,,,"As Cold Drawn Bar, 32-50 mm (1.25-2 In) Round","As Cold Drawn Bar, 32-50 mm (1.25-2 In) Round",1642,2,Quenched (oil) – general-purpose steel (tested),2
,,,1,Steel database with labelled clusters,,,AISI 1035 Steel,Ultimate tensile strength,550.0,MPa,Yield strength,460.0,MPa,Ductility,12.0,%,0.0,0.0,0.345,0.0,0.0,0.0,0.0,0.0,0.0,0.0,0.04,0.05,0.0,0.0,0.0,0.0,0.0,0.75,98.815,0.0,0.0,0.0,0.0,0.0,0.0,0.0,0.0,0.0,0.0,0.0,0.0,0.0,0.0,0.0,0.0,0.0,,,"Cold Drawn, 19-32 mm (0.75-1.25 In) Round","Cold Drawn, 19-32 mm (0.75-1.25 In) Round",1528,3,Normalized – easy-to-machine stock (cold drawn),3
